url_id,url,titulo,precio,metros,habitaciones,calle,latitud,longitud,fecha_publicacion,descripcion,ocupado,habitable,anunciante,baños,año_construccion,terraza,balcon,garaje,ascensor,reforma,jardin,piscina,aire_acondicionado,publicacion_mes,publicacion_dia_semana,antiguedad_dias,zona_Cala Sant Francesc - Santa Cristina,zona_Centre,zona_Els Pavos,zona_Els Pins,zona_La Plantera,zona_Mont Ferrant - Sant Joan,zona_Semicentre,zona_Urbanitzacions,tipo_casa,tipo_estudio,tipo_otro,tipo_piso,precio_m2,ratio_habitaciones_baños,n_extras,zona
99414546,https://www.idealista.com/inmueble/99414546/,Casa o chalet independiente en venta en calle del Gironès,950000,332,3,carrer del gironès,41.67232461226674,2.787271592976172,2025-04-01," Villa situada en una de las colinas de la localidad de Blanes, a 5 minutos del centro y de la playa. La vivienda ofrece un agradable jardín con piscina, garaje cerrado para un coche y vistas al mar.  La villa se construyó en los años 50, pero en el año 2022 se renovó íntegramente, con acabados modernos y de alta calidad, a la vez que se conservan detalles vintage de la época, como los suelos hidráulicos, los clásicos radiadores de hierro fundido, así como las barandillas, los lavamanos antiguos y algunas griferías.  Accedemos a la vivienda por una puerta corredera que da acceso al patio, a la entrada de la casa y del garaje, con espacio para un coche y una moto, si fuera necesario. Al entrar en la casa nos encontramos un luminoso recibidor en tonos tierra y dos dormitorios con baños privado. Cada uno de los dormitorios tiene acceso a la terraza y salida directa al jardín. Cada uno de los dormitorios dispone de su propio asistente de control de temperatura.  En la siguiente planta, encontramos una luminosa zona de estar con chimenea, compuesta por un salón-comedor con la cocina semiabierta y una amplia terraza con vistas a todo Blanes, incluyendo su puerto y el mar. La cocina italiana de la marca César viene equipada con electrodomésticos Smeg. En la misma planta, encontramos un cuarto de baño de invitados y un lavadero.  En la planta superior encontramos un dormitorio con su baño privado, con acceso privado a la terraza y vistas panorámicas. Este dormitorio dispone de chimenea, cuarto de baño y vestidor.  Toda la casa conserva los suelos hidráulicos que le dan un aire vintage e incluye elegantes radiadores de hierro fundido y cuarto de baño de diseño con azulejos hidráulicos.  El jardín de la vivienda cuenta con varios árboles antiguos que dan un toque chic y sombra en verano. La piscina, de generoso tamaño y forma alargada, conecta con en un espacio tipo zona chill-out.  Todo cuidado y pensado al más mínimo detalle para disfrutar de una magnifica ubicación, ya que se encuentra a tan solo 5 minutos a pie del centro y de la playa, a la vez de estar en un oasis de vegetación abundante y con mucha tranquilidad.  Como un detalle importante vivienda dispone de licencia de uso turistico.  No dude en contactarnos si desea más información y concertar una visita a esta vivienda única en el centro de Blanes. ",0,1,Lucas Fox Costa Brava,4,1958.0,1,0,1,0,0,1,1,1,4,1,16,0,1,0,0,0,0,0,0,1,0,0,0,2861.4457831325303,0.75,5,Centre
105695042,https://www.idealista.com/inmueble/105695042/,Casa de pueblo en venta en calle de Sant Jaume,399000,200,4,carrer de sant jaume,41.67504655905693,2.791264535468244,2025-02-14," ¡Descubre esta joya en el corazón de Blanes! Te presentamos una encantadora casa de pueblo construida en 1936, perfectamente conservada y lista para entrar a vivir. Esta vivienda de tres plantas ofrece un espacio amplio y acogedor para toda la familia. En la primera planta, encontrarás un luminoso salón, un comedor espacioso, una cocina completamente equipada y un cuarto de baño con plato de ducha. Además, podrás disfrutar de un precioso patio que se convierte en el lugar ideal para relajarte al aire libre. La segunda planta alberga dos dormitorios dobles. El primero cuenta con un vestidor y aseo propio, mientras que el segundo dispone de un baño en suite, proporcionando privacidad y comodidad a sus ocupantes. La última planta es un verdadero tesoro. Aquí se encuentra otro dormitorio doble, un práctico lavadero y una salida a un terrado espectacular, perfecto para disfrutar de las noches de verano. Equipada con calefacción de gas natural y una chimenea acogedora, esta casa garantiza confort durante todo el año. La orientación sur-este asegura una excelente iluminación natural en todas las estancias. Opcional plaza de parking en el centro. Con 4 dormitorios, 3 baños y un trastero, esta propiedad es una oportunidad única en el mercado. No pierdas la ocasión de vivir en una casa con historia y todas las comodidades modernas en el centro de Blanes. ¡Contacta con nosotros para más información y ven a visitarla! En cumplimiento de la ley 3/2917 de 13 de febrero de 2018 del CODIGO CIVIL DE CATALUÑA, por el que se aprueba el Reglamento de Información al Consumidor en la compraventa y arrendamiento de viviendas en CATALUÑA, se informa al cliente que los gastos notariales, registrales e impuestos que le sean de aplicación ( ITP ó IVA + AJD ) y otros gastos inherentes a la compraventa no están incluidos en el precio. ",0,1,Blanes.com,3,1936.0,1,0,0,0,0,0,0,0,2,4,62,0,1,0,0,0,0,0,0,1,0,0,0,1995.0,1.3333333333333333,1,Centre
101649801,https://www.idealista.com/inmueble/101649801/,Piso en venta en Illes Balears,185000,122,3,carrer illes balears,41.67895764668778,2.7842895791066704,2025-02-20," Blanes. com os presenta planta baja totalmente exterior con ascensor situada en el semi-centro de Blanes con fácil acceso a la población y a un paso de todo con de plaza de parking en la misma finca. Año de construcción 2004. Superficie construida 122 m2,100 m2 útiles repartidos en amplio salón, 3 dormitorios dobles uno de ellos con cuarto de baño completo con bañera en suite un segundo baño con plato de ducha, cocina independiente con salida a patio trasero. El inmueble necesita alguna actualización. En cumplimiento de la ley 3/2917 del 13 de febrero de 2018 del CODIGO CIVIL DE CATALUNYA, por el que se aprueba el Reglamento de Información al Consumidor en la compraventa y arrendamiento de viviendas en CATALUÑA, se informa al cliente que los gastos notariales, registrales e impuestos que le sean de aplicación ( ITP ó IVA + AJD ) y otros gastos inherentes a la compraventa no están incluidos en el precio. ",0,1,Blanes.com,2,2004.0,1,0,1,1,0,0,0,0,2,3,56,0,0,0,0,0,0,1,0,0,0,0,1,1516.3934426229507,1.5,3,Semicentre
106085382,https://www.idealista.com/inmueble/106085382/,Piso en venta en Or,138000,40,1,carrer or,41.67481897693837,2.7927762372218945,2024-10-24," ¡Descubre tu refugio perfecto en el corazón de Blanes! Este encantador apartamento de 40 m² construidos y 35 m² útiles te ofrece todo lo que necesitas para vivir junto al mar. Ubicado en el barrio más encantador de la ciudad, a solo una calle del mar, este piso es ideal tanto para inversores como para aquellos que buscan una segunda residencia. El apartamento cuenta con un dormitorio doble con salida a un acogedor balcón, perfecto para disfrutar de las vistas y la brisa marina. El salón, con cocina abierta, es un espacio luminoso y acogedor donde podrás relajarte y disfrutar de tus momentos de ocio. El cuarto de baño, equipado con plato de ducha, completa las comodidades de este hogar. La calefacción eléctrica garantiza tu confort durante todo el año, y su orientación sur-este asegura una excelente iluminación natural. Además, el edificio solo tiene cuatro vecinos, lo que te ofrece una mayor tranquilidad y privacidad. No podemos olvidar el terrado comunitario, un espacio ideal para disfrutar de las noches de verano con amigos o familiares. Construido en 1982 y en buen estado de conservación, este apartamento se encuentra en la primera planta de un edificio sin ascensor. Con una clase energética E, su consumo de energía es de 166,00 kwh/m² al año y sus emisiones de CO2 son de 32,00 kgCO/m² al año. No pierdas la oportunidad de vivir en el centro de Blanes, a pocos pasos del mar y rodeado de todos los servicios que necesitas. ¡Ven a visitarlo y enamórate de tu nuevo hogar! En cumplimiento de la ley 3/2917 del 13 de febrero de 2018 del CODIGO CIVIL DE CATALUNYA, por el que se aprueba el Reglamento de Información al Consumidor en la compraventa y arrendamiento de viviendas en CATALUÑA, se informa al cliente que los gastos notariales, registrales e impuestos que le sean de aplicación ( ITP ó IVA + AJD ) y otros gastos inherentes a la compraventa no están incluidos en el precio. ",0,1,Blanes.com,1,1982.0,0,1,0,0,0,0,0,0,10,3,175,0,1,0,0,0,0,0,0,0,0,0,1,3450.0,1.0,1,Centre
104743329,https://www.idealista.com/inmueble/104743329/,Chalet adosado en venta en calle de Fornaca,525000,160,4,carrer de fornaca,41.67431475768337,2.791160149081581,2025-02-21," CASA EN PLENO CENTRO DE BLANES Y A UN PASO DE LA PLAYA – Se compone de local con altillo, Oficina con posibilidad de vivienda y ático dúplex con solárium. Toda la casa es una sola unidad registral. Planta baja con local comercial + altillo Planta primera, hoy en día distribuida con una habitación, salón, cocina y baño, En planta segunda, recibidor, tres habitaciones, baño, escalera interior que comunica con la tercera planta que se compone de, recibidor, aseo, cocina de 15m2 aprox y salón de unos 30m2 aprox con chimenea y escalera interior que comunica con la terraza solárium y que consta de zona de barbacoa, terraza de 60m2 aprox, espacio trastero. Sus calidades son: carpintería interior de madera, carpintería exterior de aluminio, suelo de gres, escalera de mármol. Aire acondicionado, calefacción de gas, fuego a tierra. Una finca ideal donde usted y su familia podrán vivir de maravilla en el centro de Blanes, al lado de la playa, y con todos los servicios. Ideal para familias que quieran convivir juntas. “QUE NO TE CONFUNDAN, IMMOBLANES SÓLO HAY UNA” DOS PUNTOS DE SERVICIO A TU DISPOSICION EN BLANES. NOS ENCONTRARAS EN CARRER ROIG I JALPI N. º 12 (AL LADO DE PLAZA ESPANYA) Y EN CALLE CRISTOFOR COLOM N. º 2 (ELS PINS) ” IMMOBLANES, NADA QUE VER CON TODO LO DEMÁS”. En cumplimiento de la ley 3/2917 del 13 de febrero de 2018 del CODIGO CIVIL DE CATALUNYA, por el que se aprueba el Reglamento de Información al Consumidor en la compraventa o alquiler de viviendas en CATALUÑA, se informa al cliente que los gastos notariales, registrales e impuestos que le sean de aplicación (ITP o IVA + AJD) y otros gastos inherentes a la compraventa no están incluidos en el precio. ",0,1,immoblanes,3,1973.0,1,0,0,0,0,0,0,1,2,4,55,0,1,0,0,0,0,0,0,1,0,0,0,3281.25,1.3333333333333333,2,Centre
107462066,https://www.idealista.com/inmueble/107462066/,Piso en venta en calle Eivissa,145000,61,1,carrer eivissa,41.6667513735627,2.781301659868566,2025-04-12," EXCLUSIVA IMMOBLANES Todo listo para tu nueva vida: un hogar totalmente amueblado y equipado, solo falta que digas ‘sí’. Excelente apartamento situado en Els Pins, en un complejo de alto standing. Disfruta de una magnífica zona comunitaria donde podrá disfrutar con sus amigos y seres queridos de pista de fútbol y baloncesto, cancha de tenis, gran piscina para adultos e infantil, zonas verdes y petanca. DESTACAMOS: Su completa zona comunitaria, la proximidad a la playa, suelos porcelánicos, ventanas de aluminio. DISFRUTARÁS DE: Salón comedor, cocina americana, un dormitorio doble y baño completo con ducha. Carpintería exterior de aluminio. BUENA OPORTUNIDAD DE INVERSIÓN EN LOS TIEMPOS ACTUALES.  En cumplimiento de la ley 3/2917 del 13 de febrero de 2018 del CÓDIGO CIVIL DE CATALUNYA, por el que se aprueba el Reglamento de Información al Consumidor en la compraventa o alquiler de viviendas en CATALUÑA, se informa al cliente que los gastos notariales, registrales e impuestos que le sean de aplicación (ITP o IVA + AJD) y otros gastos inherentes a la compraventa o alquiler no están incluidos en el precio. “QUE NO TE CONFUNDAN, IMMOBLANES SÓLO HAY UNA” NOS ENCONTRARÁ EN CARRER ROIG I JALPI Nº 12 (AL LADO DE PLAZA ESPANYA). ” IMMOBLANES, NADA QUE VER CON TODO LO DEMÁS”. ",0,1,immoblanes,1,1990.0,0,0,0,1,0,0,1,0,4,5,5,0,0,0,1,0,0,0,0,0,0,0,1,2377.0491803278687,1.0,2,Els Pins
107823126,https://www.idealista.com/inmueble/107823126/,Piso en venta en Els Pavos,365000,173,5,"carrer provença,4",41.67561905639978,2.781819036155578,2025-04-14," Descubre este exclusivo y luminoso dúplex en Blanes, reformado con exquisito gusto y listo para entrar a vivir. Con una superficie de unos 158 m² y una terraza privada de aproximadamente 22 m², esta propiedad combina amplitud, confort y una ubicación privilegiada a tan solo 500 metros de la playa. La planta principal cuenta con un salón-comedor con acceso a un amplio balcón, ideal para disfrutar del aire libre. La cocina es independiente, totalmente equipada y con acabados de alta calidad, con salida directa al amplio balcón. En esta planta contamos con 4 dormitorios, uno de ellos con baño en suite y todos exteriores y con vistas despejadas al castillo de Sant Joan. Además, también cuenta con otro baño completo. En la planta superior, un espacio polivalente se adapta a tus necesidades, ya sea como despacho, sala de juegos, dormitorio o zona de ocio. Desde aquí se accede a una espectacular terraza con barbacoa, el lugar perfecto para reuniones familiares y momentos inolvidables. Los detalles de esta vivienda marcan la diferencia: suelo de alta resistencia, carpintería interior de madera de haya y exterior de aluminio. Además, cuenta con ascensor, calefacción, alarma, videoportero, conexión de fibra óptica y armarios empotrados. Opción a compra de garaje cerrado por 25.000 €. Situado en una zona tranquila y bien conectada, este dúplex cuenta con todos los servicios esenciales a pocos minutos, como colegios, supermercados, centros médicos, farmacias, hospitales, parques infantiles y transporte público (tren y autobuses).  Blanes, la puerta de entrada a la Costa Brava, es un lugar ideal para quienes buscan calidad de vida junto al mar. Sus playas de aguas cristalinas, su encanto mediterráneo y su amplia oferta gastronómica y cultural hacen de esta localidad un destino privilegiado. Con un clima cálido todo el año y un ambiente acogedor, Blanes ofrece el equilibrio perfecto entre tranquilidad y comodidad, convirtiéndose en el lugar ideal para establecer tu hogar. No dejes escapar esta oportunidad. ¡Ven a visitarlo y descubre todo lo que este dúplex tiene para ofrecerte! [IW]. ",0,1,Sale and Rental Spain,2,2003.0,1,0,0,1,0,0,0,0,4,0,3,0,0,1,0,0,0,0,0,0,0,0,1,2109.826589595376,2.5,2,Els Pavos
106571650,https://www.idealista.com/inmueble/106571650/,Piso en venta en Semicentre,169000,75,2,"carrer anselm clavé,62",41.677296,2.7873864,2025-03-12," Descubre este precioso piso de unos 75 m2, totalmente reformado, diseñado para aprovechar cada rincón y brindarte confort y funcionalidad. Ubicado en una finca con ascensor, este hogar combina comodidad y estilo con excelentes acabados en cada detalle. Al entrar, te recibe un elegante recibidor con un práctico trastero oculto. La zona de día cuenta con un luminoso comedor-cocina que conecta directamente con un balcón ideal para disfrutar del aire fresco. El piso dispone de dos amplias habitaciones dobles, ambas con armarios empotrados. Una de ellas destaca con dos armarios adicionales, un altillo para almacenamiento extra y acceso directo un patio que se utiliza como lavadero. Además cuenta con un bonito baño completo, moderno y con ducha.  Cabe destacar que tiene opcion a adquirir un parking cerrado cerca. Situado en Blanes, este piso te ofrece la tranquilidad de una zona residencial con todos los servicios a tu alcance: supermercados, escuelas y transporte público. Además, estarás a pocos minutos de la playa y el paseo marítimo, donde podrás disfrutar de la belleza y el encanto de la Costa Brava. ¡Todo lo que necesitas en un hogar moderno, funcional y en una ubicación privilegiada! ¡No dejes escapar esta oportunidad única! ¿A qué esperas para visitarlo? [IW]. ",0,1,Sale and Rental Spain,1,1975.0,1,0,0,1,0,0,0,0,3,2,36,0,0,0,0,0,0,1,0,0,0,0,1,2253.3333333333335,2.0,2,Semicentre
107032746,https://www.idealista.com/inmueble/107032746/,Piso en venta en calle de Mont-Ferrant,239000,120,3,carrer de mont-ferrant,41.67844965529102,2.793850188246986,2025-03-15," En el municipio de Blanes, se encuentra este encantador piso en venta. Situado en la zona de Mont-Ferrant-Sant Joan, el inmueble cuenta con una superficie total de 120 m² y 3 habitaciones, una de ellas en suite. Con una orientación sur, el piso se encuentra en buen estado de conservación y dispone de balcón y terraza, ideales para disfrutar del soleado clima mediterráneo. Además, cuenta con ascensor, jardín comunitario y se aceptan mascotas. El entorno ofrece el privilegio de contar con el emblemático Castillo de Sant Joan y extensas zonas verdes para los amantes de la naturaleza. ¡No pierdas la oportunidad de vivir en este maravilloso lugar! Nuestro mayor valor es la confianza que depositan nuestros clientes en nosotros y nuestra mayor misión: su satisfacción. En cumplimiento de la ley 32917 del 13 de febrero de 2018 del CODIGO CIVIL DE CATALUNYA, por el que se aprueba el Reglamento de Información al Consumidor en la compraventa y arrendamiento de viviendas en CATALUÑA, se informa al cliente que los gastos notariales, registrales e impuestos que le sean de aplicación ( ITP ó IVA AJD ) y otros gastos inherentes a la compraventa no están incluidos en el precio. ",0,1,Blanes House,2,1983.0,1,0,0,1,0,0,0,0,3,5,33,0,0,0,0,0,1,0,0,0,0,0,1,1991.6666666666667,1.5,2,Mont Ferrant - Sant Joan
106084587,https://www.idealista.com/inmueble/106084587/,Piso en venta en calle Josep Carner,90000,80,3,carrer josep carner,41.66837048986316,2.7776464965773737,2025-04-09," *Este activo no cuenta con Cédula de Habitabilidad ¡Oportunidad de inversión en Blanes! ¡SOMOS PROPIETARIOS! Disfruta de todas las ventajas de comprar directamente a la propiedad. Clikalia presenta este piso ubicado en Blanes, Girona. La vivienda está ubicada en la planta 1 exterior sin ascensor. Dispone de una superficie total de 80 m², distribuidos en salón y comedor, cocina independiente, 3 dormitorios y 1 baños. Además, cuenta con terraza y armarios empotrados. Situado en la Calle Josep Carner, cuenta con una ubicación que te permitirá cerca de supermercados, tiendas, restaurantes y paradas de autobús. Agenda tu visita presencial, te acompañamos en todo el proceso. Llámanos de lunes a viernes de 9.00h a 20.00h. ",0,1,Clikalia España,1,1978.0,1,0,0,0,1,0,0,0,4,2,8,0,0,0,0,1,0,0,0,0,0,0,1,1125.0,3.0,1,La Plantera
106994292,https://www.idealista.com/inmueble/106994292/,Casa o chalet independiente en venta en calle de la Fragata,1950000,504,4,carrer de la fragata,41.68114793880486,2.801691626161786,2025-03-31," Lucas Fox presenta esta exclusiva villa ubicada en Cala Sant Francesc, una de las urbanizaciones más prestigiosas y lujosas de la Costa Brava. Este enclave privilegiado cuenta con una playa a poca distancia a pie y está cerca del puerto deportivo y del pueblo de Blanes, con todos los servicios esenciales a menos de cinco minutos en coche. La urbanización ofrece vigilancia privada, para mayor tranquilidad y seguridad.  La propiedad, construida en 2013, está en perfecto estado y destaca por su estilo minimalista con toques orientales. Cuenta con una parcela de más de 835 m² y una distribución en plantas descendentes y ofrece impresionantes vistas.  En la planta se entrada, se encuentra un amplio garaje con capacidad para dos coches y espacio adicional para motos u otros usos. En la planta intermedia, destinada a la zona de noche, se sitúa el dormitorio principal con vestidor y baño completo con bañera y ducha, que disfruta de vistas panorámicas y acceso a una terraza privada que conecta con el jardín. En esta planta, hay además tres dormitorios, dos de ellos dobles y uno individual, con acceso a una terraza compartida, así como un baño completo y una lavandería. Existe la posibilidad de convertir uno de los dormitorios en otra suite.  En la planta inferior, destinada a la zona de día, se encuentra una amplia sala de estar con vistas y acceso directo a la piscina. En este mismo nivel, la cocina abierta al comedor cuenta con chimenea, despensa y un baño de cortesía. Desde esta planta se accede al comedor de verano, al jardín y a la piscina.  Esta villa combina diseño, funcionalidad y una ubicación excepcional. Sus amplios ventanales permiten la entrada de luz natural y la distribución puede modificarse fácilmente, si se desea. Está situada en una calle sin salida que ofrece privacidad, sin renunciar a las vistas al entorno. Es una propiedad ideal para quienes buscan lujo y exclusividad en la Costa Brava. ",0,1,Lucas Fox Costa Brava,4,2013.0,1,0,1,0,0,1,1,1,3,0,17,1,0,0,0,0,0,0,0,1,0,0,0,3869.0476190476193,1.0,5,Cala Sant Francesc - Santa Cristina
106894158,https://www.idealista.com/inmueble/106894158/,"Casa o chalet independiente en venta en calle de la Fragata, 4",1950000,507,5,"carrer de la fragata, 4",41.68114793880486,2.801691626161786,2025-01-23," BARNES presenta esta Villa construida en 2013 de estilo contemporánea con vistas completamente despejadas al mar sobre una parcela de casi 850 m2 y orientación sureste lo que le proporciona una gran luminosidad natural en todas sus estancias. La vivienda de 507 m2 construidos se divide en varias plantas todas ellas conectadas por escaleras y ascensor. En la planta a nivel de jardín y de la piscina nos encontramos un gran comedor con cocina abierta donde una chimenea de diseño vanguardista le da un valor añadido de calidez a esas reuniones familiares o con amigos. En esta misma planta y también con salida a la terraza disfrutaremos de un salón - sala de cine o musica para esos momentos de relajación y con vistas al mar. En la planta superior encontraremos la zona de noche de la casa con 5 habitaciones de las cuales tenemos que destacar la impresiónante master suite de mas de 70 m2 con su cuarto de baño y vestidor digno de las mejores estancias en cualquier hotel 5* GL. El resto de habitaciones no se quedan atrás en cuanto a comodidad y todas ellas también con salida a terraza desde donde podremos deleitarnos de las despejadas vistas al mar. La Vivienda dispone de calefacción por suelo radiante, aire frio / calor por conductos, sistemáticos de riego exterior y parking interior para varios coches. Una vivienda ideal para quien busque una primera o segunda residencia en un entorno natural precioso y muy tranquilo, pero muy cerca del mar y de los principales servicios de la zona. Contáctanos para más información o encuéntranos en. ",0,1,BARNES Costa Brava,4,2013.0,0,0,1,0,0,1,1,1,1,3,84,1,0,0,0,0,0,0,0,1,0,0,0,3846.153846153846,1.25,4,Cala Sant Francesc - Santa Cristina
104237394,https://www.idealista.com/inmueble/104237394/,"Casa o chalet independiente en venta en calle de la Fragata, 31",1850000,334,6,"carrer de la fragata, 31",41.68114793880486,2.801691626161786,2025-03-11," Esta villa, con acabados de alta calidad y vistas al mar, se encuentra en un sitio privilegiado a tan sólo 350 m de la Cala Sant Francesc. La propiedad fue totalmente reformada en 2016 y es como una casa nueva.  La Cala Sant Francesc es una de las zonas más exclusivas de la Costa Brava. La comunidad cuenta con piscina, pista de tenis y vigilancia de 24 h.  La villa está distribuida en tres plantas y ofrece un amplio salón-comedor con cocina abierta y salida a la terraza y piscina, cinco dormitorios (tres de ellos son tipo suite), una pequeña habitación que puede ser oficina, cuatro baños, trastero y lavadero.  La zona de piscina con sauna exterior cuenta con una terraza grande desde donde se puede acceder fácilmente a la cocina exterior.  El garaje ofrece espacio para dos coches.  Extras: bonito suelo de parqué, calefacción de gas, aire acondicionado (frio/calor), alarma, sauna exterior. La bienvenida a la Costa Brava está a cargo de la reconocida Blanes, una bella población costera a pocos kilómetros de Barcelona. Aquí encontrará un agradable lugar donde vivir y pasear. Descubrirá el pasado marinero de Blanes, sus mansiones modernistas y no olvide visitar sus encantadores jardines. En Barcelona & Costa Brava Sotheby’s International Realty disponemos de las villas más extraordinarias de la zona, situadas sobre los majestuosos acantilados abiertos mar y colmadas de sol y naturaleza. ",0,1,Barcelona & Costa Brava Sotheby’s Int. Realty,4,1982.0,0,0,1,0,0,0,1,1,3,1,37,1,0,0,0,0,0,0,0,1,0,0,0,5538.922155688623,1.5,3,Cala Sant Francesc - Santa Cristina
107935314,https://www.idealista.com/inmueble/107935314/,Piso en venta en La Plantera,229000,151,3,carrer béjar,41.66839367930616,2.775473038042611,2025-04-16," En los inicios de La Plantera, muy cercano al Mercadona se encuentra este magnífico piso en venta de 106 m² en total. Tiene un comedor amplio con mucha iluminación y una chimenea para pasar tus momentos de relax con salida al balcón, sin olvidad una gran cocina independiente  Sus 3 habitaciones dobles y 2 baños hacen que sea un gran piso a tener en cuenta.  El piso se ubica en la 2ª planta de un edificio con ascensor y cuenta con balcón, calefacción a gas.  Se encuentra en buen estado de conservación y además ofrece la posibilidad de adquirir plaza de parking.  Con orientación sur, el piso es soleado y cuenta con suelos de gres y ventanas de vidrio doble para mayor eficiencia energética.  No pierdas la oportunidad de visitar este acogedor hogar en Blanes. ¡NO DUDE EN LLAMARNOS! CONROMA es una empresa innovadora con un ambiente familiar muy competitivo, que cuenta con más 20 años de experiencia en el sector inmobiliario. Nuestro equipo de agentes proporciona un asesoramiento profesional y personalizado a fin de obtener los mejores resultados. Con una inversión permanente en tecnología, nos colocamos entre las inmobiliarias más eficientes de la zona, ya que nos volcamos en todos los pasos del proceso de comercialización, control y conocimiento del perfil de nuestros clientes, ofreciendo eficacia, flexibilidad y creatividad. En cumplimiento de la ley 3/2917 del 13 de febrero de 2018 del Código civil de Cataluña, por el que se aprueba el Reglamento de Información al Consumidor en la compraventa y arrendamiento de viviendas en Cataluña, informa al cliente que los gastos notariales, registrales e impuestos que le sean de aplicación (ITP o IVA +AJD) y otros gastos inherentes a la compraventa no están incluidos en el precio. ",0,1,Conroma La Selva Blanes,2,1985.5,0,1,0,1,0,0,0,0,4,2,1,0,0,0,0,1,0,0,0,0,0,0,1,1516.5562913907286,1.5,2,La Plantera
107667901,https://www.idealista.com/inmueble/107667901/,Piso en venta en calle de la Vila de Lloret,195000,90,3,carrer de la vila de lloret,41.687784706461976,2.7992219190166083,2025-04-07," ¡Descubre tu nuevo hogar en Blanes! Este amplio piso, situado en un semi centro, te ofrece la comodidad de estar a dos pasos del corazón de la ciudad y cerca de todos los servicios. Con 90 m² construidos y 80 m² útiles, esta vivienda destaca por su diseño exterior y su gran luminosidad. Dispone de tres dormitorios, todos con salida a un balcón donde podrás disfrutar de las vistas y el aire fresco. Además, cuenta con dos baños completos para mayor comodidad. La cocina independiente, equipada con lavadero, es perfecta para los amantes de la gastronomía. El amplio salón comedor, con acceso a una terraza, te invita a relajarte y disfrutar de momentos inolvidables. La finca dispone de ascensor y calefacción de gas natural para asegurar tu confort durante todo el año. Construido en 1991, este piso de segunda mano se encuentra en buen estado, listo para convertirse en tu hogar ideal. Aprovecha esta oportunidad única y vive en un lugar donde la orientación sur-este garantiza luz natural durante todo el día. ¡No dejes escapar esta joya inmobiliaria! En cumplimiento de la ley 3/2917 del 13 de febrero de 2018 del CODIGO CIVIL DE CATALUNYA, por el que se aprueba el Reglamento de Información al Consumidor en la compraventa y arrendamiento de viviendas en CATALUÑA, se informa al cliente que los gastos notariales, registrales e impuestos que le sean de aplicación ( ITP ó IVA + AJD ) y otros gastos inherentes a la compraventa no están incluidos en el precio. ",0,1,Blanes.com,2,1991.0,1,0,0,1,0,0,0,0,4,0,10,0,0,0,0,0,1,0,0,0,0,0,1,2166.6666666666665,1.5,2,Mont Ferrant - Sant Joan
107740256,https://www.idealista.com/inmueble/107740256/,Piso en venta en calle de la Germandat,148000,63,2,carrer de la germandat,41.67750453736317,2.7856813920816585,2025-03-30," Precioso piso de 2 habitaciones muy luminoso, en zona inmejorable ubicación a 5 minutos caminando del centro y de la playa. Sol y luz natural todo el día por su orientación. Zona con todos los servicios. rodeado de Zonas verdes. 2 dormitorios y baño completo reformado con plato de ducha. Salon amplio y luminoso con salida a terraza. Vivienda lista para entrar a vivir  El piso dispone de calefaccion de gas natural en toda la vivienda y aire acondicionado Sol y luz natural todo el dia por su orientación. El piso dispone de Ventanas de aluminio. Cocina independiente. Pocos vecinos, minima cuota de comunidad 12 € En cumplimiento de la ley 3/2917 del 13 de febrero de 2018 del CODIGO CIVIL DE CATALUNYA, por el que se aprueba el Reglamento de Información al Consumidor en la compraventa y arrendamiento de viviendas en CATALUÑA, se informa al cliente que los gastos notariales, registrales e impuestos que le sean de aplicación ( ITP ó IVA + AJD ) y otros gastos inherentes a la compraventa no están incluidos en el precio. ",0,1,Blanes.com,1,1985.5,0,1,0,0,0,0,0,0,3,6,18,0,0,0,0,0,0,1,0,0,0,0,1,2349.2063492063494,2.0,1,Semicentre
103322344,https://www.idealista.com/inmueble/103322344/,Piso en venta en calle de Santa Maria,125000,43,1,carrer de santa maria,41.679137978893806,2.784382143151209,2025-04-08," BONITO PISO REFORMADO A ESTRENAR EN CALLE ANSELM CLAVE. Piso de 1 habitacion en zona semicentro (anselm clave).  comedor con cocina americana. 1 habitacion doble, lavado completo.  Ascensor  piso REFORMADO con muebles y electrodomestico para entrar a vivir dispone de bomba de calor y aire acondicionado Compra y venda con transparencia y seguridad. En cumplimiento de la ley 3/2917 del 13 de febrero de 2018 del CODIGO CIVIL DE CATALUNYA, por el que se aprueba el Reglamento de Información al Consumidor en la compraventa y arrendamiento de viviendas en CATALUÑA, se informa al cliente que los gastos notariales, registrales e impuestos que le sean de aplicación ( ITP ó IVA + AJD ) y otros gastos inherentes a la compraventa no están incluidos en el precio. ",0,1,Blanes.com,1,1985.5,0,1,0,1,0,0,0,1,4,1,9,0,0,0,0,0,0,1,0,0,0,0,1,2906.9767441860463,1.0,3,Semicentre
106525197,https://www.idealista.com/inmueble/106525197/,Chalet adosado en venta en calle del Pare Claret,399000,101,4,carrer del pare claret,41.66569406395908,2.784150772405055,2024-12-18," ¡Descubre el potencial de esta joya a pocos pasos del mar! Este chalet adosado es una oportunidad única para reformar y personalizar a tu gusto. Con 101 m² construidos y 100 m² útiles, la vivienda se distribuye en una sola planta con cuatro dormitorios y dos baños, ideal para familias que buscan comodidad y espacio. Al entrar, te recibe un amplio jardín que no solo embellece la entrada, sino que también ofrece espacio suficiente para aparcar el coche. El patio trasero es perfecto para disfrutar de barbacoas al aire libre, mientras que las escaleras te llevan a un soleado terrado, ideal para relajarte bajo el sol. Además, cuenta con un apartamento adicional que necesita reforma, compuesto por sala, cocina y baño, lo que te ofrece múltiples posibilidades de uso.  Construida en 1961, esta propiedad de segunda mano está orientada al sur y este, garantizando luz natural durante todo el día. Con una parcela de 193 m² y una plaza de garaje, este chalet es una verdadera oportunidad para quienes buscan un proyecto personalizable cerca del mar. No pierdas la oportunidad de convertir esta casa en el hogar de tus sueños. ¡Visítala y déjate inspirar! En cumplimiento de la ley 3/2917 de 13 de febrero de 2018 del CODIGO CIVIL DE CATALUÑA, por el que se aprueba el Reglamento de Información al Consumidor en la compraventa y arrendamiento de viviendas en CATALUÑA, se informa al cliente que los gastos notariales, registrales e impuestos que le sean de aplicación ( ITP ó IVA + AJD ) y otros gastos inherentes a la compraventa no están incluidos en el precio. ",0,1,Blanes.com,2,1961.0,1,0,1,0,1,1,0,0,12,2,120,0,0,0,1,0,0,0,0,1,0,0,0,3950.4950495049507,2.0,3,Els Pins
107195508,https://www.idealista.com/inmueble/107195508/,Chalet adosado en venta en calle de Provença,340000,128,4,carrer de provença,41.67561905639978,2.781819036155578,2025-02-03," ¡Descubre tu nuevo hogar en Los Pavos!  Esta encantadora casa adosada ofrece el equilibrio perfecto entre comodidad y funcionalidad. Con 128 m² construidos y 95 m² útiles, esta vivienda de dos plantas se adapta a todas tus necesidades. En la planta de entrada, encontrarás un espacioso salón comedor con salida a una acogedora terraza, una cocina independiente, un aseo y un dormitorio que puede funcionar como despacho. Además, el acceso directo al garaje para dos coches facilita tu día a día. Subiendo a la primera planta, te esperan tres dormitorios, incluyendo dos dobles y uno individuales, junto con un baño completo con ducha. Las ventanas de aluminio con doble cristal y persianas eléctricas aseguran un ambiente tranquilo y eficiente energéticamente. La calefacción de gas natural y las bombas de aire frío/calor en el salón, el dormitorio principal y el pasillo garantizan confort en todas las estaciones. La carpintería interior de madera añade un toque cálido y acogedor a cada estancia. Además, la ubicación es inmejorable, con colegios y supermercados a poca distancia. Construida en 1986 y en buen estado, esta casa es una oportunidad única para quienes buscan un hogar familiar en una zona tranquila pero bien comunicada. Además dispone de un espacio comunitario, para recreación o uso privado de los vecinos. Gastos de comunidad. ¡No dejes pasar esta oportunidad y ven a visitarla! En cumplimiento de la ley 3/2917 del 13 de febrero de 2018 del CODIGO CIVIL DE CATALUNYA, por el que se aprueba el Reglamento de Información al Consumidor en la compraventa y arrendamiento de viviendas en CATALUÑA, se informa al cliente que los gastos notariales, registrales e impuestos que le sean de aplicación ( ITP ó IVA + AJD ) y otros gastos inherentes a la compraventa no están incluidos en el precio. ",0,1,Blanes.com,2,1986.0,1,0,1,0,0,0,0,1,2,0,73,0,0,1,0,0,0,0,0,1,0,0,0,2656.25,2.0,3,Els Pavos
104237407,https://www.idealista.com/inmueble/104237407/,"Casa o chalet independiente en venta en calle Ferran Soldevila, 6",2000000,743,5,"carrer ferran soldevila, 6",41.67821110562303,2.7952087854432226,2025-03-11," Villa moderna con ubicación muy próxima al pueblo, colegios, comercios y el puerto de Blanes, en una zona privilegiada con mucha tranquilidad, en una calle sin salida. Se encuentra a pocos metros de la playa de Blanes o Cala Sant Francesc. La casa destaca por su arquitectura y decoración interior moderna. En la planta baja se halla el garaje de 184 m2 con capacidad para más de 10 coches que actualmente se utiliza como almacén. La primera planta (175m2) se puede adaptar para distintos fines, por ejemplo como una extensa zona chill-out (dispone de preinstalación para spa). La planta principal consta de un espacioso salón-comedor con salida a una terraza con piscina infinita y fantásticas vistas panorámicas, cocina totalmente equipada, despacho, lavadero y un baño. La planta superior dispone de un dormitorio tipo suite con vestidor y dos dormitorios dobles que comparten un baño completo. Los muebles de las estancias están hechos a medida y siguen un diseño moderno. Extras: Suelo radiante, domótica en toda la casa, piscina infinita, ascensor, etc. La bienvenida a la Costa Brava está a cargo de la reconocida Blanes, una bella población costera a pocos kilómetros de Barcelona. Aquí encontrará un agradable lugar donde vivir y pasear. Descubrirá el pasado marinero de Blanes, sus mansiones modernistas y no olvide visitar sus encantadores jardines. En Barcelona & Costa Brava Sotheby’s International Realty disponemos de las villas más extraordinarias de la zona, situadas sobre los majestuosos acantilados abiertos mar y colmadas de sol y naturaleza. ",0,1,Barcelona & Costa Brava Sotheby’s Int. Realty,4,2007.0,1,0,1,0,0,0,1,0,3,1,37,0,0,0,0,0,1,0,0,1,0,0,0,2691.790040376851,1.25,3,Mont Ferrant - Sant Joan
107418846,https://www.idealista.com/inmueble/107418846/,Casa o chalet independiente en venta en calle de la Fragata,1950000,507,5,carrer de la fragata,41.68114793880486,2.801691626161786,2025-04-16," Bienvenidos a esta impresionante villa contemporánea en Blanes, La Selva, Girona, una joya arquitectónica con vistas panorámicas al mar y una orientación sureste que garantiza luminosidad natural en todas sus estancias. Construida en 2013, esta residencia de lujo combina diseño moderno, confort y exclusividad, en un enclave privilegiado cerca del mar y de los principales servicios de la zona. Ubicada sobre una parcela de 835 m², esta villa de 507 m² construidos se distribuye en tres plantas, todas conectadas por escaleras y ascensor. La propiedad ha sido diseñada para ofrecer el máximo confort, con calefacción por suelo radiante, aire acondicionado por conductos y un sistema de riego exterior automatizado. Además, cuenta con un amplio garaje interior con capacidad para varios vehículos. Planta principal: A nivel del jardín y la piscina, encontramos un gran salón-comedor de diseño abierto con cocina integrada. Una elegante chimenea de estilo vanguardista aporta un ambiente cálido y acogedor, ideal para reuniones familiares o con amigos. En esta misma planta, con acceso directo a la terraza, se sitúa un salón adicional, que puede ser utilizado como sala de cine o música, perfecto para momentos de relax mientras se disfrutan de las impresionantes vistas al mar. Planta superior: La zona de noche consta de 5 habitaciones, destacando la espectacular master suite de más de 70 m², que incluye un baño privado, vestidor y acceso a una terraza con vistas despejadas al Mediterráneo. El resto de las habitaciones también cuentan con salida a terraza, ofreciendo comodidad, privacidad y una conexión directa con el entorno natural. Los exteriores se componen de: Jardín privado con sistema de riego automático. Piscina de diseño con vistas panorámicas a la Cala San Francesc. Terrazas amplias en todas las plantas para disfrutar de la brisa marina. Si buscas una residencia exclusiva, con un entorno natural privilegiado y cerca de los servicios esenciales, esta villa es una oportunidad única. Perfecta tanto como primera residencia o casa de vacaciones, combinando tranquilidad y lujo en una de las zonas más codiciadas de la Costa Brava. Consulta nuestro exclusivo servicio de Rehabilitaciones. ",0,1,Cottage Properties,4,2013.0,0,1,1,0,0,0,1,1,4,2,1,1,0,0,0,0,0,0,0,1,0,0,0,3846.153846153846,1.25,4,Cala Sant Francesc - Santa Cristina
106641411,https://www.idealista.com/inmueble/106641411/,Chalet pareado en venta en Francesc Macia,425000,101,4,carrer francesc macia,41.66565659399783,2.784161288171001,2024-12-10," Oportunidad de casa cerca de la playa!  Te presentamos esta encantadora casa a solo 50 metros de la famosa playa de S'Abanell, en una de las zonas más deseadas de la Costa Brava. Ideal para quienes buscan un hogar cerca del mar, esta propiedad de dos plantas combina comodidad y potencial. Características de la casa: - Planta Baja: - 1 acogedora habitación, perfecta para invitados o como oficina. - 1 baño de visitas, ideal para tus reuniones. - Un amplio salón que invita a la relajación y al disfrute en familia. - Cocina-comedor con chimenea, perfecta para crear momentos inolvidables. - Dos pequeños trasteros que ofrecen espacio adicional para almacenamiento. - Un gran patio con barbacoa, ideal para disfrutar de comidas al aire libre y reuniones con amigos. - Planta Alta: - 3 luminosas habitaciones que brindan confort y privacidad. - 1 baño completo, diseñado para tu comodidad. - Una espectacular terraza con vistas a la playa, el lugar perfecto para disfrutar de los atardeceres y el aire fresco del mar. La casa ha sido reformada recientemente, lo que te permite disfrutar de un espacio moderno y funcional. Sin embargo, tendrás la oportunidad de personalizarla a tu gusto, eligiendo los colores y detalles que reflejen tu estilo. Contáctanos para más información y para programar una visita. Tu nuevo hogar en la Costa Brava te está esperando. . En cumplimiento de la ley 3/2917 del 13 de febrero de 2018 del CODIGO CIVIL DE CATALUNYA, por el que se aprueba el Reglamento de Información al Consumidor en la compraventa y arrendamiento de viviendas en CATALUÑA, se informa al cliente que los gastos notariales, registrales e impuestos que le sean de aplicación ( ITP ó IVA + AJD ) y otros gastos inherentes a la compraventa no están incluidos en el precio. ",0,1,Blanes.com,2,1985.5,1,0,0,0,1,1,0,0,12,1,128,0,0,0,1,0,0,0,0,1,0,0,0,4207.920792079208,2.0,2,Els Pins
104965231,https://www.idealista.com/inmueble/104965231/,Piso en venta en calle d'Enric Morera,298000,81,3,carrer d'enric morera,41.661857440587944,2.782163797181824,2025-03-27," Imagínese lo que supone poder disfrutar de espectaculares vistas al mar desde practicamente cada rincón y cada pieza de la vivienda y con la comodidad de encontrase a menos de 30 metros de la playa y de uno de los mas bonitos parques de Blanes pero también cercano a todo tipo de tiendas y servicios. Pues precisamente esto es lo que le ofrece esta bonita vivienda, extremadamente luminosa y soleada al tener 2 fachadas y que forma parte de un exclusivo complejo con piscina, jardín y conserje. La vivienda ha sido completamente reformada y por consiguiente se encuentra en perfecto estado de conservación y se compone de; recibidor en la entrada, 3 habitaciones, 2 baños completos, cocina independiente y amplia comedor con salida a una gran terraza. En cumplimiento de la ley 3/2917 del 13 de febrero de 2018 del CODIGO CIVIL DE CATALUNYA, por el que se aprueba el Reglamento de Información al Consumidor en la compraventa o alquiler de viviendas en CATALUÑA, se informa al cliente que los gastos notariales, registrales e impuestos que le sean de aplicación (ITP o IVA + AJD) y otros gastos inherentes a la compraventa no están incluidos en el precio. “QUE NO TE CONFUNDAN, IMMOBLANES SÓLO HAY UNA” DOS PUNTOS DE SERVICIO A TU DISPOSICION EN BLANES. NOS ENCONTRARAS EN CARRER ROIG I JALPI N. º 12 (AL LADO DE PLAZA ESPANYA) Y EN CALLE CRISTOFOR COLOM Nº2 (ELS PINS) ”IMMOBLANES, NADA QUE VER CON TODO LO DEMÁS”. ",0,1,immoblanes,2,1978.0,1,0,0,1,0,0,1,0,3,3,21,0,0,0,1,0,0,0,0,0,0,0,1,3679.0123456790125,1.5,3,Els Pins
105686427,https://www.idealista.com/inmueble/105686427/,Piso en venta en avenida Vila de Madrid,210000,67,2,avinguda vila de madrid,41.65688477128467,2.7789646683159557,2025-03-18," Espacioso apartamento con hermosas vistas, piscina comunitaria, garaje y una privilegiada ubicación, dado que este hermoso apartamento se encuentra a menos de 150 metros de la playa y a tocar de un parque y de todo tipo de tiendas, pero también a proximidad de un club de tenis y de una zona de gran belleza protegida de interés natural. La desembocadura del rio Tordera. El apartamento ha sido recientemente reformado y se compone de; 2 habitaciones dobles con salida a terraza, 1 baño, cocina independiente y un gran comedor, también con bonitas vistas y salida a la terraza Con piscina y jardín comunitarios. OPCIONALMENTE SE PUEDE ADQUIRIR UN GARAJE CERRADO UBICADO EN EL MISMO EDIFICIO POR UN PRECIO ADICIONAL DE 15.000 € “QUE NO TE CONFUNDAN, IMMOBLANES SÓLO HAY UNA” NOS ENCONTRARA EN CARRER ROIG I JALPI Nº 12 (AL LADO DE PLAZA ESPANYA). ” IMMOBLANES, ""NADA QUE VER CON TODO LO DEMÁS”. En cumplimiento de la ley 3/2917 del 13 de febrero de 2018 del CODIGO CIVIL DE CATALUNYA, por el que se aprueba el Reglamento de Información al Consumidor en la compraventa y arrendamiento de viviendas en CATALUÑA, se informa al cliente que los gastos notariales, registrales e impuestos que le sean de aplicación ( ITP ó IVA + AJD ) y otros gastos inherentes a la compraventa no están incluidos. ",0,1,immoblanes,1,1981.0,1,0,1,1,0,0,1,1,3,1,30,0,0,0,1,0,0,0,0,0,0,0,1,3134.3283582089553,2.0,5,Els Pins
98141833,https://www.idealista.com/inmueble/98141833/,Casa o chalet independiente en venta en calle Sant Damià,885000,344,5,carrer sant damià,41.68554361526408,2.806842331103187,2024-12-04," Una encantadora propiedad con magnificas vistas al mar situada en una pintoresca privilegiada y tranquila zona residencial rodeada con Jardines Botánicos y espectaculares playas Santa Cristina y Sa Boadella. Una fantástica oportunidad de inversión con Licencia turística vigente, ubicada en una zona residencial en Blanes, Costa Brava a solo 2 minutos del Colegio y hospital y a 5 minutos de centro de Blanes o Lloret de Mar. Esta amplia propiedad construida sobre 2 parcelas de 920 m2, que le ofrece las vistas al mar más espectaculares con sonidos relajantes del mar y naturaleza que la rodea. Una finca orientada al sur que se beneficia de infinitas horas de luz solar, desde amanecer hasta atardecer, un diseño distribuido en tres niveles comunicado ahora mismo con un amplio montacargas que en futuro puede ser un ascensor, con amplia sala de estar, 5 dormitorios, 3 baños y un aseo en la zona de la piscina y barbacoa. El sótano se puede convertir en el espacio de entretenimiento definitivo, un gimnasio privado o incluso una sala de cine. Las posibilidades son infinitas! Además, la parcela cuenta con jardines, áreas de descanso o deportivas, una gran piscina privada y una estructura con garaje que dan posibilidades de aprovechar las ideas…. Una verdadera oportunidad en una ubicación fantástica en Costa Brava!  Para que ahorres tu tiempo, Sacosta inmobiliaria ha preparado para ti Virtual tour para que visites esta propiedad a traves de la pantalla de tu celular en instante.  En cumplimiento de la Ley 3/2917 del 13 de febrero de 2018 del Código Civil de Cataluña, por el que se aprueba el Reglamento de información al Consumidor en la compraventa o alquiler de viviendas en Cataluña. Se informa al cliente que los gastos notariales, registrales e impuestos que le sean de aplicación (ITP o IVA + AJD) y otros gastos inherentes a la compraventa o alquiler, no están incluidos en el precio. [IW]. ",0,1,Sacosta Inmobiliaria,4,1991.0,1,0,1,0,0,1,1,0,12,2,134,1,0,0,0,0,0,0,0,1,0,0,0,2572.6744186046512,1.25,4,Cala Sant Francesc - Santa Cristina
105976982,https://www.idealista.com/inmueble/105976982/,Casa o chalet en venta en calle Petit de Raval,650000,321,4,carrer petit de raval,41.67651690114528,2.7922850047117125,2024-10-30," Esta destaca por su estilo moderno y su combinación de elementos rústicos y modernos, creando un ambiente acogedor y elegante a la vez. Al entrar en la casa, nos recibe un amplio salón iluminado de manera natural gracias a las grandes ventanas que permiten que entre luz durante el día. Las paredes de piedra expuesta y los detalles en cristal y metal de la escalera aportan un toque rústico moderno, ideal para quienes buscan una atmósfera cálida y sofisticada. El espacio se distribuye de manera abierta, lo que favorece la sensación de amplitud. La cocina es moderna, completamente equipada y con acabados en blanco, lo que le otorga una estética limpia y luminosa. Cuenta con una isla central que puede funcionar como espacio de trabajo o zona para desayunos, siendo perfecta para quienes disfrutan de la cocina y el entretenimiento en un ambiente cómodo y práctico. El patio exterior es otro de los puntos fuertes de la casa. Es un espacio amplio con una zona de comedor al aire libre, ideal para reuniones familiares o disfrutar de comidas al sol, rodeado de plantas que crean un ambiente fresco y natural. Este patio es perfecto para relajarse y aprovechar el clima. La vivienda también cuenta con un amplio espacio que actualmente se utiliza como despacho u oficina, ideal para quienes trabajan desde casa o necesitan un lugar tranquilo y luminoso para estudiar o realizar actividades laborales. Este espacio destaca por su luz natural gracias a los grandes ventanales y su moderna pared de cristal, lo que aporta amplitud y claridad al ambiente. El dormitorio principal, de generosas dimensiones, ofrece un entorno relajante y cómodo. Está equipado con armarios empotrados de madera, ofreciendo un gran espacio de almacenamiento sin sacrificar el diseño limpio y moderno de la habitación. El baño es otro de los puntos fuertes de la casa, con un diseño moderno y elegante. Dispone de una ducha amplia con mampara de cristal y un mueble de baño con doble lavabo, lo que lo hace muy funcional para el día a día. Además, en la planta baja, dispone de un gran garaje para diversos coches, motos, etc e incluso para celebraciones familiares. En resumen, esta casa ofrece una combinación de elegancia, confort y funcionalidad en cada rincón. Desde su amplio salón hasta su acogedor patio, cada espacio está pensado para maximizar el confort y el disfrute de sus residentes, siendo una excelente opción para quienes buscan un hogar de estilo contemporáneo con toques rústicos en una zona tranquila y bien ubicada. ",0,1,Comas Inmobiliaria Blanes,4,1900.0,1,0,1,0,0,0,0,1,10,2,169,0,1,0,0,0,0,0,0,1,0,0,0,2024.9221183800623,1.0,3,Centre
107818817,https://www.idealista.com/inmueble/107818817/,Casa o chalet independiente en venta en Urbanitzacions,525000,388,5,carrer urbanitzacions,41.690927089710506,2.7931287373638796,2025-04-07," Descubre esta espectacular villa ubicada en la prestigiosa zona de Blanes Vistamar, un enclave privilegiado con panorámicas vistas al mar, Blanes y Palafolls. Desde su amplia terraza, podrás disfrutar de las mágicas vistas a los fuegos artificiales de Blanes, un espectáculo inolvidable cada verano. Superficie construida: 388 m² Parcela: 837 m² Ubicación: A solo 2,6 km de la playa Esta casa, diseñada para el confort y la privacidad, dispone de dos accesos privados (superior e inferior), facilitando la entrada y salida con total comodidad. Distribución y características: 5 espaciosas habitaciones dobles 3 baños completos (uno en suite) Amplio salón con posibilidad de chimenea Cocina totalmente equipada Piscina privada (requiere reforma) Garaje y parking privado para varios vehículos Extras que marcan la diferencia: Orientación sur, luminosidad garantizada todo el día Carpintería exterior de aluminio Climalit y suelos de gres porcelánico Jardín privado, terrazas y zonas verdes Sistema de alarma y vigilancia 24h Depósito para aguas pluviales Conexión a fibra óptica para máximo confort digital Ubicación inmejorable, en una zona tranquila pero cerca de colegios, supermercados, centros comerciales, hospitales y transporte público. Gastos anuales: IBI: 1.827 €/año Comunidad: Sin gastos No dejes pasar la oportunidad de vivir en esta exclusiva villa con vistas privilegiadas al Mediterráneo. Contáctanos para más información o una visita privada. ",0,1,Sacosta Inmobiliaria,3,2012.0,1,0,1,0,0,1,1,0,4,0,10,0,0,0,0,0,0,0,1,1,0,0,0,1353.0927835051546,1.6666666666666667,4,Urbanitzacions
104545302,https://www.idealista.com/inmueble/104545302/,Piso en venta en calle d'Ignasi Iglesias,315000,96,3,carrer d'ignasi iglesias,41.6608896929472,2.7817487881108915,2024-07-15," Bienvenido a este magnífico piso ubicado en una de las zonas más privilegiadas de la Costa Brava. Al entrar, te recibirá una luminosidad excepcional que inunda cada rincón del espacio gracias a sus grandes ventanales que ofrecen unas vistas panorámicas impresionantes del Mar Mediterráneo, que se extienden hasta donde alcanza la vista, regalándote una sensación de calma y serenidad. Uno de los puntos fuertes de este apartamento es su amplio balcón, el cual invita a disfrutar de la vida al aire libre y se convierte en el lugar perfecto para relajarse, tomar el sol y deleitarse con el mar durante los cálidos meses de buen clima en la Costa Brava. Al adentrarte en su interior, te sorprenderá la sensación de amplitud y frescura que lo envuelve, acentuada por su reciente pintura y su estado impecable, listo para que te mudes y comiences a disfrutar de tu nuevo hogar sin preocupaciones. Este piso, bañado en luz natural, es todo exterior, lo que garantiza una luminosidad constante a lo largo del día, tanto en la parte delantera, como en la parte trasera, podrás disfrutar del sol en cualquier momento del día. Además, para tu comodidad, la finca cuenta con ascensor, facilitando el acceso. Y aunque el invierno se haga presente, no tendrás que preocuparte por el frío, ya que el piso dispone de calefacción, solo necesitas instalar los radiadores para disfrutar de un ambiente cálido y acogedor en cualquier época del año. Por si fuera poco, el precio incluye un trastero en la misma finca, brindándote el espacio adicional que necesitas para almacenar tus pertenencias de forma cómoda y segura. En resumen, este piso ofrece una combinación perfecta de lujo, comodidad y vistas espectaculares que te invitan a vivir una experiencia única junto al mar. ",0,1,Comas Inmobiliaria Blanes,2,1978.0,1,0,0,1,0,0,1,0,7,0,276,0,0,0,1,0,0,0,0,0,0,0,1,3281.25,1.5,3,Els Pins
107218287,https://www.idealista.com/inmueble/107218287/,Piso en venta en Els Pins,240000,90,2,carrer vila de paris,41.66407367300141,2.783408558724116,2025-04-01," Piso de dos habitaciones con ventanales panorámicos, vistas al mar, terraza y piscina – totalmente amueblado, a 100 metros del mar, Blanes (Els Pins)! Se vende un acogedor y amplio piso en Blanes, en la prestigiosa zona de Els Pins. La vivienda de 90 m² (superficie útil de 70 m²) está situada en la octava planta y ofrece unas impresionantes vistas al mar. Al estar orientado al sol, recibe mucha luz natural durante todo el día. El piso cuenta con dos dormitorios, una cocina independiente, un amplio salón y un baño con bañera. Desde el salón y ambos dormitorios se accede a una gran terraza abierta, perfecta para desayunar, almorzar o simplemente relajarse al aire libre. El edificio dispone de ascensor y está conectado al gas ciudad. El piso se vende completamente amueblado, lo que lo convierte en una opción ideal tanto para residencia permanente como para inversión vacacional. ¡A solo 100 metros del mar, una oportunidad perfecta para turistas! El complejo cuenta con una piscina comunitaria rodeada de jardines bien cuidados. Hay muchas plazas de aparcamiento cerca del edificio. Los gastos de comunidad son bajos. La vivienda está en excelente estado, recién pintada. ¡Una opción perfecta para quienes buscan comodidad junto al mar! Mares Realty, agencia inmobiliaria con un equipo multinacional y multilingüe con 20 años de experiencia en el sector inmobiliario. Profesionales al servicio de nuestros clientes. La eficiencia y rapidez de nuestras transacciones inmobiliarias. Dentro de la misma empresa también contamos con una división dedicada a la obra nueva y reforma, lo que nos permite ofrecer servicios inmobiliarios integrales. De acuerdo con la Ley 3/2917, de 13 de febrero de 2018, del CÓDIGO CIVIL DE CATALUÑA, por la que se aprueba el Reglamento sobre información al consumidor en la compraventa y alquiler de viviendas en CATALUÑA, se informa al cliente de los honorarios notariales aplicables, La matriculación y los impuestos (ITP o IVA + AJD) y otros costes asociados a la venta no están incluidos en el precio.  [IW]. ",0,1,MARES REALTY,1,1985.5,1,0,0,1,0,0,1,0,4,1,16,0,0,0,1,0,0,0,0,0,0,0,1,2666.6666666666665,2.0,3,Els Pins
105521426,https://www.idealista.com/inmueble/105521426/,Casa o chalet independiente en venta en Cala Sant Francesc - Santa Cristina,1000000,299,5,carrer de la cala,41.680072801197625,2.808561880008474,2025-02-06," Casa con impresionantes vistas al mar Esta bonita propiedad está situada en la exclusiva urbanización de St. Francesc, con vigilancia 24h. Se encuentra a pocos minutos del centro de Blanes y a tan sólo 500m de la preciosa playa de Cala St. Francesc, que pertenece a las mejores playas de la Costa Brava. La casa destaca por sus espectaculares vistas al mar.  Se divide en 3 plantas: Accedemos a la vivienda mediante una entrada con acceso directo al salón con chimenea y vistas al mar, cocina abierta con salida a la terraza con zona de barbacoa, aseo de cortesía y un dormitorio completo con balcón.  Bajando las escaleras nos encontramos con garaje para 2 coches, habitación de lectura, 2 dormitorios, un baño completo y una suite con su propio balcón.  Bajamos una planta más donde hay un segundo salón con cocina americana, un dormitorio con grandes ventanales que ofrecen unas increíbles vistas al mar, baño completo con ducha y bañera incorporado, vestidor, lavadero y bodega. En esta misma planta se puede salir a la zona del jardín, con zona de barbacoa y piscina climatizada. La propiedad está totalmente reformada, con suelo de parquet, calefacción de gas natural, split de AACC y paneles solares. Blanes es una ciudad turística muy conocida por el concurso de fuegos artificiales durante el festival de Santa Anna en verano. Durante la semana hay más actividades organizadas por el ayuntamiento, ya que es una semana de festividades en Blanes.  Otros lugares de interés son las preciosas calas de Blanes y la Costa Brava, las fantásticas playas y los jardines botánicos, como el “Mar i Murtra”, que cubre casi 15 hectáreas e incluye más de 4000 especies diferentes de plantas.  La ciudad ofrece un sinfín de actividades y clubs deportivos, entre ellos el renombrado Club de Vela Blanes, uno de los más importantes clubs de vela de la Costa Brava.  El paseo marítimo es extenso y alberga varios restaurantes y bares. En todo el pueblo, de los 150 restaurantes especializados, donde encontrarán todo tipo de ofertas culinarias: catalana, italiana, holandesa, griega, china, etc. La población de Blanes se encuentra a tan solo 1 hora del aeropuerto de Barcelona y a unos 40 min del aeropuerto de Girona.  Si desea comprar o vender alguna casa en la Costa Brava no dude en ponerse en contacto con Engel & Völkers Costa Brava Sud. ",0,1,Engel & Völkers Costa Brava Sud,3,1984.0,1,0,1,0,0,1,1,1,2,3,70,1,0,0,0,0,0,0,0,1,0,0,0,3344.4816053511704,1.6666666666666667,5,Cala Sant Francesc - Santa Cristina
105521426,https://www.idealista.com/inmueble/105521426/,Casa o chalet independiente en venta en Cala Sant Francesc - Santa Cristina,1000000,299,5,carrer de la cala,41.680072801197625,2.808561880008474,2025-02-06," Casa con impresionantes vistas al mar Esta bonita propiedad está situada en la exclusiva urbanización de St. Francesc, con vigilancia 24h. Se encuentra a pocos minutos del centro de Blanes y a tan sólo 500m de la preciosa playa de Cala St. Francesc, que pertenece a las mejores playas de la Costa Brava. La casa destaca por sus espectaculares vistas al mar.  Se divide en 3 plantas: Accedemos a la vivienda mediante una entrada con acceso directo al salón con chimenea y vistas al mar, cocina abierta con salida a la terraza con zona de barbacoa, aseo de cortesía y un dormitorio completo con balcón.  Bajando las escaleras nos encontramos con garaje para 2 coches, habitación de lectura, 2 dormitorios, un baño completo y una suite con su propio balcón.  Bajamos una planta más donde hay un segundo salón con cocina americana, un dormitorio con grandes ventanales que ofrecen unas increíbles vistas al mar, baño completo con ducha y bañera incorporado, vestidor, lavadero y bodega. En esta misma planta se puede salir a la zona del jardín, con zona de barbacoa y piscina climatizada. La propiedad está totalmente reformada, con suelo de parquet, calefacción de gas natural, split de AACC y paneles solares. Blanes es una ciudad turística muy conocida por el concurso de fuegos artificiales durante el festival de Santa Anna en verano. Durante la semana hay más actividades organizadas por el ayuntamiento, ya que es una semana de festividades en Blanes.  Otros lugares de interés son las preciosas calas de Blanes y la Costa Brava, las fantásticas playas y los jardines botánicos, como el “Mar i Murtra”, que cubre casi 15 hectáreas e incluye más de 4000 especies diferentes de plantas.  La ciudad ofrece un sinfín de actividades y clubs deportivos, entre ellos el renombrado Club de Vela Blanes, uno de los más importantes clubs de vela de la Costa Brava.  El paseo marítimo es extenso y alberga varios restaurantes y bares. En todo el pueblo, de los 150 restaurantes especializados, donde encontrarán todo tipo de ofertas culinarias: catalana, italiana, holandesa, griega, china, etc. La población de Blanes se encuentra a tan solo 1 hora del aeropuerto de Barcelona y a unos 40 min del aeropuerto de Girona.  Si desea comprar o vender alguna casa en la Costa Brava no dude en ponerse en contacto con Engel & Völkers Costa Brava Sud. ",0,1,Engel & Völkers Costa Brava Sud,3,1984.0,1,0,1,0,0,1,1,1,2,3,70,1,0,0,0,0,0,0,0,1,0,0,0,3344.4816053511704,1.6666666666666667,5,Cala Sant Francesc - Santa Cristina
103970815,https://www.idealista.com/inmueble/103970815/,Casa o chalet independiente en venta en Urbanitzacions,525000,354,5,carrer urbanitzacions,41.690927089710506,2.7931287373638796,2025-04-02," Déjame contarte sobre una joya escondida en el corazón de la urbanización Vistamar, un rincón de paz y serenidad a un paso de Blanes.  ¿Te imaginas despertar cada mañana con el mar acariciando tus sentidos, el castillo Sant Joan saludándote desde la lejanía y las montañas abrazando el horizonte? Pues bien, esta villa no es solo un sueño, es una realidad esperando por ti. Imagina una parcela de 837 m2 donde el azul del mar se fusiona con el cielo. Aquí, la vida transcurre entre baños en una piscina de ensueño, tardes de barbacoa en compañía de tus seres queridos y momentos de tranquilidad en una terraza cubierta que parece susurrarte historias al oído. Pero eso no es todo, al cruzar la puerta de esta casa, te encontrarás con un mundo de posibilidades. Dos plantas y una buhardilla de 70 m² con terraza solárium que te invita a crear, a soñar. ¿Un estudio? ¿Una sala chill out? Aquí, tu imaginación es el único límite. En la planta baja, un hall de entrada te da la bienvenida a un hogar pensado para el disfrute y la comodidad: una sala espaciosa, una suite para tus noches de descanso, una habitación destinada a lavandería y la sala de máquinas. Todo dispuesto para hacerte la vida más fácil. Subiendo al primer piso, la luz y las vistas se roban el protagonismo. Un gran salón comedor se abre ante ti, conectado a una cocina donde cada cena se convierte en una fiesta para los sentidos. Una suite espectacular, dos dormitorios más, y un tercer baño completan esta planta, cada rincón diseñado para ofrecerte confort y belleza. Y como si fuera poco, la villa cuenta con dos garajes de 20 m² cada uno, porque sabemos que los detalles importan. ¿Buscas espacio, luz, vistas, calidad? Esta propiedad tiene todo eso y más. ¿Qué más podrías querer? No dejes que esta oportunidad se escape. Llámanos y descubre el hogar hecho a la medida de tus sueños. ¡Te esperamos! alsina finques, clientes felices desde 1959 En cumplimiento de la Ley 3/2017 del Libro sexto del Código Civil de Cataluña, se informa al cliente que los gastos notariales, registrales e impuestos que le sean de aplicación (ITP o IVA-IAJD) y otros gastos inherentes a la compraventa no están incluidos en el precio. Sin comisiones de agencia al comprador  ref: 17-P-01060. ",0,1,alsina finques,3,2012.0,1,0,1,0,0,1,1,0,4,2,15,0,0,0,0,0,0,0,1,1,0,0,0,1483.050847457627,1.6666666666666667,4,Urbanitzacions
107723779,https://www.idealista.com/inmueble/107723779/,Chalet adosado en venta en Centre,650000,321,4,carrer ample,41.67454693196272,2.791958077322335,2025-04-01," Moderna casa en el corazón de Blanes Esta elegante vivienda combina un diseño contemporáneo con elementos rústicos, creando un ambiente cálido y sofisticado en pleno centro de Blanes. Al ingresar, un amplio salón-comedor con grandes ventanales inunda el espacio de luz natural, mientras que las paredes de piedra aportan un encanto rústico y una sensación de amplitud. La cocina, completamente equipada y de diseño moderno, cuenta con una isla central ideal para cocinar y disfrutar de las comidas en un espacio funcional y acogedor. Desde aquí, se accede a un patio exterior, perfecto para relajarse y disfrutar al aire libre. En esta misma planta, se encuentra un aseo de cortesía. La planta superior dispone de una sala polivalente, ideal como despacho o zona de ocio, junto a una amplia habitación con baño privado. En la última planta, encontramos dos dormitorios adicionales y un baño completo, ofreciendo comodidad y privacidad para toda la familia. En la planta a nivel de calle, la vivienda cuenta con un garaje con capacidad para dos vehículos y una amplia zona de almacenamiento. Esta propiedad es perfecta para quienes buscan un hogar con amplios espacios interiores y exteriores, combinando el encanto rústico con un diseño moderno, en una ubicación inmejorable en el centro de Blanes. Blanes es una ciudad turística muy conocida por el concurso de fuegos artificiales durante el festival de Santa Anna en verano. Durante la semana hay más actividades organizadas por el ayuntamiento, ya que es una semana de festividades en Blanes.  Otros lugares de interés son las preciosas calas de Blanes y la Costa Brava, las fantásticas playas y los jardines botánicos, como el “Mar i Murtra”, que cubre casi 15 hectáreas e incluye más de 4000 especies diferentes de plantas.  La ciudad ofrece un sinfín de actividades y clubs deportivos, entre ellos el renombrado Club de Vela Blanes, uno de los más importantes clubs de vela de la Costa Brava.  El paseo marítimo es extenso y alberga varios restaurantes y bares. En todo el pueblo, de los 150 restaurantes especializados, donde encontrarán todo tipo de ofertas culinarias: catalana, italiana, holandesa, griega, china, etc. La población de Blanes se encuentra a tan solo 1 hora del aeropuerto de Barcelona y a unos 40 min del aeropuerto de Girona.  Si desea comprar o vender alguna casa en la Costa Brava no dude en ponerse en contacto con Engel & Völkers Costa Brava Sud. ",0,1,Engel & Völkers Costa Brava Sud,4,1985.5,0,0,1,0,0,0,0,0,4,1,16,0,1,0,0,0,0,0,0,1,0,0,0,2024.9221183800623,1.0,1,Centre
103723972,https://www.idealista.com/inmueble/103723972/,Casa o chalet en venta en Mont Ferrant - Sant Joan,599000,278,4,"carrer de santa bàrbara, 37-33",41.67704962078834,2.792189439337077,2024-05-13," Esta espectacular casa está situada en la zona de Mont-Ferrant, muy cerca del Castillo de Sant Joan, en un entorno de tranquilidad que invita a la relajación y el disfrute. Distribuida en tres plantas, esta casa ofrece un diseño espacioso y funcional que combina comodidad y elegancia. Con cuatro habitaciones bien distribuidas, tendrás un montón de espacio para ti y tu familia. Pero lo mejor es la buhardilla de madera con su terraza, un rincón perfecto para relajarte y disfrutar de las vistas panorámicas. El garaje es una maravilla en sí mismo, ¡más de 80 metros cuadrados para guardar lo que se te ocurra! ¿Y sabes qué es lo mejor? Tiene doble altura, así que puedes dar rienda suelta a tu imaginación y convertirlo en el taller o espacio que siempre soñaste. La piscina está lista para refrescarte en los días calurosos, rodeada de tranquilidad y con el bosque al lado.  Y para esas fiestas inolvidables con los amigos i/o familia, tienes un espacio diáfano que es perfecto para celebraciones. Imagina barbacoas, risas y buenos momentos en tu propio rincón de felicidad. La organización y comodidad son primordiales en esta casa, con una distribución que garantiza la eficiencia del espacio sin sacrificar el estilo. Cada rincón de esta propiedad ha sido cuidadosamente diseñado para proporcionar un hogar acogedor y bien organizado, donde la funcionalidad se encuentra con la elegancia en un entorno idílico. ",0,1,Comas Inmobiliaria Blanes,3,1998.0,1,0,1,0,0,1,1,1,5,0,339,0,0,0,0,0,1,0,0,1,0,0,0,2154.6762589928057,1.3333333333333333,5,Mont Ferrant - Sant Joan
105914704,https://www.idealista.com/inmueble/105914704/,Casa o chalet en venta en calle del Bellaire,325000,142,3,carrer del bellaire,41.6745209,2.7906187,2024-10-24," Esta magnífica casa en pleno centro de Blanes es un producto único. Consta de tres plantas y un ático con terraza en la parte superior de la vivienda. En la planta baja se encuentra un local comercial con baño. La casa incluye tres habitaciones (una doble con vestidor y dos individuales), todas exteriores y dos baños completos. En la parte superior encontramos una cocina abierta que comunica con el salón y una terraza de 15 m². También cuenta con aire acondicionado y opción a parking a 2 minutos. Se encuentra ubicada cerca del mercado y de los comercios locales. Además, la playa está muy cerca, a escasos 150 metros. Si busca una vivienda que ofrezca buena ubicación y comodidad, esta casa es excelente. Dispone de parking.  . ",0,1,Comas Inmobiliaria Blanes,3,1985.5,0,1,0,0,0,0,0,1,10,3,175,0,1,0,0,0,0,0,0,1,0,0,0,2288.7323943661972,1.0,2,Centre
98639330,https://www.idealista.com/inmueble/98639330/,Piso en venta en calle de Sant Bonós,179000,67,2,carrer de sant bonós,41.673397191328206,2.7888824786952617,2024-10-30," A mucha gente le gusta vivir en el centro para no tener que depender del coche constantemente. Caminar a la playa, a comprar, de tiendas, al restaurante, etc, es una cosa a la que te acostumbras fácilmente. Es por eso que al comprar este piso estás comprando algo más, estás comprando comodidad, ahora y siempre. En cuanto al interior del piso, es un piso muy bien distribuido, con habitaciones amplias y un comedor espacioso. Destaca también el gran balcón que ocupa toda la fachada del piso.  . ",0,1,Comas Inmobiliaria Blanes,1,1985.5,1,0,0,1,0,0,0,0,10,2,169,0,1,0,0,0,0,0,0,0,0,0,1,2671.6417910447763,2.0,2,Centre
107135690,https://www.idealista.com/inmueble/107135690/,Piso en venta en calle de Sant Joan,179000,52,2,carrer de sant joan,41.67416835194289,2.789374932838504,2025-03-18," EXCLUSIVA IMMOBLANES Oportunidad única en el corazón de Blanes! Vivienda ideal para vivir o invertir ¿Buscas una vivienda acogedora, bien ubicada y con todo lo necesario para disfrutar del encanto de Blanes? Este piso en segunda planta sin ascensor, situado junto a la Plaça Catalunya, te enamorará por su ubicación privilegiada y su funcionalidad. Salón-comedor: Luminoso y espacioso, perfecto para disfrutar en familia o con amigos. Cocina independiente: Funcional y equipada, ideal para los amantes de la cocina. 2 dormitorios: Habitaciones cómodas que ofrecen tranquilidad y descanso. Baño renovado: Moderno y práctico, con plato de ducha. Terrado comunitario: Un espacio extra donde disfrutar del aire libre, tender la ropa o incluso desconectar. IBI 92 € AL AÑO GASTOS DE COMUNIDAD: 55 € AL MES Ubicado en pleno centro de Blanes, tendrás todo lo que necesitas a un paso: supermercados, tiendas, cafeterías, colegios y servicios. Además, la playa está a pocos minutos caminando, para que puedas disfrutar de paseos junto al mar siempre que quieras. Se puede adquirir una plaza de aparcamiento ubicada en los alrededores. ¿Por qué esta vivienda es perfecta? Ya sea que busques tu primer hogar, un piso para vacacionar o una inversión en una zona con alta demanda, este inmueble tiene todo lo que necesitas: ubicación, comodidad y un precio competitivo. ¡No dejes pasar esta oportunidad! Llámanos y ven a visitarlo antes de que se lo lleven. Este piso es una joya en el corazón de Blanes que no estará disponible por mucho tiempo. “QUE NO TE CONFUNDAN, IMMOBLANES SÓLO HAY UNA” NOS ENCONTRARA EN CARRER ROIG I JALPI Nº 12 (AL LADO DE PLAZA ESPANYA). ” IMMOBLANES, ""NADA QUE VER CON TODO LO DEMÁS”. En cumplimiento de la ley 3/2917 del 13 de febrero de 2018 del CODIGO CIVIL DE CATALUNYA, por el que se aprueba el Reglamento de Información al Consumidor en la compraventa y arrendamiento de viviendas en CATALUÑA, se informa al cliente que los gastos notariales, registrales e impuestos que le sean de aplicación ( ITP ó IVA + AJD ) y otros gastos inherentes a la compraventa no están incluidos. ",0,1,immoblanes,1,1915.0,0,0,1,0,0,0,0,1,3,1,30,0,1,0,0,0,0,0,0,0,0,0,1,3442.3076923076924,2.0,2,Centre
107678858,https://www.idealista.com/inmueble/107678858/,Piso en venta en Els Pins,279000,58,3,carrer vila de paris,41.66407367300141,2.783408558724116,2025-04-11," En venta: apartamento luminoso, soleado y acogedor con preciosas vistas al mar en primera línea del mar en Blanes. El piso está completamente listo para entrar y vivir.  El piso ha sido bien reformado. El piso está situado en primera línea de mar y tiene unas preciosas vistas panorámicas. Dispone de un balcón amplio y espacioso. La superficie del piso es de 58 m2. El piso dispone de 3 habitaciones, 2 de ellas con cama de matrimonio, una más pequeña, dos baños, un amplio salón, 2 balcones con preciosas vistas al mar, una cocina americana equipada con todo lo necesario y un lavadero. El piso dispone de sistema split de frío y calor. Se puede conectar gas. En las ventanas se instalan persianas eléctricas. Sólo hay 2 pisos en la planta.  Vecinos son buenos. Mares Realty, inmobiliaria con un equipo multicultural y multilingüe con 20 años de experiencia en el sector inmobiliario. Profesionales al servicio de nuestros clientes. Eficacia y rapidez en nuestras transacciones inmobiliarias. Ademas contamos con una división dentro de la misma empresa dedicada a la obra nueva y a las reformas, ofreciendo asi un servicio inmobiliario integral. En cumplimiento de la ley 3/2917 del 13 de febrero de 2018 del CODIGO CIVIL DE CATALUNYA, por el que se aprueba el Reglamento de Información al Consumidor en la compraventa y arrendamiento de viviendas en CATALUÑA, se informa al cliente que los gastos notariales, registrales e impuestos que le sean de aplicación ( ITP ó IVA + AJD ) y otros gastos inherentes a la compraventa no están incluidos en el precio.  [IW]. ",0,1,MARES REALTY,2,1985.5,0,0,0,1,0,0,0,1,4,4,6,0,0,0,1,0,0,0,0,0,0,0,1,4810.3448275862065,1.5,2,Els Pins
107577778,https://www.idealista.com/inmueble/107577778/,Piso en venta en calle del Pou Nou,158000,55,2,carrer del pou nou,41.673604742372106,2.7885063242696617,2025-03-12," Descubre esta encantadora planta baja situada en pleno corazón de Blanes, a tan solo 5 minutos a pie de la Plaza Cataluña y de la playa. El edificio, recientemente reformado en su totalidad, ofrece comodidad y estilo en cada rincón. La vivienda consta de dos acogedores dormitorios, uno doble y otro individual, ideales para disfrutar del descanso y la tranquilidad. El salón comedor, luminoso y moderno, integra de forma armoniosa una cocina abierta completamente equipada con electrodomésticos de primera calidad, incluyendo nevera, microondas, lavavajillas y lavadora. El baño, totalmente reformado y equipado con una elegante ducha, complementa perfectamente el estilo contemporáneo del hogar. La propiedad cuenta con acabados de primera calidad: carpintería exterior de aluminio con doble acristalamiento que asegura un perfecto aislamiento térmico y acústico, aire acondicionado con bomba de calor para un máximo confort durante todo el año, y un suelo porcelánico que imita cálidamente al parquet, aportando elegancia y practicidad. Una vivienda ideal para quienes buscan comodidad, modernidad y una ubicación privilegiada en una de las zonas más demandadas y céntricas de Blanes. “QUE NO TE CONFUNDAN, IMMOBLANES SÓLO HAY UNA”  NOS ENCONTRARÁ EN CARRER ROIG I JALPI Nº 12 (AL LADO DE PLAZA ESPANYA).  ” IMMOBLANES, NADA QUE VER CON TODO LO DEMÁS”. En cumplimiento de la ley 3/2917 del 13 de febrero de 2018 del CÓDIGO CIVIL DE CATALUNYA, por el que se aprueba el Reglamento de Información al Consumidor en la compraventa o alquiler de viviendas en CATALUÑA, se informa al cliente que los gastos notariales, registrales e impuestos que le sean de aplicación (ITP o IVA + AJD) y otros gastos inherentes a la compraventa o alquiler no están incluidos en el precio. ",0,1,immoblanes,1,1964.0,0,0,0,0,0,0,0,1,3,2,36,0,1,0,0,0,0,0,0,0,0,0,1,2872.7272727272725,2.0,1,Centre
107787823,https://www.idealista.com/inmueble/107787823/,Piso en venta en Els Pavos,215000,80,2,"carrer provença,4",41.67561905639978,2.781819036155578,2025-04-09," Magnifico bajos de obra nueva con 2 terrazas en una de las mejores zonas de Blanes, Can Borrell! Cuenta con 70 m2 distribuidos en gran salón comedor con cocina office integrada con muebles de calidad.   Dos habitaciones dobles con zona vestidor, dos baños completos, uno en suitte. Suelos de gres, persianas eléctricas y calefacción frio y calor por bomba de calor. Dispone de 2 terrazas una delantera de unos 15 m2 y otra trasera de unos 20 m2 ideal para las cenas de verano o para ocio de los mas pequeños de la casa. Zona ideal, cerca de colegios, servicios, comercios y parques a un paso de todo. Las fotos son REFENCIALES en cuanto a calidades en la reforma. La distribucion esta en el plano que se adjunta. Nota informatica: la obra terminará sobre el mes de agosto/septiembre.   No dejes escapar esta oportunidad y estrena piso con terraza!   En cumplimiento de la ley 3/2917 del 13 de febrero de 2018 del CODIGO CIVIL DE CATALUNYA, por el que se aprueba el Reglamento de Información al Consumidor en la compraventa y arrendamiento de viviendas en CATALUÑA, se informa al cliente que los gastos notariales, registrales e impuestos que le sean de aplicación ( ITP ó IVA AJD ) y otros gastos inherentes a la compraventa no están incluidos en el precio. ",0,1,LA LLAVE,2,2025.0,1,0,0,0,0,0,0,1,4,2,8,0,0,1,0,0,0,0,0,0,0,0,1,2687.5,1.0,2,Els Pavos
100512656,https://www.idealista.com/inmueble/100512656/,Casa o chalet independiente en venta en Cala Sant Francesc - Santa Cristina,695000,260,4,carrer de la cala,41.681468384042,2.8031333530036924,2025-04-07," Preciosa casa con vistas frontales al mar en la prestigiosa urbanización Santa Cristina. La casa tiene vistas impresionantes al mar  y al bosque. La casa se vende totalmente equipada, amueblada. Se puede acceder a pie a la playa de Santa Cristina.  La casa tiene 3 plantas más la planta de piscina, garaje, piscina privada, jardines, ascensor. El acceso a la casa se hace por la calle principal, desde la calle que es la planta baja se accede a un recibidor desde cual hay una escalera enfrente. El ascensor que pasa por todas las plantas de la casa. En la primera planta se encuentra salón- comedor grande y luminoso con la salida directa a la terraza con muebles de exterior. El salón tiene la chimenea. La cocina independiente está totalmente equipada: nevera, microondas, lavavajillas, vitroceramica, extractor, horno. La cocina tiene salida a la terraza con preciosas vistas al mar. Suite tiene una terraza grande con impresionantes vistas al mar.  En la segunda planta se encuentra 2 habitaciones tipo suite y un baño. Las habitaciones suite de esta planta son muy amplias y muy completas. Las 2 tienen su baño particular, decorado y amueblado. Dentro de las habitaciones hay también armarios empotrados. La piscina grande y bonita. Precioso jardín tiene varias plantas, flores y arboles frutales. Esta casa es un autentico capricho, una elección perfecta para unas vacaciones o vivir todo el año. Buena inversión y alta rentabilidad! Melionor 2007 le asesorará en todo proceso de compra-venta cómo hipotecas, reformas, gestión de alquileres turísticos. Se vende con los muebles. En cumplimiento de la ley 3/2017 del 15 de febrero de 2017 de 15 de febrero, del libro sexto del Código Civil de Cataluña, relativo a las obligaciones y los contratos, se informa a clientes que los gastos notariales, registrales e impuestos que le sean de aplicación y otros gastos inherentes a la compraventa no están incluidos en el precio. ",0,1,Inmo Melionor,3,2001.0,1,0,1,0,0,1,1,1,4,0,10,1,0,0,0,0,0,0,0,1,0,0,0,2673.076923076923,1.3333333333333333,5,Cala Sant Francesc - Santa Cristina
107447140,https://www.idealista.com/inmueble/107447140/,Piso en venta en Semicentre,207900,112,3,"carrer anselm clavé,62",41.677296,2.7873864,2025-03-17," Un piso en Blanes, ideal para disfrutar de la Costa Brava. Con vistas al mar. Al entrar, encontramos un amplio y luminoso comedor que se integra perfectamente con una cocina abierta. La cocina cuenta con una barra, creando un ambiente moderno y funcional, perfecto para comidas informales o reuniones familiares. Los ventanales permiten que la luz natural inunde todo el espacio, realzando la amplitud y la sensación de frescura en todo el piso. El piso dispone de tres habitaciones, incluyendo una suite con baño privado, además de otras dos habitaciones, todas diseñadas para garantizar comodidad y privacidad. También cuenta con un segundo baño con bañera, ideal para el uso diario o para compartir con invitados. Además, incorpora una habitación para la lavadora, maximizando la organización del hogar. Desde la cocina y el comedor se accede al balcón delantero, un espacio perfecto para relajarse al aire libre. Las tres habitaciones dan al balcón trasero. Además, el edificio cuenta con un terrado comunitario para dos vecinos y un trastero, ofreciendo aún más espacio de almacenamiento. Situado en un edificio con solo tres vecinos, con uso de zonas comunes con coeficiente del 21,42%. Este piso ofrece privacidad y comodidad, en una ubicación inmejorable en Blanes, cerca de supermercados, colegios y transporte público. Ideal para quienes buscan un hogar funcional a 10 minutos del mar en coche. CONROMA es una empresa innovadora con un ambiente familiar muy competitivo, que cuenta con más 20 años de experiencia en el sector inmobiliario. Nuestro equipo de agentes proporciona un asesoramiento profesional y personalizado a fin de obtener los mejores resultados. Con una inversión permanente en tecnología, nos colocamos entre las inmobiliarias más eficientes de la zona, ya que nos volcamos en todos los pasos del proceso de comercialización, control y conocimiento del perfil de nuestros clientes, ofreciendo eficacia, flexibilidad y creatividad. En cumplimiento de la ley 3/2917 del 13 de febrero de 2018 del Código civil de Cataluña, por el que se aprueba el Reglamento de Información al Consumidor en la compraventa y arrendamiento de viviendas en Cataluña, informa al cliente que los gastos notariales, registrales e impuestos que le sean de aplicación (ITP o IVA +AJD) y otros gastos inherentes a la compraventa no están incluidos en el precio. ",0,1,CONROMA ASESORES SL,2,1985.5,0,1,0,1,0,0,0,1,3,0,31,0,0,0,0,0,0,1,0,0,0,0,1,1856.25,1.5,3,Semicentre
102005254,https://www.idealista.com/inmueble/102005254/,Casa o chalet en venta en calle de les Escales de l'Aigua,108800,174,3,carrer de les escales de l'aigua,41.6698203,2.7830408,2025-04-04," Casa de 133 m² con 3 habitaciones, 1 baño, cocina y salón distribuidos en varias plantas en venta en Blanes (Gerona). Se encuentra al sur de la localdiad. Cuenta con acceso a todos los servicios básicos: comercios, supermercados, centros educativos, deportivos y de salud, transporte público, servicios de hostelería y restauración, etc. Goza de buenas comunicaciones GI-6831. Está a 600 m de la playa de s'Abanell. ¿Es la casa que tú quieres? Contacta con nosotros. En Aliseda Inmobiliaria tenemos la mayor oferta de inmuebles al mejor precio garantizado. Descubre nuestra amplia oferta inmobiliaria y no pierdas la oportunidad de encontrar la casa perfecta para ti.  Oportunidad de inversión: inmueble ocupado. Consulte con nuestro Agente Comercial la información adicional sobre el inmueble y las condiciones especiales de compraventa. El precio del inmueble ha sido fijado en atención a que el inmueble se adquiera por el comprador en estado de ocupado por lo que no aplicaría dicho precio si en el momento de formalización de la escritura pública el inmueble se encontrara libre de ocupantes. Imposibilidad de visita interior. Las fotografías pueden no corresponderse con el estado actual del inmueble. ",1,1,Aliseda inmobiliaria,1,1985.5,0,0,0,0,0,0,0,0,4,4,13,0,0,1,0,0,0,0,0,1,0,0,0,625.2873563218391,3.0,0,Els Pavos
106284091,https://www.idealista.com/inmueble/106284091/,Piso en venta en Centre,155000,54,2,carrer ample,41.67454693196272,2.791958077322335,2025-02-05," Este piso en pleno centro de Blanes, ubicado en una finca joven y bien conservada con ascensor, es ideal tanto para primera residencia como para segunda vivienda vacacional, ya que se encuentra a solo 3 minutos caminando del centro y la playa. El interior es luminoso y moderno. El salón-comedor es acogedor, mientras que las grandes ventanas permiten la entrada de luz natural, creando un ambiente agradable. El espacio cuenta también con un mueble para TV y acceso directo a un balcón. El piso tiene dos dormitorios. Uno de ellos es más pequeño, con una cama individual, escritorio y un armario de gran capacidad, ideal para visitas o como habitación infantil. El dormitorio principal es más amplio, con cama doble, mesitas de noche y aire acondicionado, lo que añade mayor confort. La cocina, completamente equipada con electrodomésticos modernos como lavadora y horno, también ofrece espacio suficiente para una mesa de comedor, lo que permite disfrutar de comidas en familia o con amigos. Además, cuenta con aire acondicionado para mayor comodidad en los meses cálidos. El baño es funcional y moderno, con ducha y una decoración en tonos neutros que aportan un toque relajante al espacio. El piso está en perfectas condiciones, bien conservado y con una distribución muy práctica. Su ubicación estratégica en el corazón de Blanes, junto con su cercanía a la playa, lo convierten en una oportunidad excelente para quienes buscan una vivienda cómoda, funcional y bien situada en una zona céntrica. ",0,1,Comas Inmobiliaria Blanes,1,2007.0,1,0,0,1,0,0,0,1,2,2,71,0,1,0,0,0,0,0,0,0,0,0,1,2870.3703703703704,2.0,3,Centre
95453945,https://www.idealista.com/inmueble/95453945/,Casa o chalet en venta en Urbanitzacions,598000,270,5,carrer urbanitzacions,41.690927089710506,2.7931287373638796,2025-04-10," Casa de ensueño a solo 6 minutos de la playa de Blanes con vistas fabulosas al mar! Situada en una de las urbanizaciones mas exclusivas de Blanes. Tipo pequeño palacete rústico, cuenta con 270 m2 de casa en un terreno de 500m2 llano. La casa está distribuida en 2 plantas: sótano: amplio parking para hasta 7 coches y una estancia de unos 50m2  para todo tipo de uso. primera planta: cuenta con una gran cocina, gran comedor de unos 40m2 con salida a la terraza que dispone de zonas verdes y una piscina propia de 9x4 m2, y un baño y 2 dormitorios dobles. segunda planta: cuenta con 3 dormitorios y 2 baños completos, unos con hidromasaje. Dispone calefacción por gasoil,   suelos de cerámica y aire acondicionado. Tiene sol todo el día, mucha ventilación y privacidad. Una delicia de casa a un paso del centro, hospital comarcal y de todos los servicios. Si quieres vivir tranquilo, te gustan las grandes estancias y estar cerca de todo esta es sin duda lo que estabas buscando, ven a verla, te enamorarás! En cumplimiento de la ley 3/2917 del 13 de febrero de 2018 del Código civil de Cataluña, por el que se aprueba el Reglamento de Información al Consumidor en la compraventa y arrendamiento de viviendas en Cataluña, se informa al cliente que las gastos notariales, registrales e impuestos que le sean de aplicación (ITP o IVA AJD) y otros gastos inherentes a la compraventa no están incluidos en el precio. ",0,1,LA LLAVE,4,2005.0,0,1,1,0,0,0,1,1,4,3,7,0,0,0,0,0,0,0,1,1,0,0,0,2214.814814814815,1.25,4,Urbanitzacions
107357171,https://www.idealista.com/inmueble/107357171/,Piso en venta en Els Pavos,189000,97,3,"carrer provença,4",41.67561905639978,2.781819036155578,2025-04-04," Bajo con amplio patio en Los Pavos, cerca de todos los servicios. Ubicado en la zona de Los Pavos, este acogedor bajo ofrece una excelente combinación de comodidad y ubicación. Situado cerca de supermercados, cafeterías, carnicerías, escuelas y a solo 5 minutos de la playa, garantiza una vida práctica y funcional. La vivienda cuenta con tres habitaciones, una de ellas dobles con acceso directo a un amplio patio, ideal para disfrutar del aire libre, y una tercera habitación individual. Además, dispone de un cuarto de almacén, perfecto para mantener todo en orden. La cocina independiente es espaciosa y se complementa con un gran lavadero, proporcionando mayor comodidad en el día a día. El baño, equipado con plato de ducha, ha sido diseñado para aprovechar al máximo el espacio. El amplio comedor ofrece múltiples opciones de distribución para crear un ambiente acogedor y funcional. El piso se encuentra en muy buen estado de conservación y ofrece una gran variedad de posibilidades para adaptarlo a tus necesidades. En cumplimiento de la ley 3/2917 del 13 de febrero de 2018 del Código civil de Cataluña, por el que se aprueba el Reglamento de Información al Consumidor en la compraventa y arrendamiento de viviendas en Cataluña, se informa al cliente que los gastos notariales, registrales e impuestos que le sean de aplicación (ITP o IVA AJD) y otros gastos inherentes a la compraventa, no están incluidos en el precio. ",0,1,FINQUES DEKL,1,1980.0,0,0,0,0,0,0,0,0,4,4,13,0,0,1,0,0,0,0,0,0,0,0,1,1948.4536082474226,3.0,0,Els Pavos
107035831,https://www.idealista.com/inmueble/107035831/,Piso en venta en Semicentre,159000,79,3,"carrer anselm clavé,62",41.677296,2.7873864,2025-03-02," Piso ubicado en la mejor zona de Calaguido listo para entrar a vivir, muy amplio y con 3 dormitorios dobles! Cuenta con 79m2 construidos y distribuidos en salón comedor con un balcón exterior con sol de mañanas. Cocina independiente y totalmente equipada. Tiene galeria con zona lavadero y espacio para tender. Dispone de 3 dormitorios dobles, un baño completo con plato de ducha y un pequeño trastero que se podria habilitar con otro baño. Ventanas de aluminio y suelos de gres. Muy bien conservado. Cuenta con calefaccion de gas natural. Finca tranquila con ascensor con buena zona para aparcar y cerca de todos los servicios y comercios de la zona. parking para moto incluido en el precio! No dejes escapar esta oportunidad y ven a verlo hoy mismo! ",0,1,LA LLAVE,1,1966.0,0,1,0,1,0,0,0,0,3,6,46,0,0,0,0,0,0,1,0,0,0,0,1,2012.6582278481012,3.0,2,Semicentre
106105742,https://www.idealista.com/inmueble/106105742/,Piso en venta en Semicentre,154000,51,2,"carrer anselm clavé,62",41.677296,2.7873864,2025-02-05," Este piso de 2 habitaciones se encuentra en la zona del mercado municipal de Blanes, a tan solo 6 minutos del centro, y se encuentra en perfecto estado de conservación. El inmueble dispone de un diseño acogedor con suelos de cerámica y mobiliario en madera, ofreciendo un ambiente cálido y agradable. La cocina está equipada con todos los electrodomésticos necesarios, incluyendo una lavadora integrada, combinando funcionalidad con un estilo limpio y ordenado. El salón comedor es luminoso gracias a grandes ventanales y un balcón y está decorado con muebles de madera que aportan un toque tradicional, creando un espacio ideal para relajarse. El baño cuenta con acabados modernos, incluyendo un plato de ducha con mampara y un mobiliario de baño que maximiza el espacio de almacenamiento. La vivienda también dispone de calefacción por conductos, lo que asegura un confort térmico en todas las estaciones del año. El edificio dispone de ascensor, facilitando el acceso y haciendo de este piso una opción ideal tanto para jóvenes como para personas mayores. La ubicación es excelente, cerca de todos los servicios del mercado y con buena conexión al centro de la ciudad, lo que añade conveniencia y calidad de vida. En resumen, es una excelente opción para quienes buscan un hogar bien cuidado, en una ubicación céntrica y con todas las comodidades modernas. ",0,1,Comas Inmobiliaria Blanes,1,1985.5,1,0,0,1,0,0,0,0,2,2,71,0,0,0,0,0,0,1,0,0,0,0,1,3019.607843137255,2.0,2,Semicentre
107302144,https://www.idealista.com/inmueble/107302144/,Piso en venta en Mont Ferrant - Sant Joan,179000,64,2,"carrer de santa bàrbara, 37-33",41.67704962078834,2.792189439337077,2025-03-05," Bonito piso en la zona de Mont Ferrant, con dos habitaciones, balcón con salida a comedor cocina y habitación con sol de mediodía y tarde. Lavabo de buenas dimensiones y amplio plato de ducha. En muy buen estado y con buenos acabados es una vivienda ideal para parejas o familia de un hij@. El barrio es muy tranquilo y el piso muy luminoso en una finca muy bien cuidada. No dudes en ponerte en contacto con nosotros para más información o para concertar una visita. En cumplimiento de la ley 3/2917 del 13 de febrero de 2018 del Código civil de Cataluña, por el que se aprueba el Reglamento de Información al Consumidor en la compraventa y arrendamiento de viviendas en Cataluña, se informa al cliente que los gastos notariales, registrales e impuestos que le sean de aplicación (ITP o IVA AJD) y otros gastos inherentes a la compraventa, no están incluidos en el precio. ",0,1,FINQUES DEKL,1,2006.0,0,1,0,1,0,0,0,0,3,2,43,0,0,0,0,0,1,0,0,0,0,0,1,2796.875,2.0,2,Mont Ferrant - Sant Joan
100599137,https://www.idealista.com/inmueble/100599137/,Casa o chalet en venta en Cala Sant Francesc - Santa Cristina,990000,220,4,carrer de la cala,41.681468384042,2.8031333530036924,2025-03-04," Bonita casa cerca de la Cala Sant Francesc con parking y terreno de 820 m2 Es una casa con mucho encanto y acogedora, ubicada en la urbanización mejor considerada de Blanes. Cuenta con gran salón comedor con chimenea con unas bonitas vistas a la playa. Dispone de 4 dormitorios y 3 baños ( se podrían hacer 5 baños con una pequeña reforma) Calefacción por gas, suelos de gres. Una casa con sol todo el día y con un terreno llano de 820m2 donde se podría construir una piscina.  Un lugar privilegiado. comunidad que cuenta con piscina comunitaria y parking junto la cala solo para los socios y propietarios. ",0,1,LA LLAVE,3,1980.0,0,1,1,0,0,0,1,0,3,1,44,1,0,0,0,0,0,0,0,1,0,0,0,4500.0,1.3333333333333333,3,Cala Sant Francesc - Santa Cristina
107602616,https://www.idealista.com/inmueble/107602616/,Piso en venta en calle Nil M. Fabra,265000,80,3,carrer nil m. fabra,41.65944365,2.7803177000000003,2025-04-05," PISO EN EXCLUSIVA DE 3 HABITACIONES A 50 METROS DE LA PLAYA NOVENA PLANTA CON ASCENSOR PISO EXTERIOR ESQUINERO CON VISTA AL MAR y en zona muy tranquila. Piso Consta de 3 habitaciones con parquet, baño completo, cocina tipo office con vitrocerámica, gran salón comedor con impresionantes vistas con salida a balcón de 14 m2. carpintería exterior de aluminio. suelos de gres. Consta de dos dormitorios, uno individual con armario empotrado y otro doble también con armario empotrado, un baño completo, gran salón comedor con salida a balcón de unos 14 m2, comedor salida directa al balcón ventanas de PVC, todo exterior tanto el baño, cocina Salón y dormitorios. orientación sur, muy soleado y luminoso con vistas al mar. situado en zona muy tranquila a un pasito de la playa. Ideal primera vivienda segunda residencia o inversión. ",0,1,Blanes.com,1,1985.5,1,0,0,1,0,0,0,0,4,5,12,0,0,0,1,0,0,0,0,0,0,0,1,3312.5,3.0,2,Els Pins
107703825,https://www.idealista.com/inmueble/107703825/,Piso en venta en Centre,236000,98,2,carrer ample,41.67454693196272,2.791958077322335,2025-04-04," Enamórate de la vida en este espectacular triplex con ático en el corazón de Blanes. ¿Sueñas con despertar cada día a un paso del mar, en una encantadora ciudad costera? Este triplex en el corazón de Blanes te ofrece la oportunidad de vivir la vida que siempre has deseado. Imagina... a solo una calle del mar, en una pintoresca calle típica, y a 5 minutos reales de la playa. ¡Esto no es solo una casa, es un estilo de vida! Un hogar que lo tiene todo: Ubicación de ensueño: En el corazón de Blanes, rodeado de la vibrante vida urbana y comercial, pero con la tranquilidad de una calle con encanto. A un paso de la playa y a solo 1 hora de la frontera y de Barcelona. Listo para entrar a vivir: Esta casa te espera con los brazos abiertos, lista para que la conviertas en tu hogar. Primera planta: •Un luminoso vestíbulo te da la bienvenida, con una elegante escalera de mármol blanco que te invita a descubrir más. •Un baño completo con ducha/balneario, WC y lavabo, para relajarte después de un día de playa. •Una habitación doble con armarios empotrados de alta calidad y un gran ventanal con acceso a un balcón. Segunda planta: •Un salón comedor perfecto para compartir momentos inolvidables, con un sofá convertible para invitados. •Una cocina abierta de diseño, equipada con electrodomésticos de alta gama (nevera, lavavajillas, horno, microondas). •Un baño de cortesía para mayor comodidad. •Un amplio balcón con vistas a la calle peatonal, ideal para disfrutar del aire libre. •Interfono y sistema de sonido integrado para tu confort. Tercera planta: •Un dormitorio doble con armarios empotrados de alta calidad, un oasis de tranquilidad. •Un baño completo con bañera, WC y lavabo, para un relax total. •Un gran salón acristalado con acceso a una terraza, un espacio versátil y luminoso. Conexión con estilo: Los tres pisos están conectados por una elegante escalera en espiral de madera maciza (con posibilidad de instalar un elevador de escaleras). Extras que marcan la diferencia: 1.Calefacción y climatización reversible integrada en las tres plantas (¡un sistema de 8.000 € instalado recientemente, sin coste adicional!). 2.Sistema de aspiración centralizada para una limpieza fácil. 3.Ventanas con doble acristalamiento, marcos de aluminio y persianas eléctricas para tu confort y eficiencia energética. 4.Línea telefónica fija, WIFI y televisión para estar siempre conectado. 5.Una terraza abierta al cielo, accesible desde la terraza del tercer piso, para disfrutar de las estrellas. Más que una casa, un hogar con alma: Este triplex es mucho más que una propiedad. Es un espacio con carácter y singularidad, donde cada rincón te invita a vivir intensamente. Imagina las cenas con amigos en la terraza, los paseos por la playa al atardecer, la comodidad de tener todo a tu alcance... ¡No dejes escapar esta joya! Si buscas un hogar que combine la esencia de la vida costera con la comodidad de la vida urbana, este triplex es para ti. ¡Ven a descubrirlo y prepárate para enamorarte! ¡Tu nuevo capítulo en Blanes te espera! ",0,1,RE/MAX Jumbo Mar,3,2007.0,1,0,0,0,0,0,0,1,4,4,13,0,1,0,0,0,0,0,0,0,0,0,1,2408.1632653061224,0.6666666666666666,2,Centre
106095454,https://www.idealista.com/inmueble/106095454/,Estudio en venta en avenida del Mediterrani,117500,30,0,avinguda del mediterrani,41.66644474205677,2.7795398720528883,2025-03-31," ¡Descubre tu refugio perfecto junto al mar! Este encantador estudio de 30 m² útiles te invita a disfrutar de unas vistas impresionantes desde la planta 10 de un edificio con ascensor. Su orientación oeste garantiza una luz natural que inunda cada rincón del espacio diáfano, creando un ambiente acogedor y luminoso. La cocina americana se integra perfectamente en el espacio, ideal para quienes buscan funcionalidad y estilo. Relájate en la terraza mientras contemplas el horizonte marítimo y deja que el sonido de las olas te envuelva. El baño ha sido reformado con un moderno plato de ducha, ofreciendo comodidad y diseño contemporáneo. El edificio, construido en 1972, cuenta con una piscina comunitaria y una zona ajardinada con área infantil, perfectas para disfrutar del aire libre. Esta es una excelente oportunidad, ya sea para personalizar tu hogar o como inversión. No dejes pasar la ocasión de vivir en un entorno privilegiado y hacer realidad tus sueños frente al mar. ¡Ven a visitarlo y enamórate de tu nuevo hogar! ",0,1,Blanes.com,1,1972.0,1,0,0,1,0,0,1,0,3,0,17,0,0,0,1,0,0,0,0,0,1,0,0,3916.6666666666665,0.0,3,Els Pins
107129724,https://www.idealista.com/inmueble/107129724/,Dúplex en venta en avenida Extremadura,189000,97,3,avinguda extremadura,41.66840593875128,2.7768757983649746,2025-03-10," Gran ático dúplex muy muy soleado con la mejor orientación, sol todo el día Edificio del año 2000 con ascensor. Finca totalmente exterior. En la planta inferior de la vivienda, tenemos un distribuidor que nos conduce a un baño completo de cortesía, cocina office independiente, amplio salón muy luminoso de 30 m2 dividido en 2 zonas. En esta planta también tenemos un dormitorio individual, exterior y luminoso y un balcón de 5 m2. A la planta superior se accede por una amplia y cómoda escalera que nos conduce a un zona aboardillada donde nos encontramos un baño completo, un dormitorio individual, todos con acceso directo a la terraza de 18 m2, Calefacción gas natural en todo el piso y caldera de gas. En cumplimiento de la ley 3/2917 del 13 de febrero de 2018 del CODIGO CIVIL DE CATALUNYA, por el que se aprueba el Reglamento de Información al Consumidor en la compraventa y arrendamiento de viviendas en CATALUÑA, se informa al cliente que los gastos notariales, registrales e impuestos que le sean de aplicación ( ITP ó IVA + AJD ) y otros gastos inherentes a la compraventa no están incluidos en el precio. Precio. ",0,1,Blanes.com,2,2000.0,1,0,0,1,0,0,0,0,3,0,38,0,0,0,0,1,0,0,0,0,0,0,1,1948.4536082474226,1.5,2,La Plantera
106749882,https://www.idealista.com/inmueble/106749882/,Piso en venta en Cala Sant Francesc - Santa Cristina,598000,144,4,carrer de la cala,41.68057478687336,2.8062159481904767,2025-04-02," Ubicado en la exclusiva y codiciada zona de Cala Sant Francesc en la Costa Brava, este amplio piso de 4 habitaciones ofrece una combinación perfecta de confort, exclusividad y rentabilidad. Con vistas directas al mar y a pocos pasos de la playa, esta propiedad es ideal tanto como residencia privada como inversión para alquiler turístico ya que dispone de la codiciada licencia turística. El piso dispone de una generosa terraza orientada al sur, bañada por el sol durante todo el día, perfecta para disfrutar de las impresionantes vistas y el clima mediterráneo. Al entrar, encontrarás un luminoso salón, una cocina independiente con lavadero, y cuatro dormitorios, uno de ellos con baño en suite. Dos de los dormitorios tienen acceso directo a la terraza. Además, cuenta con un segundo baño completo y aire acondicionado en todas las estancias para garantizar el máximo confort. La propiedad incluye dos plazas de aparcamiento, una interior y otra exterior, y forma parte de una comunidad que ofrece servicios exclusivos como dos grandes piscinas, pistas de tenis, y servicio de vigilancia 24 horas. También tendrás acceso al prestigioso Club Social Cala Sant Francesc, con instalaciones como jardines, piscina privada y un centro social a solo 100 metros. Cala Sant Francesc es una joya de la Costa Brava, conocida por su ambiente tranquilo, aguas cristalinas y su playa de arena fina rodeada de pinos. Esta urbanización de alto nivel combina la serenidad de la naturaleza con la cercanía a los servicios y la vibrante ciudad de Blanes. Su ubicación privilegiada, junto con la exclusividad de sus instalaciones, hace de Cala Sant Francesc un destino único para quienes buscan calidad de vida y privacidad. Contáctanos para más información o para organizar una visita. ¡No pierdas la oportunidad de adquirir esta propiedad única! [IW]. ",0,1,Sale and Rental Spain,2,1981.0,1,0,1,0,0,0,1,1,4,2,15,1,0,0,0,0,0,0,0,0,0,0,1,4152.777777777777,2.0,4,Cala Sant Francesc - Santa Cristina
104704367,https://www.idealista.com/inmueble/104704367/,Casa o chalet independiente en venta en Urbanitzacions,650000,292,7,carrer urbanitzacions,41.690927089710506,2.7931287373638796,2025-04-15," ¡Bienvenidos a esta exclusiva casa con licencia turística y vistas al mar y la montaña en Blanes, en la maravillosa Costa Brava! Situada en la prestigiosa urbanización Vista Mar, esta encantadora residencia de estilo mediterráneo ofrece una experiencia de vida incomparable. A tan solo 5 minutos en coche del centro de Blanes y de su hermosa playa, esta casa cuenta con aproximadamente 292 metros cuadrados construidos en una parcela de unos 689 metros cuadrados. Al entrar, serás recibido por un amplio recibidor que te conducirá hacia un luminoso salón-comedor con chimenea, donde podrás disfrutar de las increíbles vistas al mar y a las montañas. Además, una espaciosa cocina office con otra chimenea te lleva a una gran terraza porche, perfecta para disfrutar del jardín, la zona de barbacoa y la piscina. También en esta planta encontrarás un baño con ducha, dos dormitorios dobles, una despensa y un lavadero. En la planta superior, encontrarás la impresionante habitación principal con chimenea y acceso a una gran terraza privada, así como un lujoso baño principal con bañera de hidromasaje y ducha. Además, hay tres dormitorios dobles adicionales y otro baño completo. La propiedad está equipada con calefacción de gasoil y cuenta con un garaje para dos coches. Gracias a su ubicación elevada, podrás disfrutar de las espectaculares vistas desde casi cualquier punto de la casa. Además, en la zona de la piscina, hay un porche cubierto perfecto para los días de verano. Además esta casa también cuenta con licencia turística, ofreciéndo la oportunidad de disfrutarla como una inversión rentable en alquiler vacacional. Blanes ofrece una combinación perfecta entre hermosas playas, encantadoras zonas residenciales como Vista Mar, y una vida urbana animada con diversas opciones de ocio y servicios. Esta ciudad de la Costa Brava es ideal tanto para vivir todo el año como para disfrutar de unas vacaciones inolvidables, gracias a su clima mediterráneo, sus impresionantes vistas al mar y sus múltiples actividades al aire libre. Además, su proximidad a Barcelona y su buena conexión de transporte la convierten en un lugar muy atractivo tanto para residentes como para turistas. Esta propiedad es ideal tanto para residir todo el año como para disfrutar de unas vacaciones inolvidables en la Costa Brava. ¡No dudes en contactarnos para obtener más información sobre esta maravillosa oportunidad! [IW]. ",0,1,Sale and Rental Spain,3,1980.0,1,0,1,0,0,1,1,0,4,1,2,0,0,0,0,0,0,0,1,1,0,0,0,2226.027397260274,2.3333333333333335,4,Urbanitzacions
107071127,https://www.idealista.com/inmueble/107071127/,Piso en venta en Semicentre,207000,85,3,"carrer anselm clavé,62",41.677296,2.7873864,2025-04-03," ¡Bienvenidos a este encantador piso en Blanes! Situado en la tranquila zona de Mas Florit - Ca la Guido, este luminoso piso ofrece una oportunidad única para disfrutar de la Costa Brava. La vivienda cuenta con un amplio y acogedor salón-comedor que se abre a un balcón soleado, perfecto para relajarse o disfrutar de momentos al aire libre. La cocina independiente, totalmente equipada, dispone de un práctico pasaplatos que comunica con el comedor, brindando funcionalidad y comodidad en el día a día. También cuenta con una galería, ideal como espacio adicional para almacenamiento o lavandería. El piso incluye dos baños: un bonito baño en suite ubicado en el dormitorio principal, que ofrece privacidad y confort, y otro baño completo con bañera. El dormitorio principal es amplio y luminoso, mientras que las otras dos habitaciones son perfectas para familiares, invitados o como oficina. Un valor añadido de esta vivienda es su trastero, que proporciona un espacio extra para guardar enseres y mantener la casa organizada. El edificio está en perfeto estado de conservación y cuenta con una comunidad de vecinos tranquila y agradable. Su ubicación es inmejorable, con todos los servicios necesarios a poca distancia: supermercados, colegios, zonas verdes y transporte público. Además, la playa de Blanes se encuentra a pocos minutos, lo que le permitirá disfrutar del mar y del estilo de vida mediterráneo siempre que lo desee. Blanes, conocida como la puerta de entrada a la Costa Brava, es un lugar que enamora por su encanto único. Este municipio combina la belleza de sus paisajes con una rica historia y una vibrante oferta cultural. Sus playas, como la extensa S'Abanell o la tranquila cala Sant Francesc, ofrecen opciones para todos los gustos. Además, Blanes es hogar de los reconocidos jardines botánicos Marimurtra y Pinya de Rosa, ideales para los amantes de la naturaleza. También destaca el castillo de Sant Joan, desde el cual se pueden disfrutar vistas panorámicas espectaculares, y su famoso Concurso Internacional de Fuegos Artificiales, que ilumina el cielo cada verano. Blanes es el lugar perfecto para quienes buscan calidad de vida en un entorno natural privilegiado. No deje pasar esta oportunidad de vivir en un entorno inigualable. ¡Contáctenos para más información o para concertar una visita! [IW]. ",0,1,Sale and Rental Spain,2,1997.0,1,0,0,1,0,0,0,1,4,3,14,0,0,0,0,0,0,1,0,0,0,0,1,2435.294117647059,1.5,3,Semicentre
105013902,https://www.idealista.com/inmueble/105013902/,Estudio en venta en Els Pins,116000,23,0,carrer vila de paris,41.66407367300141,2.783408558724116,2024-12-24," Finques Sa Palomera presenta: tu nuevo hogar en Los Pinos, Blanes Te ofrecemos este encantador y funcional estudio de 23 m², ubicado en el deseado barrio de Los Pinos, Blanes. Este espacio, cuidadosamente diseñado, aprovecha cada rincón para ofrecerte comodidad y practicidad, siendo ideal tanto para vivir como para invertir. Detalles del estudio: Baño completo: Moderno y en excelente estado. Cocina equipada: Totalmente amueblada y lista para su uso desde el primer día. Distribución eficiente: Perfectamente diseñada para maximizar cada metro cuadrado. Terraza privada: Pequeña pero encantadora, ideal para disfrutar de tus mañanas con un café o relajarte al final del día. Ubicación estratégica: Ubicado en Los Pinos, una zona que combina la tranquilidad residencial con la proximidad al dinámico centro de Blanes y sus hermosas playas. Este equilibrio perfecto hace de este estudio una opción destacada tanto para quienes buscan su primera vivienda como para aquellos interesados en una inversión rentable en una ubicación privilegiada. ¡No dejes escapar esta oportunidad única! Contáctanos ahora mismo para más información o para programar una visita. Finques Sa Palomera, la porta a la seva vivenda. ",0,1,Finques sa palomera,1,1985.5,1,0,0,1,0,0,0,1,12,1,114,0,0,0,1,0,0,0,0,0,1,0,0,5043.478260869565,0.0,3,Els Pins
101372511,https://www.idealista.com/inmueble/101372511/,Piso en venta en Els Pavos,250000,97,3,"carrer provença,4",41.67561905639978,2.781819036155578,2025-04-14," Maravilloso piso situado en una finca con ascensor y plaza de parking en el barrio Mas Torrents de Blanes. Consta de un soleado y amplio salón-comedor con salida a la terraza, una cocina-office también con acceso a la terraza, un dormitorio-suite con su propio baño, un dormitorio doble, un dormitorio individual, todos con salida al balcón, y otro cuarto de baño. El piso se encuentra en perfecto estado. Los muebles que aparecen en la foto pueden adquirirse opcionalmente. Organice la visita, le va a gustar sin duda! ***La descripción expuesta es meramente informativa, puede contener errores involuntarios y no tiene valor contractual. ***. ",0,1,QS Estate Agency,2,2009.0,1,0,1,1,0,0,0,1,4,0,3,0,0,1,0,0,0,0,0,0,0,0,1,2577.319587628866,1.5,4,Els Pavos
107935080,https://www.idealista.com/inmueble/107935080/,Piso en venta en calle de Mallorca,260000,70,2,carrer de mallorca,41.66634913537327,2.7787457083287403,2025-04-16," Housfy vende encantador piso en Blanes. Una vivienda luminosa y ubicada en un entorno idóneo para disfrutarlo. Este piso fue construido en el año 1999. Características: - Perfecto piso de 70 m2 en Els Pins. (Los metros cuadrados están verificados con la Dirección General de Catastro) - Contamos con todas las comodidades posibles de 2 habitaciones y 1 baño, perfecto para una familia. - Con una apropiada cocina equipada con todo lo necesario. (El horno, la vitrocerámica y la caldera se han cambiado recientemente) - Cálido salón-comedor con amplio espacio de luz natural con acceso directo a la terraza.  - Terraza de 15m² con acceso a la zona comunitaria.  - Exterior. - Ascensor. - Piscina comunitaria para practicar un de los deportes más completos. - Además de un funcional jardín comunitario con zona infantil y piscina.  No lo dudes más y contacta con nosotros para agendar una visita, conseguiremos la vivienda de tus sueños. El precio de venta no incluye gastos de la compraventa como notaría, registro, impuestos, ni tampoco honorarios agencia. Esta publicación no es vinculante. Consulta siempre la nota simple con Housfy antes de formalizar la compraventa. Sobre nosotros Housfy es la plataforma integral de servicios inmobiliarios. Nuestra combinación de expertos y tecnología pone al alcance de todo el mundo servicios cómodos, claros y seguros. AICAT número: 7922 Para tu seguridad, nunca cobramos honorarios ni reservas de inmuebles en alquiler antes de la firma del contrato de reserva Nos encargamos de la gestión y asesoramiento de la compra. ¡Olvídate de todo! Hacemos los trámites por ti. Y, si además necesitas financiación, ponemos a tu disposición un bróker hipotecario para ayudarte a conseguir las mejores condiciones para tu perfil económico. ¿Tienes alguna duda? Pregúntanos sin compromiso o visítanos en housfy. com. ",0,1,Housfy,1,1999.0,1,0,0,1,0,0,1,0,4,2,1,0,0,0,1,0,0,0,0,0,0,0,1,3714.285714285714,2.0,3,Els Pins
106792099,https://www.idealista.com/inmueble/106792099/,Piso en venta en avenida Vila de Madrid,210000,100,2,avinguda vila de madrid,41.65688477128467,2.7789646683159557,2025-03-06," ¡Descubre tu nuevo hogar en la encantadora localidad de Blanes! Este piso, ubicado en la prestigiosa zona de Los Pinos, te ofrece la oportunidad de vivir a un paso del mar y a solo 10 minutos caminando del centro del pueblo. Con 120 m² construidos y 97 m² útiles, esta vivienda es perfecta para disfrutar de la costa con todas las comodidades. El piso cuenta con dos habitaciones dobles exteriores que se abren a un balcón privado, permitiendo la entrada de luz natural y brisa marina. El salón comedor es amplio y luminoso, ideal para reuniones familiares o momentos de relax. La cocina independiente está completamente equipada, lista para que prepares tus platos favoritos. El baño completo dispone de un moderno plato de ducha. La joya de este inmueble es su terraza esquinera de 20 m², perfecta para disfrutar del sol y las vistas. Además, el edificio ha sido recientemente reformado, incluyendo fachada y barandas, garantizando un aspecto moderno y seguro. Disfruta de la zona comunitaria con dos piscinas de agua salada y una zona de hamacas, todo un lujo para los días calurosos. Este piso se encuentra en la primera planta con ascensor, y está equipado con ventanas de aluminio doble cristal, armarios empotrados, suelo de parquet, puertas de madera, puerta de seguridad y sistema de alarma. Todo listo para entrar a vivir. No pierdas esta increíble oportunidad de vivir cerca del mar en un entorno privilegiado. ¡Ven a visitarlo y enamórate! ",0,1,Elegance Estate,1,1980.0,1,0,0,1,0,0,1,0,3,3,42,0,0,0,1,0,0,0,0,0,0,0,1,2100.0,2.0,3,Els Pins
107389173,https://www.idealista.com/inmueble/107389173/,Piso en venta en La Plantera,245000,190,3,carrer béjar,41.66839367930616,2.775473038042611,2025-04-16," Este magnífico piso en venta se encuentra ubicado en Blanes, en la zona plana del pueblo y cerca de todos los servicios. Se sitúa en la cuarta planta del edificio y cuenta con una superficie total de 190 m², de los cuales 115 m² son útiles. Dispone de tres habitaciones dobles, dos baños completos. Entre sus características, destacan; ascensor, balcón, calefacción de gas natural, carpintería exterior de aluminio, carpintería interior de aluminio y madera, cocina, comedor, lavadero, terraza y trastero. Además, cuenta con una orientación sureste que le proporciona mucha luminosidad y sol durante gran parte del día. Este piso es ideal para aquellos que buscan amplitud y comodidad en un entorno tranquilo y bien comunicado con todos los servicios necesarios cercanos. No pierdas la oportunidad de visitarlo. CONROMA es una empresa innovadora con un ambiente familiar muy competitivo, que cuenta con más 20 años de experiencia en el sector inmobiliario. Nuestro equipo de agentes proporciona un asesoramiento profesional y personalizado a fin de obtener los mejores resultados. Con una inversión permanente en tecnología, nos colocamos entre las inmobiliarias más eficientes de la zona, ya que nos volcamos en todos los pasos del proceso de comercialización, control y conocimiento del perfil de nuestros clientes, ofreciendo eficacia, flexibilidad y creatividad. En cumplimiento de la ley 3/2917 del 13 de febrero de 2018 del Código civil de Cataluña, por el que se aprueba el Reglamento de Información al Consumidor en la compraventa y arrendamiento de viviendas en Cataluña, informa al cliente que los gastos notariales, registrales e impuestos que le sean de aplicación (ITP o IVA +AJD) y otros gastos inherentes a la compraventa no están incluidos en el precio. ",0,1,Conroma La Selva Blanes,2,1985.5,1,0,0,1,0,0,0,0,4,2,1,0,0,0,0,1,0,0,0,0,0,0,1,1289.4736842105262,1.5,2,La Plantera
106678280,https://www.idealista.com/inmueble/106678280/,"Piso en venta en calle Sant Bonós, 22",181250,49,1,"carrer sant bonós, 22",41.673397191328206,2.7888824786952617,2024-11-27," ¡Presentamos nueva promoción en Blanes! Residencial Sant Bonós ubicado en la mejor zona de Blanes. Edificio compuesto de 3 plantas incluido planta baja con viviendas de 1, 2 y 3 habitaciones incluido dúplex, amplios balcones en cada una de las viviendas, ascensor y plazas de parking subterráneo (no incluidas en el precio). PRECIO DESDE 181.250 € Las viviendas ofrecerán acabados de primera calidad. Esta promoción ofrecerá todas las comodidades que uno pueda desear, como las cocinas bien diseñadas, equipadas con horno, placa de inducción y campana extractora, sistema de aerotermia con aire acondicionado frío/calor por conductos en toda la vivienda y suelo de cerámica de máxima calidad. Ubicación perfecta, a 5 minutos de la playa, rodeada de servicios y a escasos minutos del paseo marítimo. Cuenta con buenas comunicaciones, con fácil acceso a la N-ll y C-32. En cumplimiento de la ley 3/2917 del 13 de febrero de 2018 del CODIGO CIVIL DE CATALUNYA, por el que se aprueba el Reglamento de Información al Consumidor en la compraventa y arrendamiento de viviendas en CATALUÑA, se informa al cliente que los gastos notariales, registrales e impuestos que le sean de aplicación ( ITP ó IVA + AJD ) y otros gastos inherentes a la compraventa no están incluidos en el precio. ",0,1,Blanes.com,1,1985.5,0,0,0,1,0,0,0,0,11,2,141,0,1,0,0,0,0,0,0,0,0,0,1,3698.9795918367345,1.0,1,Centre
100991782,https://www.idealista.com/inmueble/100991782/,Casa o chalet independiente en venta en paseo Cortils i Vieta,2910000,600,6,passeig cortils i vieta,41.67220716272651,2.790415891742099,2025-04-16," Bienvenidos a esta villa situada en Blanes, La Selva, Girona. Esta propiedad ofrece un entorno de lujo y confort, con vistas panorámicas al mar que invitan a disfrutar de la tranquilidad y la belleza natural. Villa exclusiva a primera línea del mar y con acceso directo a la cala Sant Francesc (Blanes) Ubicada en una de las mejores zonas residenciales de la costa Brava y a solo 60 km de Barcelona. Esta ubicación garantiza a los propietarios de las villas paz, tranquilidad y hermosas vistas no solo al mar, sino también a las colinas circundantes. Cabe destacar que la urbanización está vigilada, tiene su propia playa en forma de una acogedora y pintoresca bahía rodeada de rocas. Los residentes cuentan con canchas de tenis, un club social y un restaurante en la playa. El puerto deportivo más cercano está a 5 minutos en coche. La casa de 600 m2 cuenta con un amplio salón chimenea y salidas al porche, cocina independiente totalmente equipada, 6 dormitorios, 5 baños, garaje para 2 coches, bodega. Con una parcela de 2000 m2, piscina y hermoso jardín y unas espectaculares vistas al mar ya que la casa se encuentra en una colina.   Consulta nuestro exclusivo servicio de Rehabilitaciones. ",0,1,Cottage Properties,5,1979.0,0,0,1,0,0,0,1,0,4,2,1,0,1,0,0,0,0,0,0,1,0,0,0,4850.0,1.2,2,Centre
25140690,https://www.idealista.com/inmueble/25140690/,Casa o chalet independiente en venta en calle Pere Puig i Llensa,990000,450,4,carrer pere puig i llensa,41.67504655905693,2.791264535468244,2024-11-20," Descubre esta impresionante masía catalana ubicada en el corazón de Blanes, donde la tradición se encuentra con el confort moderno. Con una parcela de 700 m², esta propiedad ofrece vistas panorámicas sobre la ciudad y el mar, creando un entorno idílico para disfrutar cada día. La casa, con una superficie construida de 450 m², se distribuye en dos plantas y una buhardilla. En la planta baja, encontrarás una cocina independiente, un comedor acogedor y un amplio salón con chimenea, ideal para las noches de invierno. La planta superior alberga tres dormitorios dobles con armarios empotrados, uno de ellos en suite, y un baño completo. La buhardilla ha sido transformada en un elegante dormitorio en suite con baño propio, perfecto para invitados o para disfrutar de privacidad. Además, la casa cuenta con climatización centralizada, asegurando confort durante todo el año. El garaje tiene capacidad para dos coches y el sótano abierto ofrece una sala polivalente que se adapta a tus necesidades. El exterior no se queda atrás, con una gran parcela que incluye una terraza con zona de barbacoa y un pequeño huerto para los amantes de la jardinería. Construida en 1958 y mantenida en excelente estado, esta masía combina el encanto del pasado con las comodidades del presente. Con orientación sur y este, disfruta de una iluminación natural envidiable. No pierdas la oportunidad de vivir en un lugar único que ofrece tranquilidad y belleza en cada rincón. Gastos notariales, registrales e impuestos no incluidos en el precio. ¡Ven a descubrir tu nuevo hogar en Blanes! ",0,1,Blanes.com,4,1958.0,0,0,1,0,0,0,0,1,11,2,148,0,1,0,0,0,0,0,0,1,0,0,0,2200.0,1.0,2,Centre
106678268,https://www.idealista.com/inmueble/106678268/,"Piso en venta en calle Sant Bonós, 22",237800,60,2,"carrer sant bonós, 22",41.673397191328206,2.7888824786952617,2024-11-27," ¡Presentamos nueva promoción en Blanes! Residencial Sant Bonós ubicado en la mejor zona de Blanes. Edificio compuesto de 3 plantas incluido planta baja con viviendas de 1, 2 y 3 habitaciones incluido dúplex, amplios balcones en cada una de las viviendas, ascensor y plazas de parking subterráneo (no incluidas en el precio). PRECIO DESDE 181.250 € Las viviendas ofrecerán acabados de primera calidad. Esta promoción ofrecerá todas las comodidades que uno pueda desear, como las cocinas bien diseñadas, equipadas con horno, placa de inducción y campana extractora, sistema de aerotermia con aire acondicionado frío/calor por conductos en toda la vivienda y suelo de cerámica de máxima calidad. Ubicación perfecta, a 5 minutos de la playa, rodeada de servicios y a escasos minutos del paseo marítimo. Cuenta con buenas comunicaciones, con fácil acceso a la N-ll y C-32. En cumplimiento de la ley 3/2917 del 13 de febrero de 2018 del CODIGO CIVIL DE CATALUNYA, por el que se aprueba el Reglamento de Información al Consumidor en la compraventa y arrendamiento de viviendas en CATALUÑA, se informa al cliente que los gastos notariales, registrales e impuestos que le sean de aplicación ( ITP ó IVA + AJD ) y otros gastos inherentes a la compraventa no están incluidos en el precio. ",0,1,Blanes.com,1,1985.5,0,1,0,1,0,0,0,0,11,2,141,0,1,0,0,0,0,0,0,0,0,0,1,3963.3333333333335,2.0,2,Centre
105980095,https://www.idealista.com/inmueble/105980095/,"Estudio en venta en avenida del Mediterrani, 5",127500,30,0,"avinguda del mediterrani, 5",41.66500504207291,2.7833923188077305,2025-03-10," ¡Descubre tu oasis junto al mar! Este encantador estudio de 30 m² te ofrece la oportunidad de vivir en primera línea de mar, con vistas panorámicas desde una terraza privada en la planta 10. Imagina despertar cada mañana con el sonido de las olas y disfrutar de una iluminación natural excepcional gracias a su orientación sur. El edificio, construido en 1972, cuenta con ascensor para tu comodidad. La cocina y el baño han sido recientemente reformados, proporcionando un toque moderno y funcional a este acogedor espacio. Además, podrás disfrutar de una piscina comunitaria y un jardín, ideales para relajarte y desconectar. Aunque el estudio es de segunda mano y puede requerir algunas reformas adicionales, su ubicación privilegiada lo convierte en una oportunidad única para aquellos que sueñan con vivir frente al mar. No dejes pasar esta ocasión de hacer realidad tu sueño costero. ",0,1,Blanes.com,1,1972.0,0,0,0,1,1,0,1,0,3,0,38,0,0,0,1,0,0,0,0,0,1,0,0,4250.0,0.0,2,Els Pins
102270660,https://www.idealista.com/inmueble/102270660/,Casa o chalet independiente en venta en camino de Santa Cristina,695000,226,3,carrer camino de santa cristina,41.68073694570642,2.8053933238100295,2025-04-15," Bonita villa situada en la urbanización Santa Cristina, justo sobre el jardín botanico Piña de Rosa. Ofrece agradables vistas al mar y al bosque, así como gran proximidad a la playa y a Blanes y Lloret de Mar, dos de los municipios con más actividad durante todo el año y multiples servicios.  La propiedad se encuentra en buen estado y dispone de garaje amplio y a pie de calle, jardín, piscina, ascensor, tres habitaciones suites con baño completo y un luminoso recibidor. En la primera planta, tenemos un gran salón, terraza con vistas al mar, chimenea y cocina independiente totalmente equipada. También hay una suite con baño y muy buenas vistas al mar. En segunda planta, encontramos dos habitaciones con baño propio y un aseo de cortesía. En la parte superior, hay una gran piscina, jardín muy bien cuidado y terraza. Por su parte, el ascensor conecta todos los niveles desde el garaje.  Además, la propiedad dispone de licencia turística. ",0,1,Lucas Fox Costa Brava,3,2001.0,0,1,1,0,0,1,1,1,4,1,2,1,0,0,0,0,0,0,0,1,0,0,0,3075.221238938053,1.0,5,Cala Sant Francesc - Santa Cristina
103851635,https://www.idealista.com/inmueble/103851635/,Casa o chalet independiente en venta en paseo de Carles Faust,2450000,560,11,passeig de carles faust,41.675882574372025,2.801212791287493,2025-03-28," Majestuosa villa en una privilegiada ubicación en Blanes, frente al mar y al famoso jardín botánico de Marimurtra, rodeada de zonas verdes, con vistas espectaculares al mar y al puerto de Blanes. Además, está a poca distancia a pie de la ciudad y del puerto de Blanes.  La vivienda goza de sol durante todo el día, gracias a su orientación, con una gran fachada. Dispone de jardín en tres niveles con aproximadamente 2.500 m², con árboles frutales, olivos y otra vegetación típica de la zona mediterránea.  La vivienda consta de una casa principal, más otras tres casas adosadas prácticamente iguales entre sí, dos zonas de aparcamiento, una antigua torre de agua y varios accesos.  La casa principal es una gran villa de 450 m² que está distribuida en planta baja, primera planta y planta semisótano. La planta baja cuenta con un gran salón-comedor, una sala de estar con chimenea y con salida a una gran terraza de 50 m² que rodea la esquina de la casa y ofrece vistas al mar y acceso al jardín. También goza de cocina y un gran recibidor. La planta superior presenta dos dormitorios, un cuarto de baño y una terraza de 20 m². Por una escalera, bajamos a la planta semisótano que está destinada a garaje.  Las tres casitas que quedan adosadas a la casa principal son prácticamente iguales y con entradas independientes cada una. Se distribuyen en una entrada, una cocina, un salón con chimenea, una terraza de 5 m² con vistas al mar y en la parte baja, los dormitorios.  La parcela dispone de un porche con cuatro plazas de aparcamiento y debajo de la casa principal hay un garaje semiabierto con capacidad para otros cinco coches. La vivienda tiene una torre de piedra, con un trastero, un lavadero y un baño con ducha bajo la torre.  Esta vivienda goza de excelentes atractivos como su ubicación, orientación y dimensiones del terreno. Aunque se encuentra en buen estado de conservación, requiere de trabajos de actualización y mejora para aumentar el potencial de la finca. Actualmente no dispone de piscina, pero hay espacio y opción a hacerla.  Póngase en contacto para más información. ",0,1,Lucas Fox Costa Brava,9,1976.0,0,1,1,0,1,1,0,1,3,4,20,1,0,0,0,0,0,0,0,1,0,0,0,4375.0,1.2222222222222223,4,Cala Sant Francesc - Santa Cristina
104237602,https://www.idealista.com/inmueble/104237602/,"Casa o chalet independiente en venta en calle de la Cala, 10",3500000,680,7,"carrer de la cala, 10",41.68057478687336,2.8062159481904767,2024-08-09," Magnífica mansión con increíbles vistas al mar en la urbanización de Cala Sant Francesc, en Blanes. Privacidad en todas sus estancias y terrazas, orientación totalmente sur que nos asegura el máximo número de horas de sol en invierno y verano, un jardín maduro impecablemente cuidado poblado con palmeras, cocoteros, árboles de múltiples especies que proporcionan una agradable sombra donde cobijarse en las horas que más aprieta el sol, gran piscina de 12m con cloración salina, estanque de estilo japonés con nenúfares y peces exóticos, terrazas con diferentes ambientes frente a todas las estancias, sala de billar con bar, bodega, gimnasio, sauna, jacuzzi interior.. . 578m2 construidos a su disposición y la de su familia, con más de 250m2 de terrazas ocupando el espacio de 2 parcelas que suman 1801m2.  Toda la casa gira alrededor de una estancia central de doble altura inundada por la luz, y donde destaca una escalera que luce como una escultura. 7 dormitorios y 5 cuartos de baño, cocina totalmente equipada con barbacoa interior y despensa, salón con 2 ambientes, comedor interior y exterior, garaje para dos coches, zona de servicio incluyendo dormitorio y baño. Una casa de diseño de estilo contemporáneo que se encuentra en óptimo estado de conservación. La propiedad ha sido sometida a diferentes actualizaciones, la última incluyendo la sustitución de todas las ventanas por carpintería de aluminio de doble cristal. Dispone de instalación fotovoltaica y calefacción por conductos mediante fancoil con 2 calderas de gas nuevas (2022). Acceso al club privado de la urbanización: piscina, pistas de tenis, parking etc. Su ubicación es excelente, en la parte sur de la Costa Brava, un enclave con calas maravillosas y paisajes que quitan la respiración. La bienvenida a la Costa Brava está a cargo de la reconocida Blanes, una bella población costera a pocos kilómetros de Barcelona. Aquí encontrará un agradable lugar donde vivir y pasear. Descubrirá el pasado marinero de Blanes, sus mansiones modernistas y no olvide visitar sus encantadores jardines. En Barcelona & Costa Brava Sotheby’s International Realty disponemos de las villas más extraordinarias de la zona, situadas sobre los majestuosos acantilados abiertos mar y colmadas de sol y naturaleza. ",0,1,Barcelona & Costa Brava Sotheby’s Int. Realty,5,1986.0,1,0,0,0,0,0,0,1,8,4,251,1,0,0,0,0,0,0,0,1,0,0,0,5147.058823529412,1.4,2,Cala Sant Francesc - Santa Cristina
104394034,https://www.idealista.com/inmueble/104394034/,Casa o chalet independiente en venta en de la Cala,1500000,434,6,carrer de la cala,41.68057478687336,2.8062159481904767,2025-02-06," Casa con piscina infinita en la Cala de Sant Francesc, Blanes, a poca distancia de la playa. Consta de 434 m2 construidos y está situada en una parcela de 981 m2. Al entrar a esta vivienda encontramos la zona de día con un comedor impresionante que cuenta con mucha luz gracias a sus grandes ventanales, la cocina es independiente al salón y está completamente amueblada y equipada con electrodomésticos de alta calidad, también cuenta con salida al jardín. En la planta principal encontramos la zona de noche que ofrece dos habitaciones dobles en suite y acceso a el exterior. En el último piso encontramos un gran estudio que actualmente se utiliza como biblioteca con vistas despejadas al mar. La parte trasera del estudio da acceso a 3 habitaciones con balcón compartido y 2 baños completos. La planta baja da acceso a un amplio garaje, una sala de juegos de aproximadamente 40 m2 cuadrados y hay un espacio sobrante de aproximadamente 50 m2 cuadrados que se puede convertir en un estudio con entrada independiente. Esta propiedad se encuentra en la urbanización Cala de Sant Francesc Blanes a solo 1 km de la playa de Cala de Sant Francesc. La casa está a solo 34 minutos en coche del Aeropuerto de Girona y a 89 km del Aeropuerto de Barcelona. Walter Haus Real Estate es un grupo inmobiliario con sede en las principales capitales de España, en Madrid, Barcelona y la Costa Brava. Contamos con una experiencia de más de 20 años, con un dinámico equipo de profesionales con experiencia en el asesoramiento personal en constante formación y con una especialización muy concreta en cada zona de actuación lo que nos permite encontrar soluciones a las necesidades de cada cliente. ",0,1,Walter Haus Barcelona,6,1985.5,1,0,1,0,0,1,1,1,2,3,70,0,1,0,0,0,0,0,0,1,0,0,0,3456.221198156682,1.0,5,Centre
106680514,https://www.idealista.com/inmueble/106680514/,Casa o chalet independiente en venta en calle de Mas Marull,340000,215,4,carrer de mas marull,41.66858156961288,2.7788691115829214,2025-02-17," ¡Oportunidad única en Blanes! Descubre este chalet independiente para reformar, ideal para aquellos que buscan personalizar su hogar a su gusto. Con una superficie de 215 m² distribuidos en dos plantas, esta vivienda unifamiliar ofrece un amplio salón-comedor, cuatro dormitorios, cocina y tres baños. Además, cuenta con un vestíbulo acogedor, una terraza perfecta para disfrutar del aire libre y un patio espacioso. Situado en una parcela de 465 m², este chalet construido en 2011 necesita una reforma integral, lo que te permitirá diseñar cada rincón a tu medida. Su ubicación es inmejorable: a solo 250 metros de la parada de autobús en Avenida Extremadura y cerca de la Playa de S'Abanell. Disfruta de la comodidad de tener todos los servicios necesarios a tu alcance, como comercios, supermercados, centros educativos, farmacias y centros de salud. Con buenas comunicaciones por carretera (GI-6831) y transporte público, este chalet orientado al norte y este es una joya esperando ser descubierta. No dejes pasar esta oportunidad para crear el hogar de tus sueños en una de las zonas más deseadas de Girona. ¡Ven a visitarlo y deja volar tu imaginación! Si necesita financiación en las mejores condiciones, no dude en consultarnos. Solicite más información sin compromiso en LLORETDEMAR. COM y BLANES. COM PUNT IMMOBILIARI. El equipo comercial más amplio de la Costa Brava Sur. Compra y venda con transparencia y seguridad. En cumplimiento de la ley 3/2917 del 13 de febrero de 2018 del CODIGO CIVIL DE CATALUNYA, por el que se aprueba el Reglamento de Información al Consumidor en la compraventa y arrendamiento de viviendas en CATALUÑA, se informa al cliente que los gastos notariales, registrales e impuestos que le sean de aplicación ( ITP ó IVA + AJD ) y otros gastos inherentes a la compraventa no están incluidos en el precio. Solicite más información sin compromiso en LLORETDEMAR. COM y BLANES. COM PUNT IMMOBILIARI. El equipo comercial más amplio de la Costa Brava Sur. Compra y venda con transparencia y seguridad. ",0,1,Blanes.com,3,2011.0,0,0,0,0,1,0,0,0,2,0,59,0,0,0,0,1,0,0,0,1,0,0,0,1581.3953488372092,1.3333333333333333,0,La Plantera
107331547,https://www.idealista.com/inmueble/107331547/,Dúplex en venta en calle d'Anselm Clavé,159000,80,1,carrer d'anselm clavé,41.678504700000005,2.7848667000000003,2025-02-17," ¡Descubre tu nuevo hogar en el corazón de Blanes! Este encantador ático dúplex te ofrece una experiencia única a pocos metros del mar. Con 80 m² construidos y 55 m² útiles, es perfecto para parejas o como segunda residencia. En la planta baja, encontrarás un acogedor dormitorio doble con espacio adicional para un vestidor o despacho, además de un baño completo con plato de ducha. La planta superior te sorprenderá con un luminoso salón comedor y una cocina abierta que se extiende hacia una gran terraza, ideal para disfrutar de las vistas y el sol.  Gracias a su orientación sur-este, la luz natural inunda cada rincón de este piso todo exterior, ofreciendo un ambiente cálido y acogedor durante todo el año. La finca, construida en 1990, se encuentra en buen estado y cuenta con calefacción eléctrica y aire acondicionado para tu confort. Aunque está situada en la cuarta planta sin ascensor, su ubicación céntrica compensa cualquier inconveniente. No dejes pasar esta oportunidad de vivir en un lugar privilegiado, donde la brisa marina y el encanto de Blanes te esperan cada día. En cumplimiento de la ley 3/2917 del 13 de febrero de 2018 del CODIGO CIVIL DE CATALUNYA, por el que se aprueba el Reglamento de Información al Consumidor en la compraventa y arrendamiento de viviendas en CATALUÑA, se informa al cliente que los gastos notariales, registrales e impuestos que le sean de aplicación ( ITP ó IVA + AJD ) y otros gastos inherentes a la compraventa no están incluidos en el precio. ",0,1,Blanes.com,1,1990.0,1,0,0,0,0,0,0,1,2,0,59,0,1,0,0,0,0,0,0,0,0,0,1,1987.5,1.0,2,Centre
104618889,https://www.idealista.com/inmueble/104618889/,Casa o chalet independiente en venta en calle Almadrava,3950000,487,4,carrer almadrava,41.67900997064663,2.8012601376075494,2025-04-16," En la pintoresca localidad de Blanes, en la prestigiosa Costa Brava, se encuentra esta impresionante villa. En concreto, se sitúa en Cala Sant Francesc, una codiciada urbanización con seguridad las 24 horas, piscina comunitaria y canchas de tenis exclusivas para los residentes.  Esta villa recién construida ofrece una arquitectura que impresiona tanto por dentro como por fuera, así como un diseño excepcional. La vivienda cuenta con una superficie de 487 m², distribuida en tres plantas, sobre una parcela de 802 m².  En la planta baja, a nivel de la calle, se accede a un amplio estacionamiento con espacio para uno o dos vehículos, seguido de un elegante vestíbulo que conduce a un dormitorio espacioso y un baño completo. La cocina americana, completamente equipada, se funde con un luminoso salón-comedor que se abre a una generosa terraza con vistas panorámicas al mar, que recibe abundante luz natural gracias a sus amplios ventanales.  En la planta superior, se encuentra el dormitorio principal, con vestidor y un lujoso baño privado que ofrece vistas impresionantes al mar. Además, dos dormitorios adicionales comparten otro baño completo.  La planta inferior, a nivel del jardín, es perfecta para relajarse. Cuenta con una piscina privada rodeada de exuberante vegetación mediterránea, una sala de usos múltiples, un lavadero, una sala de máquinas, un baño completo y una ducha al aire libre. Además, se ofrece un lujoso espacio de spa con baño turco (hammam) y sauna finlandesa, perfecto para relajarse después de un día en la playa.  Cabe destacar la zona exterior con una pérgola equipada con zona de barbacoa y una piscina de agua salada con jacuzzi e hidromasaje, ideal para disfrutar de cálidos días de verano.  Entre los extras de esta vivienda se incluyen un sistema de riego automático, iluminación exterior con tecnología led, calefacción por suelo radiante y sistema de geotermia, aire acondicionado por conductos, persianas automáticas, ventanas con filtración de rayos solares y un jardín de fácil mantenimiento. Además, cuenta con un exclusivo sistema de iluminación led de la prestigiosa marca Masiero Demore y un sofisticado sistema de control climático en toda la casa.  En resumen, esta villa representa la combinación perfecta de elegancia, comodidad y lujo en uno de los destinos más exclusivos de la Costa Brava. ",0,1,Lucas Fox Costa Brava,4,2023.0,0,1,0,0,0,0,1,1,4,2,1,1,0,0,0,0,0,0,0,1,0,0,0,8110.88295687885,1.0,3,Cala Sant Francesc - Santa Cristina
106784056,https://www.idealista.com/inmueble/106784056/,Piso en venta en calle del Doctor Xavier Brunet,1290000,167,3,carrer del doctor xavier brunet,41.67268162978849,2.790516371270375,2025-03-31," Lucas Fox presenta este impresionante ático en primera línea de mar en Blanes, con vistas excepcionales al mar, a Sa Palomera y al puerto. Este ático destaca por su diseño exclusivo y su distribución en tres plantas. Las dos primeros están dedicadas a la vivienda, mientras que la tercero alberga una espectacular terraza con solárium con la posibilidad de instalar una piscina.  En la planta de entrada, encontramos un amplio y luminoso recibidor que nos conduce al salón-comedor con chimenea y a una cocina abierta de la prestigiosa marca Bulthaup; todo ello con impresionantes vistas al mar. Desde la cocina se accede a una terraza con vistas espectaculares, así como a una zona de lavandería y un lavabo de cortesía. En esta misma planta, se encuentra un dormitorio con su baño y con su propia terraza, orientada al oeste.  La planta superior, accesible tanto por ascensor como por escalera, cuenta con una biblioteca que conecta las dos plantas. Aquí, se dispone el dormitorio principal con su baño privado, vestidor, despacho y acceso a una terraza privada con vistas al mar. En este nivel también se encuentra otro dormitorio con baño privado, igualmente con vistas al Mediterráneo y acceso a la misma terraza.  Finalmente, se dispone la tercera planta, con una terraza solárium diseñada para disfrutar al aire libre con vistas panorámicas al mar y espacio preparado para instalar una piscina. Esta zona es perfecta para relajarse y aprovechar al máximo la ubicación privilegiada del ático.  El edificio, construido en 2012, se encuentra en perfecto estado. La vivienda cuenta con acabados de alta calidad, suelos de parqué, aire acondicionado frío/calor y una chimenea para un mayor confort durante todo el año. Además, dispone de varias terrazas, dos con vistas impresionantes al mar y otra orientada a la parte trasera.  Este ático representa una oportunidad única para quienes buscan una propiedad exclusiva, moderna y con vistas incomparables, en una ubicación inmejorable en el centro de Blanes. ",0,1,Lucas Fox Costa Brava,4,2012.0,0,1,0,0,0,0,0,1,3,0,17,0,1,0,0,0,0,0,0,0,0,0,1,7724.550898203593,0.75,2,Centre
107840878,https://www.idealista.com/inmueble/107840878/,Piso en venta en calle Salvat Papasseit,138000,70,3,carrer salvat papasseit,41.68299134344218,2.7813226958388513,2025-04-08," ¡Descubre tu nuevo hogar en este encantador piso de 3 dormitorios! Situado en una ubicación privilegiada, este inmueble ofrece 70 m² construidos con una distribución óptima y un ambiente acogedor. La propiedad cuenta con un baño completo y armarios empotrados que maximizan el espacio de almacenamiento. Disfruta de las vistas despejadas desde la terraza y el balcón, perfectos para relajarte al final del día. La calefacción de gas natural garantiza un confort ideal durante los meses más fríos, mientras que el aire acondicionado te mantendrá fresco en verano. Además, el edificio cuenta con ascensor y parking incluido para moto y bicicleta, lo que añade comodidad a tu día a día.  Ubicado cerca de todos los servicios necesarios, tendrás a tu alcance tiendas, restaurantes y transporte público. No dejes pasar la oportunidad de visitar este piso en buen estado, construido en 1969, que combina funcionalidad y confort. ¡Ven a verlo y empieza a imaginar tu nueva vida aquí! En cumplimiento de la ley 3/2917 del 13 de febrero de 2018 del CODIGO CIVIL DE CATALUNYA, por el que se aprueba el Reglamento de Información al Consumidor en la compraventa y arrendamiento de viviendas en CATALUÑA, se informa al cliente que los gastos notariales, registrales e impuestos que le sean de aplicación ( ITP ó IVA + AJD ) y otros gastos inherentes a la compraventa no están incluidos en el precio. ",0,1,Blanes.com,1,1969.0,0,1,0,1,0,0,0,0,4,1,9,0,0,0,0,0,0,1,0,0,0,0,1,1971.4285714285713,3.0,2,Semicentre
106678254,https://www.idealista.com/inmueble/106678254/,"Piso en venta en calle Sant Bonós, 22",279000,78,3,"carrer sant bonós, 22",41.673397191328206,2.7888824786952617,2024-11-27," ¡Presentamos nueva promoción en Blanes! Residencial Sant Bonós ubicado en la mejor zona de Blanes. Edificio compuesto de 3 plantas incluido planta baja con viviendas de 1, 2 y 3 habitaciones incluido dúplex, amplios balcones en cada una de las viviendas, ascensor y plazas de parking subterráneo (no incluidas en el precio). PRECIO DESDE 181.250 € Las viviendas ofrecerán acabados de primera calidad. Esta promoción ofrecerá todas las comodidades que uno pueda desear, como las cocinas bien diseñadas, equipadas con horno, placa de inducción y campana extractora, sistema de aerotermia con aire acondicionado frío/calor por conductos en toda la vivienda y suelo de cerámica de máxima calidad. Ubicación perfecta, a 5 minutos de la playa, rodeada de servicios y a escasos minutos del paseo marítimo. Cuenta con buenas comunicaciones, con fácil acceso a la N-ll y C-32. En cumplimiento de la ley 3/2917 del 13 de febrero de 2018 del CODIGO CIVIL DE CATALUNYA, por el que se aprueba el Reglamento de Información al Consumidor en la compraventa y arrendamiento de viviendas en CATALUÑA, se informa al cliente que los gastos notariales, registrales e impuestos que le sean de aplicación ( ITP ó IVA + AJD ) y otros gastos inherentes a la compraventa no están incluidos en el precio. ",0,1,Blanes.com,2,1985.5,1,0,0,1,0,0,0,0,11,2,141,0,1,0,0,0,0,0,0,0,0,0,1,3576.923076923077,1.5,2,Centre
107593919,https://www.idealista.com/inmueble/107593919/,Piso en venta en La Plantera,245000,124,4,carrer béjar,41.66839367930616,2.775473038042611,2025-04-16," Dúplex soleado con gran terraza en Blanes, ¡a solo 10 min de la playa! Fantástico dúplex en Blanes, en zona muy cómoda y bien comunicada, a solo 10 minutos andando de la playa y a 4 minutos de supermercados, colegio, estación de autobuses y centro de salut. Muy luminoso y con vistas despejadas, este dúplex destaca por su amplitud y excelente distribución: Planta baja: Recibidor y habitación individual tipo suite con baño. Primera planta: Gran salón-comedor con salida a terraza Suite principal con vestidor, baño completo y salida a terraza Cocina office amplia, con acceso a galería/lavadero 2 habitaciones dobles, una con salida a galería y otra con acceso a terraza Gran terraza privada con zona barbacoa y 2 trasteros Ideal para familias o quienes buscan comodidad, amplitud y calidad de vida cerca del mar. ¡No dejes pasar esta oportunidad!  Contáctanos para más información o visita. whatssap /Telegram Más información en nuestra web El cumplimiento de la ley 3/2917 del 13 de febrero de 2018 del CODIGO CIVIL DE CATALUNYA, por el que se aprueba el Reglamento de información al consumidor en la compraventa y arrendamiento de viviendas en CATALUNYA, se informa al cliente que los gastos notariales, registrales e impuestos que le sean de aplicación (ITP ó IVA AJD) y otros gastos inherentes a la compraventa no están incluidos en el precio. ",0,1,Finques EAM Serveis Immobiliaris,3,1990.0,1,0,0,1,0,0,0,1,4,2,1,0,0,0,0,1,0,0,0,0,0,0,1,1975.8064516129032,1.3333333333333333,3,La Plantera
107695631,https://www.idealista.com/inmueble/107695631/,Ático en venta en paseo Pau Casals,760000,145,3,passeig pau casals,41.67479652545284,2.794054386901673,2025-04-03," BARNES Costa Brava tiene el placer de presentar este bonito ático de 155m2 en primera linea de mar en el prestigioso paseo marítimo de Blanes con vistas excepcionales al mar, a Sa Palomera y al puerto  Este ático destaca por su distribución en dos plantas. La primera está dedicadas a la vivienda, mientras que la segunda alberga una espectacular terraza con barbacoa diseñada para poder disfrutar de una impresionantes vistas panorámicas de toda la bahía de Blanes En la planta vivienda encontraremos diferenciadas la zona de día, con un amplio y luminoso salon comedor con salida a la terraza, de la zona de noche compuesta de 3 habitaciones, dos de ellas con baño incorporado. Dichas dos areas se comunican a través de un pasillo con luz natural gracias a la luminosidad que generan los patios interiores que la finca tiene. Este ático representa una gran oportunidad para quienes buscan una propiedad con un enorme potencial realizando una actualizacion del mismo y con unas vistas incomparables al mar. Para mas detalles, contacte con nosotros o visite. ",0,1,BARNES Costa Brava,3,1973.0,1,0,0,1,0,0,0,1,4,3,14,0,1,0,0,0,0,0,0,1,0,0,0,5241.379310344828,1.0,3,Centre
107800623,https://www.idealista.com/inmueble/107800623/,Piso en venta en Els Pins,260000,91,2,carrer vila de paris,41.66407367300141,2.783408558724116,2025-04-08," Se vende acogedor, luminoso y amplio piso con piscina y ascensor, a 50 metros de la playa en primera línea de mar en Blanes. El apartamento se vende completamente amueblado. El piso está situado en un buen complejo residencial. La superficie del piso es de 91 m2. El piso totalmente renovado con un estilo moderno y utilizando materiales de alta calidad. Para entrar y vivir. El piso dispone de zona de entrada, 2 habitaciones amplias independientes con camas dobles. Un baño, una amplia cocina independiente equipada con todo lo necesario, un amplio salón con acceso a un acogedor balcón grande con vistas al mar. 2 dormitorios también tienen salida al balcón. El apartamento está muy limpio y ordenado. Tiene zona verde con PISCINA El piso está situado a 50 metros de la playa. Los vecinos son buenos. Mares Realty, inmobiliaria con un equipo multicultural y multilingüe con 20 años de experiencia en el sector inmobiliario. Profesionales al servicio de nuestros clientes. Eficacia y rapidez en nuestras transacciones inmobiliarias. Ademas contamos con una división dentro de la misma empresa dedicada a la obra nueva y a las reformas, ofreciendo asi un servicio inmobiliario integral. En cumplimiento de la ley 3/2917 del 13 de febrero de 2018 del CÓDIGO CIVIL DE CATALUNYA, por el que se aprueba el Reglamento de Información al Consumidor en la compraventa y arrendamiento de viviendas en CATALUÑA, se informa al cliente que los gastos notariales, registrales e impuestos que le sean de aplicación ( ITP o IVA + AJD ) y otros gastos inherentes a la compraventa no están incluidos en el precio.  [IW]. ",0,1,MARES REALTY,1,1981.0,0,0,0,1,0,0,1,1,4,1,9,0,0,0,1,0,0,0,0,0,0,0,1,2857.1428571428573,2.0,3,Els Pins
107596128,https://www.idealista.com/inmueble/107596128/,Piso en venta en paseo Pau Casals,760000,155,7,passeig pau casals,41.67479652545284,2.794054386901673,2025-04-11," LASOSE presenta este ático ubicado en primera línea de mar, en el prestigioso Paseo Marítimo de Blanes, este exclusivo ático ofrece vistas excepcionales al Mediterráneo, a Sa Palomera y al puerto.  Su distribución en dos plantas lo convierte en una propiedad única. El piso principal con una superficie de 155 m², cuenta con 3 habitaciones, dos de ellos con acceso a una terraza, 3 baños, un amplio salón-comedor, una cocina perfectamente equipada, y una biblioteca. La propiedad está diseñada para aprovechar la luz natural en todas sus estancias, creando un ambiente luminoso y acogedor. Además, dispone de una terraza cubierta que se encuentra en primera línea de mar, con vistas excepcionales al puerto y a la bahía de Blanes. La planta superior privada de 90 m² cuenta con una amplia terraza soleada orientada a los cuatro vientos, lo que permite disfrutar de vistas panorámicas y luz durante todo el día. En esta planta, se encuentra también una zona cubierta que incluye una habitación adicional y un lavadero. Aunque no cuenta con calefacción ni aire acondicionado, su ubicación y diseño permiten una excelente ventilación y comodidad. Además, el gas y la electricidad son independientes, lo que proporciona un mayor control sobre el consumo. La propiedad está cerca de todos los servicios, con fácil acceso al transporte público y a solo unos minutos del aparcamiento público en el Paseo de Mar, lo que la hace aún más conveniente para quienes no disponen de plaza de aparcamiento. Este edificio, construido en 1973, cuenta con un sistema de agua comunitaria, y su certificación energética está disponible para conocer su eficiencia. Con su perfecta combinación de ubicación, vistas y estado, esta propiedad representa una excelente oportunidad en Blanes. ",0,1,Lasose Real Estate s.l.,2,1973.0,1,0,0,1,0,0,0,0,4,4,6,0,1,0,0,0,0,0,0,0,0,0,1,4903.225806451613,3.5,2,Centre
105031315,https://www.idealista.com/inmueble/105031315/,Piso en venta en calle de Cristòfor Colom,264000,98,3,carrer de cristòfor colom,41.6627706116532,2.7808811265674924,2025-04-15," Este espectacular piso en exclusiva se encuentra en una tranquila zona de Blanes, destacándose por sus vistas despejadas y su luminosidad durante todo el día. Ubicado en la séptima planta, este hogar ofrece una distribución cuidadosamente diseñada para maximizar el confort y la funcionalidad. Con posibilidades de tener Licencia turística. Al ingresar, serás recibido por un acogedor recibidor equipado con un armario empotrado, ideal para mantener el orden y la organización. Desde aquí, accedemos a una amplia habitación doble que cuenta con salida directa a un balcón, proporcionando un espacio perfecto para disfrutar de las vistas y la brisa. El recorrido continúa hacia un amplio salón comedor, una estancia que se convierte en el corazón del hogar gracias a su generosidad de espacio y luz natural. Este salón ofrece salida a dos balcones, uno a cada lado, permitiendo una ventilación cruzada y un ambiente siempre fresco y agradable. La cocina es independiente y está equipada con una ventana que aporta ventilación y luz natural, convirtiéndola en un espacio práctico y cómodo para cocinar. El piso también dispone de un baño completo y un aseo adicional, ambos diseñados para satisfacer las necesidades de todos los miembros de la familia y las visitas. Finalmente, encontramos otra habitación doble que también ofrece salida a uno de los balcones, completando así la oferta de espacios exteriores que caracterizan a este piso. En resumen, este piso en exclusiva en la séptima planta de un edificio en Blanes se presenta como una opción ideal para quienes buscan un hogar soleado, con vistas despejadas y ubicado en una zona tranquila. La distribución y los detalles de esta propiedad aseguran un ambiente acogedor y funcional para disfrutar de la vida en familia o con amigos. ",0,1,LA CASA- DAS HAUS,2,1971.0,1,0,0,1,0,0,0,1,4,1,2,0,0,0,1,0,0,0,0,0,0,0,1,2693.877551020408,1.5,3,Els Pins
106477670,https://www.idealista.com/inmueble/106477670/,Casa o chalet independiente en venta en calle de la Fragata,2910000,658,8,carrer de la fragata,41.68114793880486,2.801691626161786,2025-02-24," Desde Barnes Costa brava nos complace presentar esta magnifica Villa enclavada en la codiciada Cala Sant Francesc, esta residencia excepcional ofrece una oportunidad única para aquellos que buscan un refugio de lujo en primera línea de mar. Con una parcela de 1,300 m², la propiedad se despliega en una serie de niveles que descienden elegantemente hacia un jardín en terrazas, permitiendo un acceso directo a la playa y al pintoresco camino de ronda. La casa, con una superficie construida de 600 m², se integra perfectamente en este entorno natural. Diseñada con una visión arquitectónica que abraza la luz natural, la casa presenta un majestuoso patio central con una espectacular cúpula de cristal, que actúa como el corazón de la vivienda, inundando cada rincón de claridad y vitalidad. Con ocho dormitorios, incluyendo dos suites, y un total de cuatro baños más un aseo de cortesía, este hogar está meticulosamente concebido para ofrecer privacidad y confort. Las áreas comunes son un verdadero deleite; la cocina independiente, equipada con un rincón office, fluye hacia el jardín, mientras que el elegante salón y el comedor, adornados con grandes ventanales, invitan a contemplar las vistas marinas que se despliegan ante sus ojos. Varias terrazas rodean la casa, creando múltiples espacios donde disfrutar del clima mediterráneo y de la serenidad del entorno. La propiedad también incluye una sala de juegos, ideal para el entretenimiento familiar y momentos de ocio, así como una encantadora zona exterior de barbacoa, perfecta para disfrutar de comidas al aire libre con amigos y seres queridos. Construida en 1980, esta propiedad presenta una estructura sólida que se beneficiaría de renovaciones que reflejen el estilo personal del nuevo propietario, convirtiéndola en un verdadero hogar de ensueño en un entorno inigualable. La urbanización de Cala Sant Francesc es sinónimo de exclusividad y seguridad, con vigilancia 24/7 y servicios premium que incluyen pistas de tenis, piscina comunitaria y un parking privado reservado para residentes junto a la playa. Esta residencia no solo es una propiedad; es una invitación a disfrutar de un estilo de vida sofisticado y sereno en uno de los rincones más deslumbrantes de la Costa Brava. No pierda la oportunidad de experimentar el lujo y la tranquilidad que esta magnífica casa tiene para ofrecer. En Barnes Costa Brava nos ponemos a su disposición para ampliarle la información y acompañarle en la compra de esta propiedad. ",0,1,BARNES Costa Brava,4,1985.5,0,0,0,0,0,0,1,1,2,0,52,1,0,0,0,0,0,0,0,1,0,0,0,4422.492401215805,2.0,2,Cala Sant Francesc - Santa Cristina
106453507,https://www.idealista.com/inmueble/106453507/,Casa o chalet independiente en venta en calle de la Cala,1875000,330,7,carrer de la cala,41.68057478687336,2.8062159481904767,2025-03-31," Esta casa para comprar en la Costa Brava tiene una ubicación ideal; a solo 400 m a pie de la codiciada playa de Cala Sant Francesc.  Esta casa se encuentra en excelentes condiciones; la propiedad está destinada a vivir todo el año, proporcionando buenas comodidades en el hogar. Situada en una posición alta, la casa goza de unas bonitas vistas sobre la cala de Sant Francesc, su proximidad a la playa le da un encanto añadido.  En el nivel de la entrada principal hay una maravillosa cocina abierta que conduce a la barbacoa en la terraza y al comedor al aire libre. Fuera de la cocina hay una despensa y una sala de calderas (con una excelente caldera De Dietrich, diesel). La cocina de planta abierta conduce a la amplia sala de estar y al aseo de invitados.  En el 1er piso hay un baño con ducha y 2 dormitorios; el 2cnd piso ofrece dormitorio 3 y dormitorio 4 que es en suite con terraza privada; en la 3ª planta están los dormitorios 5 y 6, ambos con armarios empotrados más un baño con ducha y en la 4ª planta el dormitorio 7 con acceso a la azotea.  En la planta baja hay una gran sala de juegos/sala de estar de verano que da a la terraza con preciosas vistas al mar, también hay un baño y un área de almacenamiento en este nivel. En el nivel de la calle hay un garaje grande y espacioso con una gran área de almacenamiento y el ascensor con acceso al nivel principal.  El jardín ofrece terrazas con vistas y zonas de comedor. ",0,1,Lucas Fox Costa Brava,4,1988.0,1,0,1,0,0,1,1,0,3,0,17,1,0,0,0,0,0,0,0,1,0,0,0,5681.818181818182,1.75,4,Cala Sant Francesc - Santa Cristina
107889512,https://www.idealista.com/inmueble/107889512/,Casa o chalet independiente en venta en calle Serrallarga,499000,292,4,carrer serrallarga,41.688240912058376,2.80583963972302,2025-04-10," Bonita y acogedora casa en la prestigiosa urbanización Santa Cristina de Blanes.   VENTA POR SUBASTA (puja a la alza) PRECIO DE SALIDA: 499.000. -€ SUBASTA ABIERTA HASTA EL 03/04/2025  Tiene tres planta, en la planta sótano encontramos una amplio garaje de 90 m2 aprox. y un lavadero. En la planta baja, esta destinada a vivienda, con una superficie de 79 m2 aprox.   en la que encontramos un amplio salón comedor y cocina equipada, todo con salida a dos porches con vistas despejadas y una piscina privada de 25 m2 donde podrá disfrutar de un entorno natura y tranquilo. En la planta siguiente esta destinada a la zona de noche, con 79 m2 aprox.   donde hay 4 habitaciones, una de ellas tipo suite y con salida a balcón.   No pierda la ocasión de tener su vivienda en una de las urbanizaciones mas demandas. Llámenos para concretar una visita o solicitar mas información.   “ En cumplimiento de la ley 3/2917 del 13 de febrero de 2018 del Código civil de Cataluña, por el que se aprueba el Reglamento de Información al Consumidor en la compraventa y arrendamiento de viviendas en Cataluña, se informa al cliente que las gastos notariales, registrales e impuestos que le sean de aplicación (ITP o IVA AJD) y otros gastos inherentes a la compraventa no están incluidos en el precio. "". ",0,1,BG IMMOBILIARIA - LLORET BRAVAGEST,3,2007.0,0,1,1,0,0,0,0,0,4,3,7,1,0,0,0,0,0,0,0,1,0,0,0,1708.9041095890411,1.3333333333333333,2,Cala Sant Francesc - Santa Cristina
107087777,https://www.idealista.com/inmueble/107087777/,"Casa o chalet independiente en venta en carretera Tordera, 26",398000,157,4,"carretera tordera, 26",41.68467202811999,2.7687823565796603,2025-03-26," En venta esta magnifica casa unifamiliar esquinera a estrenar recién reformada, ubicada en Carretera de Tordera, en Blanes. Es una excelente oportunidad para quienes buscan una vivienda moderna y con espacio. Con 140 m² distribuidos en tres plantas, la propiedad cuenta con una distribución amplia y luminosa gracias a su ubicación en esquina. La vivienda dispone de 4 dormitorios, 3 baños funcionales y un estudio que se puede convertir en oficina o sala de estar. Además, el salón-comedor es amplio y perfecto para disfrutar de momentos en familia, mientras que la terraza te permitirá relajarte al aire libre. La distribución es práctica, con espacios conectados de manera eficiente para mayor comodidad. La casa se distribuye en tres plantas. En la planta baja encontrarás 3 habitaciones, 1 baño, 1 lavadero y 1 patio. En la primera planta, el salón, comedor y cocina se encuentran junto a un despacho, 1 baño, 1 trastero y un porche de acceso. La segunda planta está compuesta por 1 habitación, 1 baño y 2 terrazas que ofrecen vistas y espacio adicional. No pierdas esta oportunidad de adquirir una casa con los mejores acabados. Contáctanos para más información. ¡Haz de esta casa tu nuevo hogar! Para más información o vivitas contactar al (teléfono oculto)  ref: CAS_96. ",0,1,Luxaran Properties,3,2025.0,1,0,0,0,0,0,0,0,3,2,22,0,0,0,0,0,0,1,0,1,0,0,0,2535.0318471337578,1.3333333333333333,1,Semicentre
86065026,https://www.idealista.com/inmueble/86065026/,Casa o chalet independiente en venta en Centre,750000,347,6,carrer ample,41.67454693196272,2.791958077322335,2024-08-08," Precioso chalet en el centro de Blanes. Dispone de un total de 260 m2, distribuida en 6 dormitorios, todas ellas dobles, y el acceso entre plantas, es muy cómodo, ya que solo son como medias plantas. Al entrar hay un gran recibidor y las escaleras a los otros dos niveles, siendo solo medias plantas lo que la hace muy cómoda ya que hay pocos escalones. En esta planta principal encontramos un gran salón con zona de comedor de unos 36m2, con chimenea, y acceso directo a un bonito jardín privado. Encontramos, además, cocina muy amplia y bonita con acceso a una terraza privada ideal para comer fuera. En la planta superior tenemos el dormitorio principal, con vestidor, otros 2 dormitorios dobles, ambos con salida a terraza y un baño completo con ducha. También hay una sala que se utiliza como lavadero con acceso a una gran terraza con unas preciosas vistas panorámicas. En la planta inferior encontramos otros 2 dormitorios dobles con salida a otra terraza compartida, un despacho y otro baño completo. La casa dispone de un sótano con un enorme trastero de unos 70m2 y un gran el garaje para 4 coches. Esta casa tiene buenos acabados, con hilo musical en toda la casa, a/a y bomba de calor mediante conductos por toda la casa. En el exterior, la casa dispone de un bonito jardín y espacio para poder construir una piscina. Situada en una zona privilegiada, tranquila pero cercana al centro de Blanes. ¡Venga a visitarla, está lista para entrar a vivir! [IW]. ",0,1,Sale and Rental Spain,2,1989.0,1,0,1,0,0,1,0,1,8,3,252,0,1,0,0,0,0,0,0,1,0,0,0,2161.383285302594,3.0,4,Centre
106605154,https://www.idealista.com/inmueble/106605154/,Casa o chalet independiente en venta en Cala Sant Francesc - Santa Cristina,1200000,267,4,carrer de la cala,41.680072801197625,2.808561880008474,2025-02-03," Casa moderna y minimalista en construcción ¡Descubre con nosotros esta moderna villa minimalista en construcción! Situada a escasos pasos de la playa de Cala Bona y del jardín botánico Marimurtra, en la localidad de Blanes, una de las más destacadas de toda la Costa Brava. Además, gracias a su ubicación en una zona tranquila con espacios verdes cerca es ideal para quienes buscan tranquilidad y naturaleza con senderos para caminatas. La propiedad cuenta con una cocina totalmente equipada abierta al salón y con acceso al lavadero. La zona de noche la formarán cuatro dormitorios con vistas al mar y acceso directo al jardín y a la piscina. Dos de los dormitorios serán dobles y compartirán un baño completo, el principal con baño en suite y vestidor, y la gran suite, situada encima del salón y con las mejores vistas. Estará todo situado en una sola planta a excepción de la suite principal que se sitúa en la planta superior. A pie de calle, encontramos un amplio garaje con capacidad para tres coches. ¡Contáctanos para más detalles! Blanes es una ciudad turística muy conocida por el concurso de fuegos artificiales durante el festival de Santa Anna en verano. Durante la semana hay más actividades organizadas por el ayuntamiento, ya que es una semana de festividades en Blanes. Otros lugares de interés son las preciosas calas de Blanes y la Costa Brava, las fantásticas playas y los jardines botánicos, como el “Mar i Murtra”, que cubre casi 15 hectáreas e incluye más de 4000 especies diferentes de plantas. La ciudad ofrece un sinfín de actividades y clubs deportivos, entre ellos el renombrado Club de Vela Blanes, uno de los más importantes clubs de vela de la Costa Brava. El paseo marítimo es extenso y alberga varios restaurantes y bares. En todo el pueblo, de los 150 restaurantes especializados, donde encontrarán todo tipo de ofertas culinarias: catalana, italiana, holandesa, griega, china, etc. La población de Blanes se encuentra a tan solo 1 hora del aeropuerto de Barcelona y a unos 40 min del aeropuerto de Girona.  Si desea comprar o vender alguna casa en la Costa Brava no dude en ponerse en contacto con Engel & Völkers Costa Brava Sud. ",0,1,Engel & Völkers Costa Brava Sud,3,1985.5,0,0,0,0,0,1,1,0,2,0,73,1,0,0,0,0,0,0,0,1,0,0,0,4494.38202247191,1.3333333333333333,2,Cala Sant Francesc - Santa Cristina
105525318,https://www.idealista.com/inmueble/105525318/,Casa o chalet independiente en venta en Cala Sant Francesc - Santa Cristina,3300000,505,5,carrer de la cala,41.680072801197625,2.808561880008474,2025-01-02," Espaciosa villa de lujo con fabulosas vistas Se vende espectacular villa de diseño situada en la prestigiosa urbanización Cala Sant Francesc en Blanes, una zona con vigilancia privada 24h. La propiedad se ha construido en el año 2021 y está en impecable estado. El edificio dispone de 4 niveles, a nivel de la calle en la PLANTA SÓTANO se encuentra el garaje (75m2). Al mismo nivel hay además un cuarto de baño, una sauna finlandesa y un lavadero. Desde ahí se comunica vía ascensor o vía escalera a la planta Baja. En la PLANTA BAJA, al nivel de la piscina (55m2) hay un espacioso salón comedor con salida a la terraza y una cocina abierta totalmente equipada con electrodomésticos de la marca MIELE. Además, hay en este nivel un baño de cortesía y un dormitorio tipo suite. En la PLANTA PISO hay 3 espaciosos dormitorios tipo suite, todos con vistas al mar y con salida a la terraza. En la PLANTA ALTILLO hay otro dormitorio tipo suite y una terraza con fabulosas vistas al mar. Increíble propiedad de lujo en prestigiosa zona residencial a distancia a pie de la playa de Cala Sant Francesc. Extras:  Ascensor que comunica a los 4 niveles, vistas al mar, piscina privada, iluminación exterior – calefacción de suelo, aire acondicionado, aerotermia, placas solares para calentar el agua – jardín mediterráneo de fácil mantenimiento. Blanes es una ciudad turística muy conocida por el concurso de fuegos artificiales durante el festival de Santa Anna en verano. Durante la semana hay más actividades organizadas por el ayuntamiento, ya que es una semana de festividades en Blanes.  Otros lugares de interés son las preciosas calas de Blanes y la Costa Brava, las fantásticas playas y los jardines botánicos, como el “Mar i Murtra”, que cubre casi 15 hectáreas e incluye más de 4000 especies diferentes de plantas.  La ciudad ofrece un sinfín de actividades y clubs deportivos, entre ellos el renombrado Club de Vela Blanes, uno de los más importantes clubs de vela de la Costa Brava.  El paseo marítimo es extenso y alberga varios restaurantes y bares. En todo el pueblo, de los 150 restaurantes especializados, donde encontrarán todo tipo de ofertas culinarias: catalana, italiana, holandesa, griega, china, etc. La población de Blanes se encuentra a tan solo 1 hora del aeropuerto de Barcelona y a unos 40 min del aeropuerto de Girona.  Si desea comprar o vender alguna casa en la Costa Brava no dude en ponerse en contacto con Engel & Völkers Costa Brava Sud. ",0,1,Engel & Völkers Costa Brava Sud,7,2021.0,1,0,1,0,0,1,1,1,1,3,105,1,0,0,0,0,0,0,0,1,0,0,0,6534.653465346535,0.7142857142857143,5,Cala Sant Francesc - Santa Cristina
107810467,https://www.idealista.com/inmueble/107810467/,Piso en venta en Mont Ferrant - Sant Joan,195000,105,3,"carrer de santa bàrbara, 37-33",41.67704962078834,2.792189439337077,2025-04-17," En venta amplio y luminoso piso exterior, completamente reformado. Superficie total de 105 m² (79 m² útiles). Cuenta con tres dormitorios grandes, dos baños (uno con ducha y otro con bañera), cocina independiente amueblada (solo con placa de cocina y horno), gran terraza de 18 m² y balcón de 6 m². La vivienda dispone de puertas interiores nuevas, suelo laminado, ventanas panorámicas en todos los dormitorios y el salón, radiadores nuevos con calefacción de gas, aire acondicionado en todas las estancias, y lámparas de techo en cada habitación. Edificio del año 2005 en muy buen estado, con ascensor y solo dos viviendas por planta. Opcionalmente se ofrece un garaje de dos niveles con trastero tipo altillo con escalera. Mares Realty, inmobiliaria con un equipo multicultural y multilingüe con 20 años de experiencia en el sector inmobiliario. Profesionales al servicio de nuestros clientes. Eficacia y rapidez en nuestras transacciones inmobiliarias. Ademas contamos con una división dentro de la misma empresa dedicada a la obra nueva y a las reformas, ofreciendo asi un servicio inmobiliario integral. En cumplimiento de la ley 3/2917 del 13 de febrero de 2018 del CODIGO CIVIL DE CATALUNYA, por el que se aprueba el Reglamento de Información al Consumidor en la compraventa y arrendamiento de viviendas en CATALUÑA, se informa al cliente que los gastos notariales, registrales e impuestos que le sean de aplicación ( ITP ó IVA + AJD ) y otros gastos inherentes a la compraventa no están incluidos en el precio.  [IW]. ",0,1,MARES REALTY,2,2005.0,1,0,0,1,0,0,0,1,4,3,0,0,0,0,0,0,1,0,0,0,0,0,1,1857.142857142857,1.5,3,Mont Ferrant - Sant Joan
107810467,https://www.idealista.com/inmueble/107810467/,Piso en venta en Mont Ferrant - Sant Joan,195000,105,3,"carrer de santa bàrbara, 37-33",41.67704962078834,2.792189439337077,2025-04-17," En venta amplio y luminoso piso exterior, completamente reformado. Superficie total de 105 m² (79 m² útiles). Cuenta con tres dormitorios grandes, dos baños (uno con ducha y otro con bañera), cocina independiente amueblada (solo con placa de cocina y horno), gran terraza de 18 m² y balcón de 6 m². La vivienda dispone de puertas interiores nuevas, suelo laminado, ventanas panorámicas en todos los dormitorios y el salón, radiadores nuevos con calefacción de gas, aire acondicionado en todas las estancias, y lámparas de techo en cada habitación. Edificio del año 2005 en muy buen estado, con ascensor y solo dos viviendas por planta. Opcionalmente se ofrece un garaje de dos niveles con trastero tipo altillo con escalera. Mares Realty, inmobiliaria con un equipo multicultural y multilingüe con 20 años de experiencia en el sector inmobiliario. Profesionales al servicio de nuestros clientes. Eficacia y rapidez en nuestras transacciones inmobiliarias. Ademas contamos con una división dentro de la misma empresa dedicada a la obra nueva y a las reformas, ofreciendo asi un servicio inmobiliario integral. En cumplimiento de la ley 3/2917 del 13 de febrero de 2018 del CODIGO CIVIL DE CATALUNYA, por el que se aprueba el Reglamento de Información al Consumidor en la compraventa y arrendamiento de viviendas en CATALUÑA, se informa al cliente que los gastos notariales, registrales e impuestos que le sean de aplicación ( ITP ó IVA + AJD ) y otros gastos inherentes a la compraventa no están incluidos en el precio.  [IW]. ",0,1,MARES REALTY,2,2005.0,1,0,0,1,0,0,0,1,4,3,0,0,0,0,0,0,1,0,0,0,0,0,1,1857.142857142857,1.5,3,Mont Ferrant - Sant Joan
106962223,https://www.idealista.com/inmueble/106962223/,"Casa o chalet independiente en venta en carretera Tordera, 26",398000,158,4,"carretera tordera, 26",41.68467202811999,2.7687823565796603,2025-03-26," En venta esta magnifica casa unifamiliar esquinera a estrenar recién reformada, ubicada en Carretera de Tordera, en Blanes. Es una excelente oportunidad para quienes buscan una vivienda moderna y con espacio. Con 140 m² distribuidos en tres plantas, la propiedad cuenta con una distribución amplia y luminosa gracias a su ubicación en esquina. La vivienda dispone de 4 dormitorios, 3 baños funcionales y un estudio que se puede convertir en oficina o sala de estar. Además, el salón-comedor es amplio y perfecto para disfrutar de momentos en familia, mientras que la terraza te permitirá relajarte al aire libre. La distribución es práctica, con espacios conectados de manera eficiente para mayor comodidad. La casa se distribuye en tres plantas. En la planta baja encontrarás 3 habitaciones, 1 baño, 1 lavadero y 1 patio. En la primera planta, el salón, comedor y cocina se encuentran junto a un despacho, 1 baño, 1 trastero y un porche de acceso. La segunda planta está compuesta por 1 habitación, 1 baño y 2 terrazas que ofrecen vistas y espacio adicional. No pierdas esta oportunidad de adquirir una casa con los mejores acabados. Contáctanos para más información. ¡Haz de esta casa tu nuevo hogar!  ref: CAS_112. ",0,1,Luxaran Properties,3,2025.0,1,0,0,0,0,0,0,0,3,2,22,0,0,0,0,0,0,1,0,1,0,0,0,2518.987341772152,1.3333333333333333,1,Semicentre
106855931,https://www.idealista.com/inmueble/106855931/,Chalet adosado en venta en Els Pins,399000,190,4,carrer vila de paris,41.66407367300141,2.783408558724116,2025-04-08," Una casa cerca del mar en la zona de los Pinos  Si buscas una vivienda amplia, cómoda y ubicada cerca de todos los servicios, esta casa en la zona de Los Pinos es ideal para ti. A solo 5 minutos de la playa, ofrece 180 m² distribuidos en 3 plantas, pensados para el disfrute de toda la familia. En la 1ª planta, encontrarás un luminoso salón-comedor con salida a un balcón, una cocina equipada office con salida a un patio de luz y un aseo.  La 2ª planta cuenta con 3 habitaciones dobles con armarios empotrados (una tipo suite con baño) y otro baño completo. En la planta altillo, tenemos un amplio estudio de 30 m² con múltiples posibilidades de convertirlo en una habitación tipo suitte, sala de juegos, despacho o cualquier espacio que necesites.  Ubicada cerca de colegios, transporte y servicios esenciales, esta casa es el equilibrio perfecto entre calidad de vida y practicidad. Contáctame para agendar una visita hoy mismo y descubre tu futuro hogar! ",0,1,Cristina PÉREZ,2,1993.0,1,0,0,0,0,1,0,0,4,1,9,0,0,0,1,0,0,0,0,1,0,0,0,2100.0,2.0,2,Els Pins
107887308,https://www.idealista.com/inmueble/107887308/,Casa o chalet en venta en Cala Sant Francesc - Santa Cristina,695000,260,4,carrer de la cala,41.680072801197625,2.808561880008474,2025-04-15," Casa espectacular con vistas preciosas al mar con LICENCIA TURISTICA situada en la urbanización residencial de Cala Santa Cristina, en Blanes.   Desde todas las habitaciones de la casa podrá disfrutar de esta vista increíble! Las hermosas playas de arena de Cala Treumal y Cala Santa Cristina están tan a sólo 10 minutos a pie.  La casa cuenta con 3 plantas conectadas por una escalera y un ascensor. Ideal para las personas  mayores. En la planta baja está la entrada principal y un garaje privado para un coche. Area de lavado con lavadora y secadora.  En la primera planta se ubica el amplio salón con chimenea muy soleado y luminoso que conecta con la zona de comedor. Tiene acceso directo a la terraza para disfrutar de su cena durante las noches de verano. Y de nuevo vistas al mar!  La Cocina totalmente equipada con lavavajillas, también con acceso directo a la terraza.  Dormitorio doble y baño propio.  En el segundo piso hay 2 habitaciones dobles. El dormitorio principal con baño en-suite y vestidor, con vistas al mar y al bosque desde la ventana grande. El segundo dormitorio doble y una tercer baño separado.  Todos los 3 dormitorios tienen acceso a la terraza.  Desde el segundo piso se accede a la piscina y jardín privado, el cual se encuentra un piso más arriba. Aquí hay una segunda terraza con mobiliario y barbacoa. Tumbonas alrededor de la piscina y por supuesto vistas al mar!  Una casa de ensueño para los amantes del mar y a un paso de todos los servicios, a solo 5 min del centro de Blanes! ven a verla te vas a enamorar! ",0,1,LA LLAVE,3,2001.0,0,1,1,0,0,0,1,1,4,1,2,1,0,0,0,0,0,0,0,1,0,0,0,2673.076923076923,1.3333333333333333,4,Cala Sant Francesc - Santa Cristina
107784772,https://www.idealista.com/inmueble/107784772/,Piso en venta en Mont Ferrant - Sant Joan,166000,90,3,"carrer de santa bàrbara, 37-33",41.67704962078834,2.792189439337077,2025-04-11," Planta baja en Venta en Blanes ¡Descubre tu nuevo hogar en Mont-Ferrant! Este luminoso piso de 90 m², construido en 1980, es la opción perfecta para quienes buscan comodidad y estilo en una de las zonas más tranquilas de la ciudad. Con 3 amplios dormitorios, este espacio se adapta a tus necesidades, ya sea para una familia o para compartir con amigos. El baño, bien distribuido, ofrece funcionalidad y confort. Disfruta de la calidez del gas natural central y de la frescura del aire acondicionado, asegurando un ambiente agradable durante todo el año. Además, el piso cuenta con un ascensor, lo que facilita el acceso a tu nuevo hogar. El balcón es el lugar ideal para relajarte y disfrutar de las vistas, mientras que el patio interior proporciona un espacio adicional para tus momentos de ocio. Las ventanas de aluminio garantizan un excelente aislamiento y luminosidad en todas las estancias. Parking opcional a una calle. No dejes pasar la oportunidad de vivir en este encantador piso en Mont-Ferrant. ¡Contáctanos para más información y ven a visitarlo! Si necesita financiación, no dude en contactarnos. Le asesoraremos en todo momento de la mano de nuestro propio departamento financiero. El precio de venta del inmueble aquí expuesto no incluye ni impuestos ni gastos que grava la compraventa (ITP o IVA, gastos notariales o registrales) tampoco los honorarios de agencia por intermediación inmobiliaria ni gestión hipotecaria. ",0,1,Flamat Blanes,1,1980.0,0,1,0,1,0,0,0,0,4,4,6,0,0,0,0,0,1,0,0,0,0,0,1,1844.4444444444443,3.0,2,Mont Ferrant - Sant Joan
106313470,https://www.idealista.com/inmueble/106313470/,Ático en venta en rambla de Joaquim Ruyra,159000,75,2,carrer rambla de joaquim ruyra,41.67504655905693,2.791264535468244,2025-04-02," Este bonito duplex consta de 75 m2 según el catastro, 60 m2 de vivienda y 31 m2 de terraza. Dividido en dos plantas, en la primera encontramos recibidor, baño completo con plato de ducha y un dormitorio doble convertible en dos dormitorios. En la segunda planta encontramos un amplio salón con chimenea y con cocina americana y con salida a la terraza donde se puede disfrutar de las vistas despejadas.  Aire acondicionado en cada planta y radiadores eléctricos. Es un cuarto real sin ascensor. La ubicación es perfecta, en el centro de Blanes a 5 minutos de la playa. ",0,1,Elegance Estate,1,1985.5,1,0,0,0,0,0,0,1,4,2,15,0,1,0,0,0,0,0,0,0,0,0,1,2120.0,2.0,2,Centre
105801909,https://www.idealista.com/inmueble/105801909/,Chalet adosado en venta en paseo de Santa Bàrbara,599000,173,4,passeig de santa bàrbara,41.681528926410095,2.8014988922998643,2025-02-01," ¡Oportunidad única en una zona tranquila! Se vende casa pareada con todas las comodidades que necesitas para disfrutar de una vida de ensueño. Este inmueble cuenta con 173 m² construidos distribuidos en 4 dormitorios y 3 baños, ideal para familias numerosas. La planta baja ofrece un amplio salón comedor y una gran cocina con zona de comedor y chimenea, perfecta para reuniones familiares. Desde la cocina, accede a una encantadora terraza donde podrás disfrutar de tus desayunos al aire libre. La casa dispone de una piscina y un jardín privado, ideales para relajarse en los días soleados. Además, el garaje incluye un pequeño apartamento con salida directa al jardín, brindando un espacio adicional para invitados o como oficina. La planta superior alberga una buhardilla con fantásticas vistas, ideal para convertirla en un espacio de ocio o trabajo. Construida en 1998 y en buen estado de conservación, esta vivienda cuenta con armarios empotrados, trastero y calefacción eléctrica de gas natural. La parcela de 278 m² ofrece una orientación oeste, asegurando luz natural durante todo el día. No pierdas la oportunidad de vivir en esta maravillosa casa con clase energética E y todas las comodidades que siempre has soñado. ¡Ven a visitarla y enamórate! ",0,1,Finques Gironés,3,1998.0,1,0,1,0,0,1,1,1,2,5,75,0,0,0,0,0,1,0,0,1,0,0,0,3462.42774566474,1.3333333333333333,5,Mont Ferrant - Sant Joan
25140687,https://www.idealista.com/inmueble/25140687/,Casa o chalet independiente en venta en calle Vidal i Barraquer,900000,300,4,carrer vidal i barraquer,41.6784143,2.79802905,2024-11-20," casa en blanes, san joan, impresionantes vistas a mar sobre el pueblo de blanes y a un paso del pueblo, compuesta de salon comedor con salida a gran terraza, cocina oficce, cuatro dormitorios, dos baños, zona de barbacoa, garaje, piscina, excelentes acabados, climatizador. no deje escapar esta oportunidad. ",0,1,Blanes.com,2,1985.5,0,0,0,0,0,0,1,0,11,2,148,0,0,0,0,0,1,0,0,1,0,0,0,3000.0,2.0,1,Mont Ferrant - Sant Joan
104358333,https://www.idealista.com/inmueble/104358333/,Casa o chalet independiente en venta en Cala Sant Francesc - Santa Cristina,1280000,218,4,carrer de la cala,41.680072801197625,2.808561880008474,2025-02-03," ¡Bienvenido a esta excepcional residencia en la encantadora localidad de Santa Cristina, en Blanes! Con una ubicación privilegiada y unas vistas impresionantes al mar Mediterráneo, esta casa de lujo ofrece un estilo de vida único. Consta de 4 dormitorios, 2 baños, garaje y una espectacular piscina privada. Al ingresar a la casa, te sorprenderá la luminosidad y amplitud de sus espacios. La planta principal cuenta con un acogedor salón comedor con acceso a una amplia terraza, donde podrás disfrutar de cenas al aire libre y barbacoas en compañía de familiares y amigos mientras admiras las vistas panorámicas al mar. Además, esta planta alberga un baño reformado con ducha y una moderna cocina totalmente equipada, con salida al jardín trasero, ideal para relajarse y disfrutar del entorno natural. En la primera planta, encontrarás tres dormitorios dobles, todos ellos con salida a una encantadora terraza con vistas al mar. Estas habitaciones son espaciosas, luminosas y cuentan con armarios empotrados. Además, hay un baño completo con bañera para mayor comodidad. En el desván, se encuentra otra habitación doble con terraza, donde podrás contemplar el mar en todo su esplendor. La casa está equipada con calefacción, y aunque podría beneficiarse de algunas actualizaciones, se encuentra en buen estado general. El impresionante jardín de 886 metros cuadrados es el lugar perfecto para relajarse y disfrutar del clima mediterráneo. Destaca su espectacular piscina, ideal para refrescarse en los días calurosos de verano, así como la zona de barbacoa, perfecta para celebrar reuniones familiares y sociales al aire libre. Además, la propiedad cuenta con tres trasteros, garaje y un ascensor que conecta el garaje con la zona principal del jardín y la entrada a la casa, proporcionando comodidad y accesibilidad. Es importante destacar que esta propiedad cuenta con licencia turística, lo que la convierte en una excelente inversión tanto para aquellos que deseen disfrutar de su propio oasis junto al mar como para aquellos interesados en obtener ingresos adicionales mediante el alquiler vacacional. Esta licencia garantiza la legalidad y la posibilidad de ofrecer la casa como alojamiento turístico, lo que la convierte en una opción aún más atractiva para aquellos que buscan una propiedad con potencial de rentabilidad en una ubicación privilegiada como Santa Cristina, en Blanes. La zona de Santa Cristina en Blanes es conocida por su encanto mediterráneo, sus playas de arena dorada y sus pintorescos paisajes. Se encuentra a pocos minutos del centro de Blanes, que ofrece una gran variedad de servicios y comodidades, incluyendo restaurantes de cocina local, tiendas y actividades al aire libre. Además, la proximidad al mar y a otras atracciones turísticas lo convierte en un lugar ideal para disfrutar de unas vacaciones inolvidables o para establecerse permanentemente en esta bella región de la Costa Brava. ¡No pierdas la oportunidad de vivir en este paraíso junto al mar y haz de esta magnífica propiedad tu nuevo hogar en Santa Cristina, Blanes! [IW]. ",0,1,Sale and Rental Spain,2,1978.0,1,0,1,0,0,1,1,0,2,0,73,1,0,0,0,0,0,0,0,1,0,0,0,5871.559633027523,2.0,4,Cala Sant Francesc - Santa Cristina
93698940,https://www.idealista.com/inmueble/93698940/,Casa o chalet independiente en venta en Urbanitzacions,700000,479,5,carrer urbanitzacions,41.690927089710506,2.7931287373638796,2025-02-18," Esta es una gran casa con toque rústicos, de unos 479 m2 y construida en el 2005, situada en una zona residencial y tranquila de la vila de Blanes, pero cercana a todo tipo de servicios y comercios. La casa tiene un total de 3 plantas. En la planta inferior encontramos un gran garaje para 7 coches, de unos 172 m2, con un baño con ducha, una sala y una escalera interior que comunica con las otras dos plantas. En la planta principal, al entrar en la casa, encontramos un amplio vestíbulo que nos lleva a un gran salón, con chimenea, preciosas vigas de madera en el techo y salida directa a uno de los porches cubiertos de la casa, ideal para relajarse en el exterior. En la misma planta encontramos un despacho, un baño con ducha y una gran cocina con chimenea, una gran mesa central para comer y salida directa al jardín. En la planta superior hay un total de 4 dormitorios, todos ellos con armarios empotrados, exteriores y dos de ellos con baño en suite. Cabe destacar que el dormitorio principal dispone una terraza privada, con vistas al mar y el castillo de Blanes y que en esta misma planta hay otro porche con vistas a la piscina y al jardín. La casa tiene una parcela de unos 513 m2, con una preciosa zona exterior, piscina, zona para comer al aire libre, barbacoa y un bonito olivo centenario. Con excelentes acabados, calefacción y bonitos detalles rústicos, esta casa se encuentra lista para entrar a vivir ahora mismo. Pídanos información sin compromiso, ideal para familias que buscan vivir en esta preciosa vila de la Costa Brava. [IW]. ",0,1,Sale and Rental Spain,3,2005.0,0,0,1,0,0,1,1,0,2,1,58,0,0,0,0,0,0,0,1,1,0,0,0,1461.3778705636744,1.6666666666666667,3,Urbanitzacions
89217347,https://www.idealista.com/inmueble/89217347/,Casa o chalet independiente en venta en Cala Sant Francesc - Santa Cristina,1800000,570,4,carrer de la cala,41.680072801197625,2.808561880008474,2025-01-02," Preciosa casa de 450m2 situada en la urbanización cala Sant Francesc de Blanes. Se sitúa en una gran parcela de unos 1540 m2 aproximadamente, con preciosas vistas al mar y a la montaña. Esta fantástica casa consta de un recibidor, un gran salón-comedor, un preciosa cocina americana totalmente equipada y con zona para comer en ella.  La casa tiene un total de 4 habitaciones (4 suites), 4 baños y 2 aseos, además de un gran vestidor.  Dispone de trastero, zona de lavadero, barbacoa, y tiene fabulosos acabados y espacios como una sala de gimnasio de unos 120 m2 con sauna turca y jacuzzi.  Equipada con alarma, cámaras de vigilancia, calefacción y aire acondicionado. Incluye 2 garajes para 5 coches.  Dispone de piscina propia y zona ajardinada, con unas preciosas vistas al mar y montaña y a escasos 300mt de la playa.  ¡No deje pasar esta fabulosa oportunidad! [IW]. ",0,1,Sale and Rental Spain,5,1985.5,1,0,1,0,0,1,1,1,1,3,105,1,0,0,0,0,0,0,0,1,0,0,0,3157.8947368421054,0.8,5,Cala Sant Francesc - Santa Cristina
106428250,https://www.idealista.com/inmueble/106428250/,Casa de pueblo en venta en Centre,525000,352,4,carrer ample,41.67454693196272,2.791958077322335,2025-01-30," Situada en pleno corazón de Blanes y a solo pasos de la playa, esta propiedad es una fantástica inversión o una opción perfecta para familias que desean convivir en un mismo edificio sin renunciar a la privacidad. Se trata de una finca única y versátil que combina un local comercial, un apartamento independiente y un amplio ático dúplex, todos integrados en una sola unidad registral. En la planta baja: Local comercial con altillo, actualmente alquilado, lo que garantiza una renta estable desde el primer momento. Este espacio con gran visibilidad y acceso directo a la calle es ideal para casi cualquier tipo de negocio, ofreciendo un flujo constante de clientes gracias a su ubicación estratégica en el centro de Blanes. Al subir, en la primera planta: Apartamento independiente, distribuido con una habitación, salón, cocina y baño. Este espacio ofrece versatilidad y puede usarse como vivienda para un miembro de la familia o como unidad de alquiler adicional, generando ingresos sin afectar la privacidad. Ático dúplex en segunda y tercera planta: En la segunda planta, se encuentra un recibidor, tres amplias habitaciones y un baño completo, perfectos para una familia. La tercera planta cuenta con un amplio recibidor, un aseo, una cocina espaciosa de aproximadamente 15 m², y un salón de unos 30 m² con chimenea, ideal para reuniones y momentos de relax. Desde aquí, se accede a un espectacular solárium de 60 m², con zona de barbacoa y trastero, que se convierte en el lugar perfecto para disfrutar del clima mediterráneo y de momentos inolvidables en compañía. Todos los espacios se encuentran listos para entrar a vivir y disponen de muy buenos acabados. Además, dispone de calefacción a gas, aire acondicionado y una acogedora chimenea, asegurando un confort óptimo en todas las estaciones del año. Esta finca es la elección perfecta para inversores en busca de una propiedad que genere ingresos a través del local comercial y los diferentes espacios residenciales, o bien para familias que desean convivir cerca pero con independencia en cada nivel del edificio. Situada en la preciosa vila de Blanes, donde vivir en ella es disfrutar de un estilo de vida mediterráneo, con playas de aguas cristalinas, un encanto auténtico de pueblo costero, y todos los servicios a pocos pasos. En Blanes encontrarás una vibrante oferta cultural, gastronómica y de ocio, con un ambiente acogedor que atrae tanto a locales como a visitantes. Una ciudad llena de oportunidades y el lugar perfecto para establecerse o invertir. ¡No lo dudes y ponte en contacto con nosotros para organizar una visita, es una oportunidad única! [IW]. ",0,1,Sale and Rental Spain,3,1973.0,1,0,0,0,0,0,0,1,1,3,77,0,1,0,0,0,0,0,0,1,0,0,0,1491.4772727272727,1.3333333333333333,2,Centre
97374427,https://www.idealista.com/inmueble/97374427/,Casa o chalet independiente en venta en Urbanitzacions,800000,368,4,carrer urbanitzacions,41.690927089710506,2.7931287373638796,2024-11-20," Esta preciosa casa tiene un precioso estilo rústico, de muy buena construcción y con preciosos detalles como vigas de madera y una bonita mezcla de piedra y madera.  Dispone de dos plantas y tiene un total aproximado de 368 m2, a tan solo 10 minutos de las preciosas playas de la Costa Brava y todo tipo de comercios y servicios de Blanes. En la planta principal encontramos un amplio vestíbulo, en piedra y con unas preciosas escaleras de hierro forjado, un precioso salón con zona de comedor, chimenea y bonitas vigas de madera en el techo. La casa tiene una fantástica cocina independiente, que continua con el estilo rústico de la casa y donde encontramos espacio para comer y una preciosa chimenea. Esta bonita casa dispone de un total de 4 dormitorios, con 3 baños, dos de ellos con ducha, calefacción y bonitos acabados. En el exterior encontramos un porche cubierto, ideal para relajarse con amigos y familia, comiendo al aire libre y disfrutando de su precioso jardín y de su piscina. Además cuenta con un amplio garaje para 3 coches. Se encuentra lista para entrar a vivir ahora mismo, disfrutar tanto de su ubicación, tranquila y rodeada de naturaleza, como de sus excelentes acabados. Pídanos información sin compromiso, no se arrepentirá. [IW]. ",0,1,Sale and Rental Spain,3,1997.0,1,0,1,0,0,1,1,0,11,2,148,0,0,0,0,0,0,0,1,1,0,0,0,2173.913043478261,1.3333333333333333,4,Urbanitzacions
104357332,https://www.idealista.com/inmueble/104357332/,Casa o chalet independiente en venta en Centre,389000,166,7,carrer ample,41.67454693196272,2.791958077322335,2024-11-04," ¡Bienvenidos a esta encantadora casa de pueblo en el corazón del pintoresco Blanes! Si estás buscando una inversión que combine encanto tradicional con comodidades modernas, esta propiedad es perfecta para ti. Ubicada a tan solo 200 metros de la playa, en el vibrante pueblo de Blanes, esta casa de pueblo típica de pescadores ha sido cuidadosamente reformada y dividida en cuatro pisos, cada uno con su propio encanto y carácter.  Al entrar, te sorprenderán los acabados de calidad y el diseño contemporáneo. Cada piso cuenta con entrada independiente. Al entrar encontramos un cómodo comedor con cocina americana, dos acogedores dormitorios y un baño completamente renovado, asegurando el máximo confort para sus residentes o huéspedes. El punto culminante de esta propiedad es el último piso, que ofrece una espaciosa terraza solarium donde puedes disfrutar del sol y de las vistas de Blanes. Este piso cuenta con una habitación, comedor y cocina americana y un baño reformado. Con licencia turística, esta propiedad es una opción ideal para aquellos que buscan generar ingresos durante todo el año, especialmente durante la temporada alta. El aire acondicionado proporciona un ambiente fresco y confortable en los cálidos meses de verano, garantizando una estancia agradable para los huéspedes. Blanes, conocido por sus playas de aguas cristalinas y su ambiente animado, ofrece una amplia gama de servicios, comercios y restaurantes a poca distancia. Desde su famoso puerto deportivo hasta sus pintorescas calles empedradas, esta ciudad costera cautiva a residentes y visitantes por igual con su autenticidad y encanto mediterráneo. No pierdas la oportunidad de ser el dueño de esta joya inmobiliaria en el corazón de Blanes. ¡Contáctame hoy mismo para programar una visita y descubrir todo lo que esta propiedad tiene para ofrecer! [IW]. ",0,1,Sale and Rental Spain,4,1920.0,1,0,0,0,0,0,0,1,11,0,164,0,1,0,0,0,0,0,0,1,0,0,0,2343.373493975904,1.75,2,Centre
99092519,https://www.idealista.com/inmueble/99092519/,Casa o chalet independiente en venta en Cala Sant Francesc - Santa Cristina,1100000,350,3,carrer de la cala,41.680072801197625,2.808561880008474,2025-04-17," Se trata de una increíble casa, con acabados de primera calidad y de reciente construcción, del 2017. La casa se encuentra en una zona residencial y tranquila de Blanes, cerca de las preciosas playas de Santa Cristina y de Cala Sant Francesc. Cabe añadir que se encuentra cerca del centro de Blanes y de Lloret de Mar.  A la planta principal se accede desde un precioso porche de entrada con vistas a la montaña. Al entrar encontramos una gran zona de salón-comedor, salidas a las terrazas de ambos lados, lo que proporcionan una fantástica vista y mucha luz natural.  Esta preciosa casa cuenta con una gran cocina totalmente equipada, con una gran isla ideal para cocinar y desayunar en ella. Además encontramos en esta planta el dormitorio principal, con vestidor y un gran baño en suite con ducha y bañera. En el exterior encontramos una fabulosa zona de chill out con piscina privada, zona para relajarse, zona para comer y porche cubierto.  En un la planta inferior encontramos la zona de descanso, con 2 dormitorios, ambos con vistas a la montaña y un fabuloso spa con piscina interior equipada con cascada y diferentes chorros a presión.  En la planta superior hay 2 terrazas, una de ellas con una gran sala polivalente que ahora se usa como sala de juegos. Cabe destacar que todas las plantas se comunican con un ascensor interior. La casa dispone de un amplio garaje para dos coches y zona de trastero. Esta espectacular casa dispone de acabados de primera calidad, con suelos de mármol y aire acondicionado. Se trata de una fantástica oportunidad, tanto por la privacidad de la zona, sus increíbles vistas y sus fantásticos acabados. Póngase en contacto con nosotros para más información y venga a verla sin compromiso. [IW]. ",0,1,Sale and Rental Spain,4,1985.5,1,0,0,0,0,1,1,1,4,3,0,1,0,0,0,0,0,0,0,1,0,0,0,3142.8571428571427,0.75,4,Cala Sant Francesc - Santa Cristina
103443340,https://www.idealista.com/inmueble/103443340/,Piso en venta en plaza Mèrida,124400,120,1,plaça mèrida,41.66796668719208,2.7732642503798903,2024-11-19," ¡Nuevo de Monky Houses! ¡La plataforma inmobiliaria PropTech que te ayuda a vender más rápido y a un costo más bajo que tu vecino! ¿Cansado de buscar apartamentos solo para tener visitas que duran apenas 5 minutos? ¡Bueno, aquí tienes todo lo que necesitas saber para asegurarte de que eso no suceda con nosotros! Hoy, presentamos un increíble apartamento en Girona. Sus características clave incluyen: • 1 dormitorio doble y 1 baño • Armarios empotrados • Apartamento + locales conectados con la posibilidad de ampliar el apartamento. • Los locales pueden utilizarse como estacionamiento, trastero, etc. • Tiene ascensor • Está en la planta baja • Gastos comunitarios mensuales de €17 • Increíble luz natural Contáctanos hoy mismo y programaremos una visita directamente con el propietario. ",0,1,Monky Houses,1,1985.5,0,0,1,1,0,0,0,1,11,1,149,0,0,0,0,1,0,0,0,0,0,0,1,1036.6666666666667,1.0,3,La Plantera
106147141,https://www.idealista.com/inmueble/106147141/,Piso en venta en calle de la Fe,183500,83,3,carrer de la fe,41.67725771213951,2.7864197305069935,2024-12-11," Piso con ascensor y muy luminoso Este piso cuenta con 83 metros construidos según catastro y 70 metros útiles, totalmente exterior y muy luminoso Este piso, destaca por su excelente estado de conservación y su amplitud, ofreciendo un espacio cómodo para vivir. La vivienda cuenta con tres habitaciones, de las cuales la principal es especialmente amplia, luminosa y exterior, proporcionando un entorno agradable y relajante. El baño, bien distribuido, mantiene el estilo cuidado y funcional de toda la casa. La cocina es práctica y está en buen estado, equipada con un lavadero espacioso que facilita las tareas domésticas, aportando un plus de comodidad.  Entre las características del piso ventanas de aluminio que mejoran el aislamiento térmico y acústico. La finca es tranquila del año 1973, muy bien mantenida y con pocos vecinos. [IW]. ",0,1,InmoBadiu,1,1973.0,0,0,0,1,0,0,0,0,12,2,127,0,1,0,0,0,0,0,0,0,0,0,1,2210.843373493976,3.0,1,Centre
107882838,https://www.idealista.com/inmueble/107882838/,Piso en venta en calle de Santa Cecília,148000,60,2,carrer de santa cecília,41.67890825074138,2.786043795702496,2025-04-09," Propietaris. Cat , Líder en Catalunya SIN COMISIONES, ofrece: Impresionante piso reformado con mucha luz, Balcón privado y 2 dormitorios - Oportunidad única por precio y zona. Vivienda lista para entrar a vivir y disfrutar inmediatamente - El piso dispone de un amplio balcón con vistas despejadas y zona verde muy cercana - El salón es amplio, con aire acondicionado y acceso directo al balcón-terraza - Edificio muy tranquilo ubicado en una de las zonas con más demanda de Blanes - La vivienda dispone de 2 amplios dormitorios y 1 baño completo reformado con plato de ducha - El piso dispone de doble acristalamiento climalit en todas las estancias para un aislamiento acústico y térmico total - Calefacción con gas natural en toda la vivienda, además de una caldera nueva de alta capacidad - Vivienda ubicada en una zona fantástica, rodeada de todos los servicios (supermercados, transporte público, acceso a autopista, etc... ) Propietaris. Cat , ofrece siempre inmuebles con FOTOS 100% REALES, SIN GRAN ANGULAR. Propietaris. Cat  NUNCA HA COBRADO, NI COBRARÁ JAMÁS, honorarios al comprador. Todos los inmuebles, servicios integrales y financiación hipotecaria hasta el 100% en WWW. PROPIETARIS. CAT. ",0,1,Propietaris.Cat ®,1,1984.0,1,0,0,0,0,0,0,1,4,2,8,0,0,0,0,0,0,1,0,0,0,0,1,2466.6666666666665,2.0,2,Semicentre
107909792,https://www.idealista.com/inmueble/107909792/,Casa o chalet independiente en venta en Mont Ferrant - Sant Joan,295000,208,6,"carrer de santa bàrbara, 37-33",41.67704962078834,2.792189439337077,2025-04-16," ESPACIO PARA TI Y PARA TU PROPIO NEGOCIO, Hay viviendas como esta que presentamos que te permiten un montón de opciones, son tres plantas independientes con mucho espacio y muchas maneras de distribuirlo. La vivienda hace esquina y dispone de un local comercial a pie de calle, garaje privado y acceso a la planta baja (que necesita reforma), pero que una vez terminada te quedara un precioso bajo con dos habitaciones, salón comedor y cuarto de baño completo. En la planta superior hay un amplio piso distribuido en un gran salón-comedor con chimenea y con salida a dos balcones, 2 dormitorios dobles, una sala de estar que se puede habilitar como otra habitación doble, 1 habitación individual, 1 baño completo y 1 aseo. La amplia cocina con despensa y chimenea nos dará acceso a una preciosa terraza con barbacoa y desde donde accederemos a la planta superior en donde encontramos otra gran terraza a varios niveles y con lavadero. Y esto no es todo, si eres promotor el edificio permite levantar otro piso en la parte superior y si además quisieras ampliar el espacio, existe la posibilidad de unir otro edificio colindante para aumentar la edificabilidad. *impuestos y gastos no incluidos en el precio*. ",0,1,HabitatGet,3,1960.0,1,0,1,0,0,0,0,0,4,2,1,0,0,0,0,0,1,0,0,1,0,0,0,1418.2692307692307,2.0,2,Mont Ferrant - Sant Joan
105924292,https://www.idealista.com/inmueble/105924292/,Chalet adosado en venta en calle Petit de Raval,650000,321,4,carrer petit de raval,41.67651690114528,2.7922850047117125,2025-04-11," Presentamos una excepcional casa en el centro de Blanes, destacada por su amplio espacio y su reforma realizada en 2011. Esta propiedad ofrece una superficie construida de 320 m², cuidadosamente distribuidos en tres plantas, y un extenso jardín privado de 100 m². Además, cuenta con un espacioso garaje de 110 m², proporcionando comodidad y seguridad para varios vehículos. Distribución de la vivienda: Primera planta: Al ingresar a la vivienda, se accede a un elegante comedor que se comunica directamente con una cocina moderna y completamente equipada y con la salida al jardín de 100m2, ideal para disfrutar de momentos en familia. En esta planta también se encuentra un baño, que ofrece funcionalidad y confort. Segunda planta: Subiendo las escaleras, se accede a la zona de descanso principal, donde se ubica una amplia habitación tipo suite, que incluye un baño privado y un vestidor, proporcionando un espacio íntimo y acogedor. También en esta planta, se dispone de una sala adicional, que puede adaptarse como una segunda habitación, un despacho, o una cómoda sala de estar. Tercera planta: La última planta de la casa alberga dos habitaciones adicionales, todas ellas luminosas y con acceso directo a una terraza con impresionantes vistas a la ciudad. Este espacio exterior ofrece un rincón perfecto para disfrutar de la tranquilidad y las vistas que ofrece la ubicación privilegiada de la propiedad. Altillo y terraza superior: En la parte superior de la vivienda se encuentra un altillo que da acceso a otra terraza. Desde este punto, se pueden apreciar vistas panorámicas del entorno, convirtiéndose en un lugar ideal para relajarse o disfrutar de momentos al aire libre. Esta propiedad combina la modernidad de su reforma con la calidez de un hogar acogedor, ofreciendo amplios espacios tanto interiores como exteriores. ¡Ideal para quienes buscan una vivienda en Blanes que conjugue confort, estilo y una ubicación inmejorable! ",0,1,Immobiliària Espígul,3,1985.5,0,1,1,0,0,1,0,1,4,4,6,0,1,0,0,0,0,0,0,1,0,0,0,2024.9221183800623,1.3333333333333333,4,Centre
105232182,https://www.idealista.com/inmueble/105232182/,"Piso en venta en calle Pablo Neruda, 8",166000,90,3,"carrer pablo neruda, 8",41.667444200000006,2.77508605,2024-07-18," Os presentamos este piso ubicado en el barrio de la Plantera, en Blanes. Al redores podrás encontrar servicios esenciales como centros médicos, parada de autobús, estación de tren, escuelas, supermercado. y a tan sol 10minutos el mar.  Esta compuesto por 90m2 construido de los cuales 85m2 útiles. Distribuidos por salón comedor amplio con salida al exterior, 3 habitaciones, 2 de ellas dobles y otra individual. Recibidor acogedor, cocina independiente equipada de electrodomésticos y por ultimo dos cuartos de baño completos, uno de ellos con bañera y el otro con plato de ducha. Desde el comedor tiene salida a un balcón de unos 5m2 con espacio para mesa y sillas donde disfrutar del sol.  Cuenta con suelo de gres, armarios empotrados, gas natural, calefacción, puertas de madera, puerta de seguridad y sistema de vigilancia.  Es una 2º planta SIN ascensor. Finca tranquila y familiar. NO LO DUDES PREGUNTANOS Y TE INFORMAMOS SIN COMPROMISO! ",0,1,Elegance Estate,2,1982.0,0,1,0,0,0,0,0,0,7,3,273,0,0,0,0,1,0,0,0,0,0,0,1,1844.4444444444443,1.5,1,La Plantera
107838108,https://www.idealista.com/inmueble/107838108/,Piso en venta en La Plantera,122000,49,1,carrer béjar,41.66839367930616,2.775473038042611,2025-04-16," LA PORTA Finques Sa Palomera le ofrece en exclusiva un bonito apartamento muy soleado en la zona de la Plantera, pero cerca de los pinos. Se compone de una entrada que da acceso a un comedor con terraza, y vistas a la piscina. Cocina con todos los electrodomésticos que esta abierta al comedor. Una habitación de matrimonio con armario y un baño completo con bañera, suelos de gres y aluminio doble cristal, Está muy bien comunicado y cerca de todos los servicios, lo que lo hace ideal tanto para vivir todo el año como para utilizarlo como segunda residencia. Parking opcional. Está listo para entrar a vivir y disfrutar de todas las comodidades que ofrece. ¡No pierdas la oportunidad de visitarlo! BUENA INVERSION. A LA SEVA VIVENDA. ",0,1,Finques sa palomera,1,1985.5,1,0,0,0,0,0,0,0,4,2,1,0,0,0,0,1,0,0,0,0,0,0,1,2489.795918367347,1.0,1,La Plantera
107768048,https://www.idealista.com/inmueble/107768048/,Piso en venta en Semicentre,127000,49,1,"carrer anselm clavé,62",41.677296,2.7873864,2025-04-04," Finques Sa Palomera le ofrece una oportunidad Única! Este bonito apartamento con ascensor en la codiciada zona de Mas Moixa. Este inmueble se encuentra en un estado impecable y cuenta con las siguientes características: - Comedor con Cocina Americana: Espacioso y luminoso, ideal para disfrutar de momentos en familia o con amigos. - Balcón con Trastero: Acceso directo desde el comedor y el dormitorio, perfecto para relajarse al aire libre. - Dormitorio Doble: Amplio y cómodo, también con salida al balcón. - Baño Amplio: Equipado con bañera para su confort. - Distribuidor con Armario Empotrado: Espacio extra para almacenamiento. - Suelos de Gres y Aluminio Doble Cristal: Materiales de calidad que garantizan durabilidad y buen aislamiento. - Bomba de Calor Frío y Caliente: Confort durante todo el año. Esta vivienda es ideal para una persona o una pareja, ya que se encuentra a solo 5 minutos del centro y a 10 de la playa, rodeada de comercios y con fácil acceso a la estación de tren. No dejes pasar esta buena oportunidad para comprar. Le encantara! Contáctenos para más información y se lo enseñamos! ",0,1,Finques sa palomera,1,1985.5,1,0,0,1,0,0,0,0,4,4,13,0,0,0,0,0,0,1,0,0,0,0,1,2591.8367346938776,1.0,2,Semicentre
107248239,https://www.idealista.com/inmueble/107248239/,"Casa o chalet independiente en venta en calle de la Cala, 37",1500000,600,6,"carrer de la cala, 37",41.68057478687336,2.8062159481904767,2025-04-13," Esta espectacular villa combina diseño, confort y unas vistas inigualables al mar Mediterráneo gracias a su impresionante fachada acristalada, que inunda de luz natural cada una de sus amplias estancias. En la planta principal, a nivel del jardín, te recibe un majestuoso salón a doble altura con chimenea, que se convierte en el corazón de la casa. Desde aquí, el acceso a la piscina infinity crea una sensación de continuidad con el horizonte. La moderna cocina con comedor y lavadero, un baño completo y dos dormitorios –uno de ellos en suite con salida directa al jardín– completan este nivel. La planta superior está diseñada para el descanso, con cuatro dormitorios que disfrutan de unas vistas incomparables al mar. Dos de ellos son en suite, y todos están conectados por una acogedora terraza donde relajarse y admirar el paisaje. Desde la calle, accedemos a la planta inferior, donde un amplio garaje con capacidad para cuatro vehículos garantiza comodidad y seguridad. En este nivel, además, encontramos una sala de máquinas, una despensa, una gran sala de juegos de 40 m² y un exclusivo loft independiente de 50 m² con acceso directo al jardín, ideal para invitados. La vivienda cuenta con calefacción a gas-oil, hilo musical en todas las estancias, suelo de parqué natural y acabados de alto standing que reflejan la máxima calidad en cada detalle. Un hogar único donde la elegancia y el bienestar se fusionan con el entorno. ¡Ven a descubrirlo! ",0,1,Vesta Century,6,1999.0,1,0,1,0,0,1,1,1,4,6,4,1,0,0,0,0,0,0,0,1,0,0,0,2500.0,1.0,5,Cala Sant Francesc - Santa Cristina
105301438,https://www.idealista.com/inmueble/105301438/,Piso en venta en paseo Bitácora,598000,144,4,passeig bitácora,41.6791319,2.8060196999999993,2025-01-08," Gran piso de 4 habitaciones, con licencia turística y gran terraza que da a la pintoresca Cala Sant Francesc. Zona comunitaria con 2 grandes piscinas y pista de tenis. Tiene 2 plazas de PKG, una interior y otra exterior. El apartamento está situado en una de las urbanizaciones más exclusivas de la Costa Brava. Restaurante a escasos metros del apartamento, frente a la playa. La urbanización dispone de servicio de vigilancia 24h. A destacar la excelente y única ubicación del apartamento a escasos metros de la playa. La decoración es sencilla de estilo mediterráneo y funcional. Tiene dos baños completos. Destaca la exclusividad del edificio, dónde se brinda respeto y tranquilidad. El apartamento requiere de una actualización. ",0,1,PATRIMONIS IMMOBILIARIS FORCADELL,2,1985.5,0,0,0,0,0,0,0,0,1,2,99,1,0,0,0,0,0,0,0,0,0,0,1,4152.777777777777,2.0,0,Cala Sant Francesc - Santa Cristina
106379788,https://www.idealista.com/inmueble/106379788/,Piso en venta en Centre,223000,122,3,carrer ample,41.67454693196272,2.791958077322335,2025-04-08," Espacio y comodidad en Los Pavos, Blanes  Piso amplio con 3 habitaciones, 2 baños, balcones privados, terraza comunitaria de 122 m² y en zona tranquila, cerca de todos los servicios.  Tu nuevo hogar en Los Pavos, Blanes: Espacio y Comodidad Si buscas un hogar donde combinar comodidad y calidad de vida, este amplio piso en la tranquila zona de Los Pavos, Blanes, es perfecto para ti. Con 3 habitaciones, una de ellas en suite, cada una con su propio balcón, tendrás espacio para la privacidad de todos. La vivienda cuenta con un baño completo adicional, cocina equipada y un amplio salón comedor ideal para reuniones familiares o momentos de relax. Desde el salón, accede a un balcón principal con vistas despejadas. Además, el edificio ofrece una terraza comunitaria de 122 m², ideal para disfrutar del buen tiempo o compartir momentos al aire libre. A pocos pasos de todos los servicios, es la opción ideal para quienes valoran la tranquilidad sin renunciar a la comodidad. ¡Descubre tu nuevo hogar hoy mismo! Llámanos sin compromiso. ",0,1,Fran VIANA QUERO,2,2000.0,1,0,0,1,0,0,0,1,4,1,9,0,1,0,0,0,0,0,0,0,0,0,1,1827.8688524590164,1.5,3,Centre
93870643,https://www.idealista.com/inmueble/93870643/,Casa o chalet en venta en calle Mirador de la Cala,885000,270,4,carrer mirador de la cala,41.68158738092193,2.809054331191985,2025-03-13," Villa en Cala San Francesc, urbanizacion mas exlusiva de Blanes con vigilancia, club social, zona deportiva con piscina. Vistas panoramicas a mar y montaña, muy cerca de la playa y de centro de Blanes. Consta de garaje a pie de calle para dos coches. Loft con cocina y baño para invitados. Vivienda en una planta con tres dormitorios todos con salida a terraza y vistas frontales a mar, dos baños, uno de ellos en suitte con armarios empotrados, cocina office equipada con salida a terraza, salon comedor con salida a terraza, hall recibidor en planta baja con acceso directo a vivienda, Ascensor en todas las plantas. Terreno de casi 1.200 m2 en bancales ascendente con barbacoa y piscina particular. Se vende con muebles y electrodomesticos. Calefaccion y agua caliente de gas natural. Nuestro mayor valor es la confianza que depositan nuestros clientes en nosotros y nuestra mayor misión: su satisfacción. En cumplimiento de la ley 32917 del 13 de febrero de 2018 del CODIGO CIVIL DE CATALUNYA, por el que se aprueba el Reglamento de Información al Consumidor en la compraventa y arrendamiento de viviendas en CATALUÑA, se informa al cliente que los gastos notariales, registrales e impuestos que le sean de aplicación ( ITP ó IVA AJD ) y otros gastos inherentes a la compraventa no están incluidos en el precio. ",0,1,Blanes House,3,1999.0,1,0,0,0,0,0,0,0,3,3,35,1,0,0,0,0,0,0,0,1,0,0,0,3277.777777777778,1.3333333333333333,1,Cala Sant Francesc - Santa Cristina
103261185,https://www.idealista.com/inmueble/103261185/,Casa o chalet independiente en venta en Centre,870000,325,5,carrer ample,41.67454693196272,2.791958077322335,2024-12-24," La casa en Blanes se encuentra en la zona de Forti y está situada en una parcela de cuatro vientos, lo que significa que tiene una excelente orientación y luz solar durante todo el día. En cuanto a las dimensiones, la planta de abajo tiene 120m2 y cuenta con una gran habitación que incluye una bodega con zona de chimenea, ideal para celebrar fiestas familiares. Además, hay una habitación destinada a gimnasio y un despacho. También hay un baño en esta planta. En la parte de arriba, encontramos una vivienda de 120m2 con amplios espacios. El comedor cuenta con una chimenea y un balcón con vistas despejadas. Hay tres dormitorios, todos ellos dobles, y uno de ellos es una suite. Además, hay otro baño que da servicio a los otros dormitorios. La cocina también tiene una chimenea y ofrece unas vistas increíbles hacia San Juan. Y por último, la casa cuenta con un garaje con espacio para dos o tres coches. En resumen, esta casa en Blanes ofrece un diseño espacioso y luminoso, con diferentes zonas para disfrutar en familia, como la bodega con chimenea, el gimnasio y el despacho. Además, cuenta con una ubicación privilegiada que permite disfrutar de vistas despejadas y una gran cantidad de luz solar durante todo el día. Toda la casa esta rodeada con jardín enlosada con posibilidad y espacio de piscina. Tiene un huerto. Posibilidad de poner calefacción radial por estar preparado para ello. Tiene suelo gres, pintura lisa, buen estado, amueblado, plaza para 2 coches o más, balcón, antena tv, armarios empotrados, exterior, barbacoa, cocina amueblada, jardín, alto standing, orientación norte, lavadero, suelo terrazo, puerta blindada, alarma, ventanas climalit, cocina equipada, chimenea, aire acondicionado, calefacción individual: bomba de frío/calor, orientación oeste, bodega, orientación este, luminoso y terraza.  LA PORTA A LA SEVA VIVENDA. ",0,1,Finques sa palomera,3,1985.5,1,0,1,0,0,1,0,1,12,1,114,0,1,0,0,0,0,0,0,1,0,0,0,2676.923076923077,1.6666666666666667,4,Centre
102386146,https://www.idealista.com/inmueble/102386146/,Casa o chalet independiente en venta en Urbanitzacions,790000,361,4,carrer urbanitzacions,41.690927089710506,2.7931287373638796,2024-07-19," Mares Realty presenta una casa unifamiliar ubicada en la zona de Residencial Blanes en la misma entrada de la ciudad ubicada en un lugar muy tranquilo rodeada de la natura. Tiene piscina. La casa esta en proceso de reconstrucción. Ademas posee de una superficie muy grande para construir incluyendo objetos nuevos y tiene permiso para hacerlo. Este inmueble tiene unas preciosas vistas al mar con vistas a las montañas. Mares Realty, inmobiliaria con un equipo multicultural y multilingüe con 20 años de experiencia en el sector inmobiliario. Profesionales al servicio de nuestros clientes. Eficacia y rapidez en nuestras transacciones inmobiliarias. Además contamos con una división dentro de la propia empresa dedicada a la obra nueva ya las reformas, ofreciendo así un servicio inmobiliario integral.  En cumplimiento de la ley 3/2917 de 13 de febrero de 2018 del CÓDIGO CIVIL DE CATALUÑA, por el que se aprueba el Reglamento de Información al Consumidor en la compraventa y arrendamiento de viviendas en CATALUÑA, se informa al cliente que las gastos notariales, registrales e impuestos que le sean aplicables (ITP o IVA + AJD) y otros gastos inherentes a la compraventa no están incluidos en el precio. [IW]. ",0,1,MARES REALTY,2,1985.5,1,0,0,0,0,0,0,0,7,4,272,0,0,0,0,0,0,0,1,1,0,0,0,2188.3656509695293,2.0,1,Urbanitzacions
94354534,https://www.idealista.com/inmueble/94354534/,Casa o chalet independiente en venta en Centre,850000,500,6,carrer ample,41.67454693196272,2.791958077322335,2024-12-24," Finques Sa Palomera presenta: Una gran y espectacular casa situada en la exclusiva zona del Fortí, una de las mejores y más buscadas de Blanes. Esta propiedad ofrece amplios espacios, comodidad y una excelente ubicación, ideal para una familia que busque confort y calidad de vida. Características principales de la vivienda: 6 habitaciones dobles, perfectas para adaptarse a las necesidades de toda la familia. 2 baños completos: uno con plato de ducha y otro con bañera, para mayor comodidad. Cocina independiente, totalmente equipada con acceso directo a una terraza, ideal para disfrutar de las vistas al aire libre mientras cocinas. Comedor de 40 m², espacioso y luminoso, con salida al jardín, ofreciendo un espacio perfecto para el disfrute familiar. Extras y detalles: Mobiliario incluido, con suelos de gres y armarios empotrados que optimizan el espacio. Zona de planchado, trastero y almacén para mayor comodidad y almacenamiento. Gran garaje cerrado con capacidad para cuatro plazas, facilitando el estacionamiento y almacenamiento de vehículos. Cuatro terrazas y grandes jardines, ideales para disfrutar de momentos al aire libre y organizar reuniones familiares o con amigos. Zona de máquinas y la posibilidad de instalar una piscina, añadiendo más valor y disfrute a la propiedad. La vivienda cuenta con bomba de calor para climatizar la casa. Ventajas: La casa es soleada y muy luminosa, orientada a cuatro vientos y completamente exterior. Se encuentra en muy buen estado, lista para entrar a vivir y disfrutar de todas sus comodidades. Finques Sa Palomera: La porta a la seva vivenda. Para más información o para agendar una visita, no dudes en contactarnos o visitar nuestra web ¡Te esperamos! ",0,1,Finques sa palomera,2,1990.0,1,0,1,0,0,1,0,1,12,1,114,0,1,0,0,0,0,0,0,1,0,0,0,1700.0,3.0,4,Centre
104707702,https://www.idealista.com/inmueble/104707702/,Casa o chalet independiente en venta en Semicentre,340000,255,3,"carrer anselm clavé,62",41.677296,2.7873864,2025-02-21," Finques Sa Palomera le ofrece una amplia casa a cuatro vientos de una sola planta. Cuenta con un amplio comedor por el que se accede a la cocina y al balcon. Tiene 3 habitaciones dos de ellas dobles y 1 baño grande que se podria dividir y hacer dos. Terraza superior con lavadero vistas inmejorables. La vivienda esta lista para entrar a vivir y con una gran parcela. Dentro de la parcela se encuentra dos pozos de agua, una zona de barbacoa, jardín con árboles frutales y espacio para hacer una piscina si se desea. La casa está en una zona tranquila y rodeada de naturaleza, perfecta para disfrutar de la tranquilidad y el aire fresco. Además, cuenta con buenos accesos a la carretera y está bien comunicada con los servicios básicos. Ideal para aquellas personas que buscan una casa amplia, cómoda y con espacio exterior para disfrutar en familia o con amigos. Una oportunidad única en una ubicación privilegiada! ",0,1,Finques sa palomera,1,1975.0,1,0,0,0,0,1,0,0,2,4,55,0,0,0,0,0,0,1,0,1,0,0,0,1333.3333333333333,3.0,2,Semicentre
103435797,https://www.idealista.com/inmueble/103435797/,Piso en venta en La Plantera,126000,48,1,carrer béjar,41.66839367930616,2.775473038042611,2025-01-24," Este piso de un dormitorio en la zona de La Plantera, práctico y funcional. El dormitorio es amplio y luminoso, permitiendo la entrada de luz natural durante todo el día. El baño está equipado con todos los elementos necesarios para el confort diario. La cocina americana se integra perfectamente en el espacio del salón, creando un ambiente abierto y acogedor. Está completamente equipada con electrodomésticos de alta calidad y cuenta con espacio de almacenamiento más que suficiente. Una de las ventajas de este piso es la presencia de un almacén, ideal para guardar dos coches y trastos adicionales. Esto proporciona comodidad y espacio adicional para aquellos que necesiten almacenamiento extra. La ubicación del piso es en la barriada de la Plantera, ya que se encuentra en una zona soleada y luminosa. Esto permite disfrutar de la luz solar durante todo el día, creando un ambiente cálido y agradable en todas las estancias del piso. En resumen, este piso de un dormitorio es luminoso, soleado y cuenta con todas las características que se necesitan para una vida cómoda y funcional. Tiene a pie de calle, amueblado, calefacción individual: bomba de frío/calor, luminoso, extractor de humos, cocina equipada, aire acondicionado, antena tv, buen estado, armarios empotrados, pintura gotelé, puerta de seguridad, cocina amueblada, exterior y cocina americana.  LA PORTA A LA SEVA VIVENDA. ",0,1,Finques sa palomera,1,1985.5,0,0,0,0,0,0,0,1,1,4,83,0,0,0,0,1,0,0,0,0,0,0,1,2625.0,1.0,1,La Plantera
107545382,https://www.idealista.com/inmueble/107545382/,Casa o chalet independiente en venta en Cala Sant Francesc - Santa Cristina,1250000,455,5,carrer de la cala,41.681468384042,2.8031333530036924,2025-03-06," Chalet en Cala Sant Francesc, Blanes Este amplio chalet está ubicado en Blanes, a solo 100 metros de una de las calas más bonitas de la Costa Brava. Con estancias luminosas y acabados de calidad, la vivienda cuenta con un recibidor que da acceso a las distintas zonas de la casa. A la derecha se encuentra un baño de cortesía, un amplio salón-comedor con chimenea, cocina abierta y acceso directo a una terraza con vistas al jardín, que recibe sol durante todo el día. La primera planta dispone de 4 suites, todas con baño privado y vestidor, y dos de ellas con acceso a una terraza para tomar el sol. El semisótano incluye un baño, sauna, un gran salón-sala de juegos y un garaje, con salida directa a la terraza y el jardín. Además, la propiedad cuenta con un ascensor que conecta el garaje con la planta principal y las habitaciones de la última planta, brindando comodidad y accesibilidad. La casa tiene calefacción de gasoil, radiadores y ventanas con doble acristalado y rotura de puente térmico, ofreciendo aislamiento térmico y acústico. Está situada en la exclusiva urbanización Cala Sant Francesc, cerca del centro de Blanes, con todos los servicios a mano, pero en un entorno tranquilo. La urbanización cuenta con piscina comunitaria, polideportivo, pistas de pádel y tenis, vigilancia durante todo el año y plaza de parking. Blanes es conocida por su festival de fuegos artificiales y su animada vida cultural, además de sus hermosas calas, playas y jardines botánicos. La ciudad se encuentra a solo 1 hora del aeropuerto de Barcelona y a 40 minutos del aeropuerto de Girona. ",0,1,LA CASA- DAS HAUS,5,1993.0,1,0,1,0,0,1,0,0,3,3,42,1,0,0,0,0,0,0,0,1,0,0,0,2747.252747252747,1.0,3,Cala Sant Francesc - Santa Cristina
88462318,https://www.idealista.com/inmueble/88462318/,"Casa o chalet en venta en calle de Mas Terrats, 19 -22",2100000,450,4,"carrer de mas terrats, 19 -22",41.67757468505979,2.7943928121177115,2025-03-13," Se vende casa en Blanes, ubicada en la zona Centre. La propiedad cuenta con una superficie total de 450 m², construida en un solar de 1000 m². Dispone de 4 habitaciones dobles, siendo 1 de ellas una suite, y 4 baños. La casa se encuentra en estado a estrenar y cuenta con calefacción, chimenea, cocina de diseño, comedor, garaje, jardín, lavadero, amueblado con diseño exclusivo, sistema de seguridad con videoportero, terraza y vidrios dobles. Con un nivel energético de emisiones F y de consumo F, esta propiedad es una oportunidad única en una de las zonas más emblemáticas de Blanes. El distrito Centre destaca por su historia pesquera, sus hermosas playas y la proximidad a Barcelona, convirtiéndose en un lugar ideal tanto para residentes como para turistas. En cumplimiento de la ley 3/2017 del 15 de febrero de 2017 de, del libro sexto del Código Civil de Cataluña, relativo a las obligaciones y los contratos, se informa al cliente que los gastos notariales, registrales e impuestos que le sean de aplicación y otros gastos inherentes a la compraventa no están incluidos en el precio. Los gastos notariales, registrales e impuestos que le sean de aplicación y otros gastos inherentes a la compraventa no están incluidos en el precio. ",0,1,Diamond House,4,1985.5,1,0,1,0,0,1,0,0,3,3,35,0,0,0,0,0,1,0,0,1,0,0,0,4666.666666666667,1.0,3,Mont Ferrant - Sant Joan
106917133,https://www.idealista.com/inmueble/106917133/,Piso en venta en Els Pins,249500,76,2,carrer vila de paris,41.66407367300141,2.783408558724116,2025-01-28," Finques Sa Palomera le ofrece este fantástico piso a un paso de la playa con vistas laterales al mar. Este hogar, completamente reformado, combina confort y estilo en cada rincón. Al entrar nos recibe un bonito recibidor y de ahí podemos acceder a un amplio comedor de 18 metros cuadrados, ideal para disfrutar de comidas familiares o momentos de relax. La luminosidad del espacio se complementa con grandes ventanales de aluminio que permiten la entrada de luz natural, creando un ambiente acogedor. El piso cuenta con dos habitaciones dobles, perfectas para el descanso y la privacidad. Cada habitación tiene acceso a un balcón, donde podrás disfrutar de la brisa marina y vistas encantadoras. Las ventanas están equipadas con persianas eléctricas, brindando comodidad y facilidad de uso. La cocina, moderna y funcional, es el lugar perfecto para dar rienda suelta a tu creatividad culinaria.  El suelo de gres aporta un toque elegante y es fácil de mantener, además de ser ideal para disfrutar de la frescura en los días más cálidos. El edificio ofrece ascensor y parking cerrado con puerta eléctrica, garantizando seguridad y comodidad. Todo esto, en una ubicación inmejorable, a pocos pasos de la playa, donde podrás disfrutar de días soleados y actividades al aire libre. No dejes pasar la oportunidad de vivir en este espectacular piso. ¡Ven a verlo y enamórate de tu nuevo hogar! ",0,1,Finques sa palomera,1,1985.5,0,1,0,1,0,0,1,1,1,1,79,0,0,0,1,0,0,0,0,0,0,0,1,3282.8947368421054,2.0,4,Els Pins
107593558,https://www.idealista.com/inmueble/107593558/,Piso en venta en Els Pins,196000,52,1,carrer vila de paris,41.66407367300141,2.783408558724116,2025-04-05," Apartamento en Sabanell Park con vistas espectaculares, se encuentra en una de las mejores zonas de los Pinos. La vivienda se encuentra en buen estado, con un comedor que tiene salida a una terraza con vistas al mar. La cocina es abierta, lo que da más amplitud a la vivienda. El dormitorio principal también tiene salida a la terraza. El baño es completo y cuenta con una bañera. Los suelos son de gres y las ventanas de aluminio con doble cristal. Además, el apartamento dispone de aire acondicionado y el edificio cuenta con ascensor. La zona comunitaria es ideal para disfrutar del verano, con una piscina comunitaria y una zona de juegos para los más pequeños. La playa de Sabanell de Blanes está a tan solo dos minutos, y la zona comercial también está muy cerca. Finques Sa Palomera le ofrece este inmueble, ya que le ayudamos a encontrar la puerta de su casa. Nos enorgullece ofrecer propiedades que no solo cumplen con sus necesidades, sino que también superan sus expectativas. Este apartamento es perfecto para aquellos que buscan un hogar cómodo y bien ubicado. La proximidad a la playa de Sabanell de Blanes es una gran ventaja, permitiéndole disfrutar del mar y del sol en cualquier momento. Además, la zona de los Pinos es conocida por su tranquilidad y belleza, lo que la convierte en un lugar ideal para vivir. La vivienda está diseñada para ofrecer el máximo confort y funcionalidad. La cocina abierta no solo proporciona más espacio, sino que también permite una mejor interacción con el resto de la casa. El comedor con salida a la terraza es perfecto para disfrutar de comidas al aire libre con vistas al mar. El dormitorio principal, con acceso directo a la terraza, ofrece un espacio privado y relajante. El baño completo con bañera es ideal para relajarse después de un largo día. Los suelos de gres y las ventanas de aluminio con doble cristal aseguran una buena insonorización y aislamiento térmico, lo que contribuye a un ambiente interior agradable durante todo el año. El aire acondicionado es una característica adicional que garantiza su comodidad en los días más calurosos. El edificio cuenta con un ascensor, lo que facilita el acceso a la vivienda. La zona comunitaria es uno de los puntos fuertes de este apartamento. La piscina comunitaria es perfecta para refrescarse en los días de verano, y la zona de juegos es ideal para que los más pequeños se diviertan. La proximidad a la playa de Sabanell de Blanes es una gran ventaja, ya que le permite disfrutar del mar y del sol en cualquier momento. Además, la zona comercial cercana ofrece una gran variedad de tiendas, restaurantes y servicios, lo que hace que todo lo que necesita esté al alcance de la mano. En Finques Sa Palomera, nos esforzamos por ofrecer propiedades que no solo cumplan con sus necesidades, sino que también superen sus expectativas. Este apartamento es un ejemplo perfecto de nuestro compromiso con la calidad y la satisfacción del cliente. Si está buscando un hogar cómodo, bien ubicado y con todas las comodidades, no busque más. Este apartamento en Sabanell Park es la elección perfecta para usted. ",0,1,Finques sa palomera,1,1985.5,1,0,0,1,0,0,0,1,4,5,12,0,0,0,1,0,0,0,0,0,0,0,1,3769.230769230769,1.0,3,Els Pins
106680542,https://www.idealista.com/inmueble/106680542/,Piso en venta en Centre,169000,79,3,carrer ample,41.67454693196272,2.791958077322335,2025-01-25," Finques Sa Palomera presenta: Oportunidad única en Blanes: Vendemos un piso en perfecto estado muy cerca de Correos. Este inmueble se encuentra en una segunda planta sin ascensor y ofrece una excelente distribución y comodidad. Características principales del inmueble: Comedor espacioso con salida a balcón, ideal para disfrutar del aire libre. Cocina exterior independiente, perfectamente equipada y luminosa. Tres dormitorios, bien distribuidos y con mucha luz natural. Trastero para mayor capacidad de almacenamiento. Baño completo con bañera, en muy buen estado. Suelos de gres, fáciles de mantener y perfectos para el día a día. Ventanas de aluminio con doble cristal, lo que garantiza un buen aislamiento térmico y acústico. Calefacción a gas natural, para su comodidad en los meses fríos. Edificio con pocos vecinos, lo que asegura un ambiente tranquilo y relajado. Además, se encuentra en una ubicación perfecta, con comercios cerca y la playa a solo 5 minutos. La propiedad es soleada y goza de una excelente ubicación, ideal para aquellos que buscan vivir cerca de todo lo necesario sin perder la tranquilidad. Finques Sa Palomera: La porta a la seva vivenda. ¡No pierda la oportunidad de vivir en esta excelente propiedad! Para más información o para agendar una visita, contáctenos o visite nuestra web ¡Le esperamos! ",0,1,Finques sa palomera,1,1985.5,1,0,0,0,0,0,0,0,1,5,82,0,1,0,0,0,0,0,0,0,0,0,1,2139.240506329114,3.0,1,Centre
106097146,https://www.idealista.com/inmueble/106097146/,Piso en venta en La Plantera,180000,95,2,carrer béjar,41.66839367930616,2.775473038042611,2025-01-18," Finques Sa Palomera le ofrece la posibilidad de adquirir este bonito piso. Al entrar, nos encontramos con un acogedor recibidor que nos da la bienvenida. A mano izquierda, accedemos a un espacioso comedor, que destaca por su amplia terraza, ideal para disfrutar de momentos de relax, ya sea leyendo un buen libro o saboreando un aperitivo al aire libre. Continuando nuestro recorrido, el distribuidor nos guía hacia las dos habitaciones dobles, ubicadas a mano izda. perfectas para ofrecer comodidad y tranquilidad. A lo largo del pasillo, encontramos un baño completo que garantiza funcionalidad. Al final del pasillo, descubrimos la cocina, un espacio luminoso y bien equipado, que cuenta con un encantador patio que sirve como lavadero, aportando así una mayor practicidad al hogar. Este piso ha sido totalmente reformado, lo que asegura un ambiente moderno y confortable. Sin duda, ¡le encantará! No dude en venir a verlo y descubrir todo su potencial. ",0,1,Finques sa palomera,1,1985.5,1,0,0,0,0,0,0,0,1,5,89,0,0,0,0,1,0,0,0,0,0,0,1,1894.7368421052631,2.0,1,La Plantera
93121815,https://www.idealista.com/inmueble/93121815/,Casa o chalet independiente en venta en Cala Sant Francesc - Santa Cristina,950000,370,4,carrer de la cala,41.681468384042,2.8031333530036924,2025-03-29," Casa con vistas frontales al mar en la prestigiosa urbanización Cala Sant Francesc con LICENCIA TURÍSTICA! En Exclusiva! Oportunidad en la zona. En la primera planta se encuentra un  apartamento con habitación grande, salón- comedor, cocina equipada, baño con la ducha. La casa de 370 metros tiene 4 habitaciónes grandes, 3 baños completos. Luminoso salón- comedor de 50m2 tiene salida a terraza con zona de billar. Cocina independiente totalmente equipada con salida a bonito jardín. Situada en una de las mejores calas de la costa brava cuenta con un terreno de 1200m2.  Amplio garaje para 3 coches, trastero. Prestigiosa urbanización dispone de vigilancia 24 horas, acceso directo a la playa, vistas al mar y a la playa, apartamento de invitados, varias terrazas, calefacción, y zona comunitaria con piscina, pista de tenis, restaurante, bar, parking privado! Cerca de los jardines botánicos! Licencia turística en vigor! Muy alta rentabilidad! Buena inversión! Al lado de la playa! Melionor 2007 S. L tiene más de 17 años de experiencia en la administración de la compra, la venta y el alquiler de su vivienda. Realizamos la tasación GRATIS SIN COMPROMISO. Gestión de la Cédula de habitabilidad, del Certificado energético, reformas, alquileres turísticos. Melionor 2007 le asesorará en todo proceso de compra-venta cómo hipotecas, reformas, gestión de alquileres turísticos. En cumplimiento de la ley 3/2017 del 15 de febrero de 2017 de 15 de febrero, del libro sexto del Código Civil de Cataluña, relativo a las obligaciones y los contratos, se informa aclientes que los gastos notariales, registrales e impuestos que le sean de aplicación y otros gastos inherentes a la compraventa no están incluidos en el precio. ",0,1,Inmo Melionor,3,1999.0,1,0,1,0,0,1,1,1,3,5,19,1,0,0,0,0,0,0,0,1,0,0,0,2567.5675675675675,1.3333333333333333,5,Cala Sant Francesc - Santa Cristina
94354534,https://www.idealista.com/inmueble/94354534/,Casa o chalet independiente en venta en Centre,850000,500,6,carrer ample,41.67454693196272,2.791958077322335,2024-12-24," Finques Sa Palomera presenta: Una gran y espectacular casa situada en la exclusiva zona del Fortí, una de las mejores y más buscadas de Blanes. Esta propiedad ofrece amplios espacios, comodidad y una excelente ubicación, ideal para una familia que busque confort y calidad de vida. Características principales de la vivienda: 6 habitaciones dobles, perfectas para adaptarse a las necesidades de toda la familia. 2 baños completos: uno con plato de ducha y otro con bañera, para mayor comodidad. Cocina independiente, totalmente equipada con acceso directo a una terraza, ideal para disfrutar de las vistas al aire libre mientras cocinas. Comedor de 40 m², espacioso y luminoso, con salida al jardín, ofreciendo un espacio perfecto para el disfrute familiar. Extras y detalles: Mobiliario incluido, con suelos de gres y armarios empotrados que optimizan el espacio. Zona de planchado, trastero y almacén para mayor comodidad y almacenamiento. Gran garaje cerrado con capacidad para cuatro plazas, facilitando el estacionamiento y almacenamiento de vehículos. Cuatro terrazas y grandes jardines, ideales para disfrutar de momentos al aire libre y organizar reuniones familiares o con amigos. Zona de máquinas y la posibilidad de instalar una piscina, añadiendo más valor y disfrute a la propiedad. La vivienda cuenta con bomba de calor para climatizar la casa. Ventajas: La casa es soleada y muy luminosa, orientada a cuatro vientos y completamente exterior. Se encuentra en muy buen estado, lista para entrar a vivir y disfrutar de todas sus comodidades. Finques Sa Palomera: La porta a la seva vivenda. Para más información o para agendar una visita, no dudes en contactarnos o visitar nuestra web ¡Te esperamos! ",0,1,Finques sa palomera,2,1990.0,1,0,1,0,0,1,0,1,12,1,114,0,1,0,0,0,0,0,0,1,0,0,0,1700.0,3.0,4,Centre
96993611,https://www.idealista.com/inmueble/96993611/,Casa o chalet independiente en venta en Urbanitzacions,525000,245,5,carrer urbanitzacions,41.690927089710506,2.7931287373638796,2025-02-24," FINQUES SA PALOMERA les ofrece esta fantástica casa a cuatro vientos con piscina en un solar con vistas al mar. Desde la entrada se accede a la dos salas polivalentes con vestuario y baño con acceso a la piscina. En primera planta encontramos un gran comedor con unas vistas muy despejadas done podrá disfrutar de vistas al mar y a la montaña. Además, dispone de tres dormitorios dobles (todos con salida a las fantásticas terrazas y uno de ellos con un baño y vestidor espectaculares. La cocina es independiente y está totalmente equipada.  Desde el pasillo se puede acceder una futura buhardilla. Además, dispone de acabados de primera calidad, piscina, jardín, barbacoa, armarios empotrados, calefacción de gasoil, gran garaje privado y cerrado de 40m2, carpintería exterior de aluminio, suelos de gres y puerta de seguridad.  ¡Venga a visitarlo, le gustará! LA PORTA A LA SEVA VIVENDA Encuentra más en. ",0,1,Finques sa palomera,3,1985.5,0,1,1,0,0,1,1,1,2,0,52,0,0,0,0,0,0,0,1,1,0,0,0,2142.8571428571427,1.6666666666666667,5,Urbanitzacions
107179625,https://www.idealista.com/inmueble/107179625/,Piso en venta en La Plantera,95000,62,2,carrer béjar,41.66839367930616,2.775473038042611,2025-03-07," Se vende piso de 60 m² construidos en la tranquila y bien comunicada zona de L a Plantera, Blanes. La vivienda cuenta con:  2 dormitorios  Salón-comedor  Cocina independiente  1 baño completo  Lavadero  Balcón Actualmente, el piso se encuentra arrendado y en proceso judicial para la rescisión del contrato de alquiler. En caso de que el inquilino abandone el inmueble, el precio de venta se incrementará. Ideal para inversores o compradores que busquen una oportunidad con gran potencial en una de las mejores zonas de Blanes. Para más información, ¡contáctanos! ",0,1,CENTURY 21 Les Santes,1,1977.0,0,0,0,0,0,0,0,0,3,4,41,0,0,0,0,1,0,0,0,0,0,0,1,1532.258064516129,2.0,0,La Plantera
107011469,https://www.idealista.com/inmueble/107011469/,Piso en venta en Semicentre,169000,75,2,"carrer anselm clavé,62",41.677296,2.7873864,2025-03-13," Finques Sa Palomera le ofrece este encantador piso en una planta baja pero altura de un entresuelo. Cuenta con 2 habitaciones dobles, ideal para parejas o pequeñas familias. Al entrar, nos recibe una pequeña puerta con un espejo que da acceso a un práctico hueco, perfecto como despensa o desahogo.  Siguiendo el pasillo hacia la izquierda, encontramos una habitación doble con armario empotrado, que se asoma a un patio utilizado como lavadero. Continuando por el pasillo, a la mano izquierda se encuentra el baño, equipado con una moderna ducha. A la derecha, está la segunda habitación doble, insonorizada y también con armario empotrado, lo que garantiza privacidad y confort. Al final del pasillo, accedemos al amplio comedor con cocina abierta, un espacio luminoso y acogedor para disfrutar de momentos en familia. Desde aquí, podemos salir al balcón, un rincón perfecto para sentarse a leer o disfrutar de una bebida al aire libre. El piso ha sido completamente reformado, con cristales dobles y radiadores eléctricos, asegurando un ambiente cálido y confortable durante todo el año. Decorado con mucho gusto y excelentes acabados. Se encuentra en un barrio con todos los servicios. Supermercados farmacia, estanco parada de bus, colegios y guarderías. Sin duda, una excelente opción para quienes buscan un hogar listo para entrar a vivir.  ¡No te pierdas la oportunidad de visitarlo, te lo enseñamos. ",0,1,Finques sa palomera,1,1985.5,1,0,0,1,0,0,0,0,3,3,35,0,0,0,0,0,0,1,0,0,0,0,1,2253.3333333333335,2.0,2,Semicentre
82521187,https://www.idealista.com/inmueble/82521187/,"Casa o chalet en venta en calle de la Cala, 57 -23",1800000,340,4,"carrer de la cala, 57 -23",41.681468384042,2.8031333530036924,2025-03-13," En el municipio de Blanes, se encuentra esta espectacular casa en venta. Con una superficie total de 340 m² construidos en una parcela de 950 m², esta vivienda cuenta con 4 amplias habitaciones dobles y 4 baños. La casa se encuentra en estado de conservación a estrenar, dispone de calefacción, cocina equipada, comedor, garaje, jardín de diseño, piscina y está amueblada con estilo. Además, cuenta con puerta blindada, vidrios dobles y está ubicada en una zona urbanizada y soleada. La ubicación en Santa Cristina-La Cala Sant Francesc, cerca del jardín tropical Pinya de Rosa y el jardín botánico Marimurtra, la convierte en un lugar privilegiado para disfrutar de la naturaleza y la tranquilidad. ¡No dejes pasar la oportunidad de adquirir esta maravillosa propiedad en Blanes! En cumplimiento de la ley 3/2017 del 15 de febrero de 2017 de, del libro sexto del Código Civil de Cataluña, relativo a las obligaciones y los contratos, se informa al cliente que los gastos notariales, registrales e impuestos que le sean de aplicación y otros gastos inherentes a la compraventa no están incluidos en el precio. Los gastos notariales, registrales e impuestos que le sean de aplicación y otros gastos inherentes a la compraventa no están incluidos en el precio. ",0,1,Diamond House,4,1985.5,0,0,1,0,0,1,1,0,3,3,35,1,0,0,0,0,0,0,0,1,0,0,0,5294.117647058823,1.0,3,Cala Sant Francesc - Santa Cristina
107787866,https://www.idealista.com/inmueble/107787866/,Piso en venta en Els Pins,199500,84,3,carrer vila de paris,41.66407367300141,2.783408558724116,2025-04-05," Piso reformado en segunda linea de mar, amplio y luminoso con LICENCIA TURISTICA junto la playa en la zona de los pinos a solo  50m playa! Salon comedor amplio con salida a un balcón exterior con vistar al mar laterales y cocina integrada officce completamente equipada. Cuenta con 3 dormitorios, 2 son dobles y 1 individual amplio. Baño completo con plato de ducha. El piso se vende amueblado y equipado en su totalidad isto para entrar a vivir o rentabilizarlo. Ubicado en la zona de los pinos, a apenas 50 m de la playa de S'abanell. Una delicia para los amantes de la playa por su cercania. Ideal tanto para primera como para segunda residencia o inversión.   Fachada recién reformada. Alta rentabilidad para alquiler turístico debido a su cercania a la playa. Perfecta ubicación, zona tranquila junto todos los servicios y comercios de la zona y en segunda linea de mar. En cumplimiento de la ley 3/2917 del 13 de febrero de 2018 del Código civil de Cataluña, por el que se aprueba el Reglamento de Información al Consumidor en la compraventa y arrendamiento de viviendas en Cataluña, se informa al cliente que las gastos notariales, registrales e impuestos que le sean de aplicación (ITP o IVA AJD) y otros gastos inherentes a la compraventa no están incluidos en el precio. ",0,1,LA LLAVE,1,1967.0,0,1,0,1,0,0,0,0,4,5,12,0,0,0,1,0,0,0,0,0,0,0,1,2375.0,3.0,2,Els Pins
104579842,https://www.idealista.com/inmueble/104579842/,Piso en venta en La Plantera,135000,49,2,carrer béjar,41.66839367930616,2.775473038042611,2025-02-05," Se vende piso con 2 habitaciones en la prestigiosa región de Los Pins en Blanes. Este encantador piso en venta ofrece dos acogedoras habitaciones, una cocina independiente, un comedor y un patio privado. La propiedad forma parte de una comunidad que cuenta con una refrescante piscina, perfecta para los días soleados. Además, la instalación de calefacción a gas está simplificada, teniendo en cuenta que hay gas dentro del piso. En la zona hay parque infantil, tiendas, estación de bus, estación de tren, farmacias, colegios y un día a la semana mercado. También hay una conexión con la naturaleza, gracias a sus vistas despejadas y caminos cercanos para pasear y relajarse. Hasta playa – 10 min. Hay parking por precio opcional.  Mares Realty, inmobiliaria con un equipo multicultural y multilingüe con 20 años de experiencia en el sector inmobiliario. Profesionales al servicio de nuestros clientes. Eficacia y rapidez en nuestras transacciones inmobiliarias. Ademas contamos con una división dentro de la misma empresa dedicada a la obra nueva y a las reformas, ofreciendo asi un servicio inmobiliario integral. En cumplimiento de la ley 3/2917 del 13 de febrero de 2018 del CÓDIGO CIVIL DE CATALUNYA, por el que se aprueba el Reglamento de Información al Consumidor en la compraventa y arrendamiento de viviendas en CATALUÑA, se informa al cliente que los gastos notariales, registrales e impuestos que le sean de aplicación ( ITP o IVA + AJD ) y otros gastos inherentes a la compraventa no están incluidos en el precio. [IW]. ",0,1,MARES REALTY,1,1970.0,1,0,0,0,0,0,1,0,2,2,71,0,0,0,0,1,0,0,0,0,0,0,1,2755.1020408163267,2.0,2,La Plantera
105640882,https://www.idealista.com/inmueble/105640882/,Piso en venta en avenida Extremadura,180000,97,2,avinguda extremadura,41.66840593875128,2.7768757983649746,2024-10-02," Os presentamos este piso ubicado en Blanes en la Plantera. Alrededores podrás encontrar servicios como escuelas, farmacias, panaderías, supermercados, centros médicos. y a tan sólo 5 minutos del paseo marítimo y 10 minutos del centro histórico.  Esta compuesto por 97m2 de los cuales 90m2 útiles. Distribuidos en recibidor, salón comedor amplio con salida al exterior, 2 habitaciones una de ellas doble y la otra individual, cocina independiente equipada de electrodomésticos con patio interior utilizado como lavadero muy espacioso. Y cuarto de baño completo con plato de ducha.  Desde el comedor tiene salida a un balcón muy acogedor de unos 7m2. ES UNA 1° PLANTA SIN ASCENSOR!  ESTA COMPLETAMENTE REFORMADO, LISYO PARA ENTRAR A VIVIR Y DISFRUTARLO. ",0,1,Elegance Estate,1,1980.0,0,1,0,0,0,0,0,1,10,2,197,0,0,0,0,1,0,0,0,0,0,0,1,1855.6701030927834,2.0,2,La Plantera
107655264,https://www.idealista.com/inmueble/107655264/,Casa o chalet independiente en venta en Centre,400000,130,3,carrer ample,41.67454693196272,2.791958077322335,2025-03-17," ¡Se vende una casa de tres plantas después de reformar en Blanes! Una opción ideal tanto para una residencia permanente cómoda como para un alquiler rentable. Distribución de la casa: Primera planta - amplio salón, combinado con cocina, con salida al balcón, dos dormitorios luminosos y dos baños con ducha. Segunda planta – dos estudios, cada uno con su propia cocina y salón, así como un dormitorio independiente y un baño con ducha.  Tercera planta – cocina combinada con salón, acceso a una amplia terraza, dos dormitorios y un baño con ducha. ¡La casa está completamente lista para ser habitada! Excelente ubicación, distribución conveniente y reciente renovación lo convierten en una excelente opción para vivir o invertir. ¡Contáctanos para obtener más información y concertar una visita! Mares Realty, inmobiliaria con un equipo multicultural y multilingüe con 20 años de experiencia en el sector inmobiliario. Profesionales al servicio de nuestros clientes. Eficacia y rapidez en nuestras transacciones inmobiliarias. Ademas contamos con una división dentro de la misma empresa dedicada a la obra nueva y a las reformas, ofreciendo asi un servicio inmobiliario integral. En cumplimiento de la ley 3/2917 del 13 de febrero de 2018 del CODIGO CIVIL DE CATALUNYA, por el que se aprueba el Reglamento de Información al Consumidor en la compraventa y arrendamiento de viviendas en CATALUÑA, se informa al cliente que los gastos notariales, registrales e impuestos que le sean de aplicación ( ITP ó IVA + AJD ) y otros gastos inherentes a la compraventa no están incluidos en el precio.  [IW]. ",0,1,MARES REALTY,2,1985.5,1,0,0,0,0,0,0,1,3,0,31,0,1,0,0,0,0,0,0,1,0,0,0,3076.923076923077,1.5,2,Centre
104241846,https://www.idealista.com/inmueble/104241846/,Piso en venta en calle Espronceda,140000,58,1,carrer espronceda,41.66841556114663,2.774977175572961,2024-09-25," Este bonito piso esta ubicado en el Barrio de la Plantera, al redores tienes servicios necesarios como farmacias, comercios, supermercados, colegios, centros médicos. todo plano y a tan solo 5 minutos a pie de la playa. Zona con fácil aparcamiento. Esta compuesto por 58m2 de los cuales 54m2 útiles. Distribuidos por 1 habitación doble espaciosa con salida al exterior. Recibidor. Salón comedor amplio muy luminoso, cocina con pasaplatos equipada de electrodomésticos y alargada donde tener espacio para cocinar tus mejores platos. Y cuarto de baño completo con plato de ducha.  Desde la habitación de matrimonio tiene salida aun pequeño balcón.  Cuenta con suelo de gres, armarios empotrados, ventanas de aluminio, luces LED, bomba de calor, calefacción, sistema de alarma, puerta de madera y puerta brindada. El edificio dispone de zona comunitaria con piscina grande donde disfrutar los días de verano.  En el precio también incluye trastero de unos 6m2. NO LO DUDES MAS! PREGUNTANOS Y TE INFORMAMOS CON MAS DETALLE! ",0,1,Elegance Estate,1,2007.0,0,1,0,1,0,0,0,1,9,2,204,0,0,0,0,1,0,0,0,0,0,0,1,2413.793103448276,1.0,3,La Plantera
107820926,https://www.idealista.com/inmueble/107820926/,Dúplex en venta en Els Pavos,265000,119,4,"carrer provença,4",41.67561905639978,2.781819036155578,2025-04-09," LA LLAVE les ofrece en exclusivida este Gran Dúplex semireformado en Blanes con chimenea y a un paso de todos los servicios. Cuenta con 119m2 construidos y distribuidos en 2 plantas planta baja: Gran salón comedor con chimenea y salida a una terraza de unos 10m2 con orintada al sur. Cocina independiente con galeria y un baño.   planta de arriba: cuenta con 4 dormitorios, 3 son dobles y 1 individual y un baño completo.   Cuenta con calefación de gas natural. Muy buena distribucion y listo para entrar a vivir. Zona ideal cerca de colegios, parques y supermercados de la zona. Parking opcional en el mismo edificio. La finca es muy tranquila y cuenta con ascensor. ven a visitarlo hoy mismo! En cumplimiento de la ley 3/2917 del 13 de febrero de 2018 del CODIGO CIVIL DE CATALUNYA, por el que se aprueba el Reglamento de Información al Consumidor en la compraventa y arrendamiento de viviendas en CATALUÑA, se informa al cliente que los gastos notariales, registrales e impuestos que le sean de aplicación ( ITP ó IVA AJD ) y otros gastos inherentes a la compraventa no están incluidos en el precio. ",0,1,LA LLAVE,3,1982.0,0,1,0,1,0,0,0,1,4,2,8,0,0,1,0,0,0,0,0,0,0,0,1,2226.890756302521,1.3333333333333333,3,Els Pavos
103413318,https://www.idealista.com/inmueble/103413318/,Casa o chalet independiente en venta en Cala Sant Francesc - Santa Cristina,1600000,350,4,carrer de la cala,41.68057478687336,2.8062159481904767,2024-12-13," Se vende casa para vivir en una de las mejores zonas de la costa, la urbanización Cala Sant Francesc. Se trata de una vivienda de diseño moderno y funcional, construida en 2010 con materiales de alta calidad. Tiene una superficie de 350 m² distribuidos en tres plantas.  Planta -1 tiene un amplio garaje de 37 m2. Planta 0 – la entrada de la casa, 4 habitaciones y 2 baños,  Planta 1 – tiene la cocina independiente, comedor salón y 1 baño con salida a la piscina de agua salada. La casa dispone para comodidad de ascensor. En la parte de atrás de la casa hay un apartamento separado con 1 habitación más baño, cocina. El terreno tiene 1004 m² y está rodeado de vegetación y tranquilidad. La casa está a solo 750 m de la playa y de los servicios necesarios para el día a día. Es una casa ideal para disfrutar del sol, el mar y la naturaleza. No dejes escapar esta oportunidad y ven a visitarla. Mares Realty, agencia inmobiliaria con un equipo multicultural y multilingüe con 20 años de experiencia en el sector inmobiliario. Profesionales al servicio de nuestros clientes. Eficiencia y rapidez en nuestras transacciones inmobiliarias. También disponemos de una división dentro de la misma empresa que se ocupa de obra nueva y reformas, ofreciendo servicios inmobiliarios integrales. De conformidad con la Ley 3/2917, de 13 de febrero de 2018, DEL CÓDIGO CIVIL DE CATALUÑA, por la que se aprueban las Normas de información al consumidor sobre la compra, venta y alquiler de una vivienda en CATALUÑA, se informa al cliente que los gastos notariales, registrales e impuestos aplicables (ITP o IVA + AJD) y otros gastos asociados a la compraventa no están incluidos en el precio.  [IW]. ",0,1,MARES REALTY,3,2010.0,1,0,1,0,0,1,1,1,12,4,125,1,0,0,0,0,0,0,0,1,0,0,0,4571.428571428572,1.3333333333333333,5,Cala Sant Francesc - Santa Cristina
107512399,https://www.idealista.com/inmueble/107512399/,Piso en venta en Centre,240000,98,2,carrer ample,41.67454693196272,2.791958077322335,2025-04-04," "" ESTUPENDA CASA DE PUEBLO EN VENTA, REFORMADA EN PISO TRIPLEX.BLANES "" ¡Oportunidad única! SUPERFICE CONSTRUIDA 98 M2 Espectacular CASA TRIPLEX con ÁTICO en el corazón de BLANES, a tan solo una calle del mar. Blanes, una encantadora ciudad costera familiar a solo 1 hora de la frontera y de Barcelona. Ubicada en una pintoresca calle típica, esta casa destaca por su ubicación privilegiada: en pleno centro de la vida urbana y comercial, y a 5 minutos reales de la playa. Esta casa, lista para ser habitada, cumplirá todas tus expectativas. Se compone de: Primera planta: • Entrada con vestíbulo luminoso, escalera de mármol blanco. • Baño completo (ducha/balneario, WC, lavabo). • Habitación doble con armarios empotrados de alta calidad. • Gran ventanal con acceso a balcón. Segunda planta: • Salón comedor con sofá convertible. • Cocina abierta con electrodomésticos de alta gama (nevera, lavavajillas, horno, microondas). • Baño de cortesía. • Amplio balcón con vista a la piscina. • Interfono y sistema de sonido integrado. • Dormitorio doble con armarios empotrados de alta calidad. • Baño completo (bañera, WC, lavabo). • Gran salón acristalado con acceso a terraza. Los tres pisos están conectados por una elegante escalera en espiral de madera maciza. (Posibilidad de instalar un elevador de escaleras). Características adicionales: • Calefacción y climatización reversible integrada en las tres plantas. Se ha instalado recientemente un sistema de climatización reversible en los tres pisos, con un valor de 8.000 €, sin ningún coste adicional para el comprador. • Sistema de aspiración centralizada. • Ventanas con doble acristalamiento, marcos de aluminio y persianas eléctricas. • Línea telefónica fija y WIFI. • Televisión. • Lavadora de agua caliente. Desde la terraza del tercer piso, se accede a una última terraza abierta al cielo. CONROMA es una empresa innovadora con un ambiente familiar muy competitivo, que cuenta con más 20 años de experiencia en el sector inmobiliario. Nuestro equipo de agentes proporciona un asesoramiento profesional y personalizado a fin de obtener los mejores resultados. Con una inversión permanente en tecnología, nos colocamos entre las inmobiliarias más eficientes de la zona, ya que nos volcamos en todos los pasos del proceso de comercialización, control y conocimiento del perfil de nuestros clientes, ofreciendo eficacia, flexibilidad y creatividad. En cumplimiento de la ley 3/2917 del 13 de febrero de 2018 del Código civil de Cataluña, por el que se aprueba el Reglamento de Información al Consumidor en la compraventa y arrendamiento de viviendas en Cataluña, informa al cliente que los gastos notariales, registrales e impuestos que le sean de aplicación (ITP o IVA +AJD) y otros gastos inherentes a la compraventa no están incluidos en el precio. ",0,1,CONROMA ASESORES SL,3,1985.5,1,0,0,0,0,0,0,1,4,4,13,0,1,0,0,0,0,0,0,0,0,0,1,2448.9795918367345,0.6666666666666666,2,Centre
102541083,https://www.idealista.com/inmueble/102541083/,Piso en venta en plaza Merida,120000,50,1,plaça merida,41.66796668719208,2.7732642503798903,2024-09-25," Os presentamos esta planta baja ubicada en el barrio de la Plantera en Blanes. A tan solo 10 minutos caminando de la playa, estación de autobuses, supermercado, centro medico. Y a tan solo 5 minutos de la estación de tren. Esta compuesto por 50m2 de vivienda útiles distribuidos en 1 habitación doble con armario empotrado, recibidor, salón comedor con cocina americana equipada de electrodomésticos y por ultimo un cuarto de baño completo con bañera. Es una planta baja exterior con poco escalones. Cuenta con aire acondicionado, suelo de gres, ventanas de aluminio, puertas de madera, puerta de seguridad y alarma de seguridad. PERO SIN DUDA DESTACAMOS EL AMPLIO GARAJE CERRADO DE 60M2 EN LA MISMA FINCA DE USO PRIVADO CON CAPACIDAD DE HASTA 3 COCHES O TRASTERO. PREGUNTANOS Y TE INFORMAMOS MAS ESPECIFICAMENTE! ",0,1,Elegance Estate,1,1992.0,0,0,1,0,0,0,0,1,9,2,204,0,0,0,0,1,0,0,0,0,0,0,1,2400.0,1.0,2,La Plantera
106710899,https://www.idealista.com/inmueble/106710899/,Casa o chalet independiente en venta en calle Marià Fortuny,900000,200,4,carrer marià fortuny,41.67767202475727,2.7972514310393866,2024-12-02," ¡Descubre el hogar de tus sueños en Sant Joan! Este impresionante chalet independiente te ofrece vistas inigualables a la playa de Blanes desde cada rincón. Situado en una parcela de 460 m², la casa cuenta con 200 m² construidos y está diseñada para el máximo confort. En la planta primera, un amplio recibidor te da la bienvenida, seguido de una cocina independiente con chimenea y despensa, ideal para los amantes de la gastronomía. El salón comedor, también con chimenea, ofrece un espacio acogedor con vistas panorámicas al mar. En la planta segunda, encontrarás tres habitaciones dobles que aseguran el descanso que mereces, junto a un baño completo y una bodega de 45 m² perfecta para tus mejores vinos. La joya de esta planta es una terraza de 35 m² donde podrás disfrutar de las vistas frontales al mar mientras te relajas. Además, la propiedad dispone de un garaje para varios coches y una piscina privada rodeada de una zona verde con árboles frutales, creando un oasis de tranquilidad. Ubicada en una de las zonas más exclusivas de Blanes, esta casa combina lujo y comodidad. Con calefacción eléctrica y orientación sur, está diseñada para aprovechar al máximo la luz natural. No pierdas la oportunidad de vivir en este enclave privilegiado que cumple con todas las normativas vigentes. ¡Ven a conocer tu futuro hogar! ",0,1,Rosa Pidemunt Serveis Immobiliaris,2,1989.0,1,0,1,0,0,1,1,0,12,0,136,0,0,0,0,0,1,0,0,1,0,0,0,4500.0,2.0,4,Mont Ferrant - Sant Joan
104942296,https://www.idealista.com/inmueble/104942296/,Piso en venta en Els Pins,298000,100,3,carrer vila de paris,41.66407367300141,2.783408558724116,2025-03-28," Imagina despertar cada día con la brisa marina y las vistas infinitas del Mediterráneo. Este piso en primera línea de mar, en perfecto estado de conservación, es un verdadero sueño hecho realidad. El piso cuenta con tres habitaciones luminosas, dos de ellas dobles y una individual, todas con balcón privado para disfrutar de vistas espectaculares. Dos baños completos, uno con bañera, impecables y listos para tu confort diario. Cocina moderna, práctica y totalmente equipada. Salón comedor amplio y acogedor, con grandes ventanales que inundan el espacio de luz natural y enmarcan el azul del mar. El edificio se encuentra rodeado de jardines bien cuidados y dispone de una piscina comunitaria en excelente estado, perfecta para refrescarte en los días más cálidos. Ubicado en un entorno privilegiado, tendrás la playa a pocos pasos y todos los servicios necesarios cerca. Este piso, cuidado con mimo, es ideal tanto para vivir todo el año como para disfrutar de unas vacaciones perfectas. Haz realidad el estilo de vida mediterráneo que siempre has soñado. ¡Contacta para más información! En cumplimiento de la ley 3/2917 del 13 de febrero de 2018 del Código civil de Cataluña, por el que se aprueba el Reglamento de Información al Consumidor en la compraventa y arrendamiento de viviendas en Cataluña, se informa al cliente que los gastos notariales, registrales e impuestos que le sean de aplicación (ITP o IVA AJD) y otros gastos inherentes a la compraventa, no están incluidos en el precio. ",0,1,FINQUES DEKL,2,1978.0,0,1,0,1,0,0,1,0,3,4,20,0,0,0,1,0,0,0,0,0,0,0,1,2980.0,1.5,3,Els Pins
101757258,https://www.idealista.com/inmueble/101757258/,Finca rústica en venta en Residencial Blanes s/n,80000,70,3,carrer residencial blanes s/n,41.690927089710506,2.7931287373638796,2025-04-13," Leer todo el texto! IMPORTANTE! Oportunidad de reformar una casita antigua con chimenea, en una zona de alto standing en plena naturaleza pero a 1500 metros del centro de Blanes! Es un terreno rústico de 160 m2 rodeado de bosque y pozo de agua, luz hay que conectarla a la calle que hay cerca, la casa hay que reformarla por completo, se distribuye en salón comedor con chimenea, cocina independiente, 3 dormitorios y un baño, arriba tiene una terracita desde la cual se ve Sant Joan! , es una zona habitada pero muy tranquila! Ideal para fines de semana o alguien que le guste plantar huerto y vivir en la naturaleza!  Nota importante: La casa no está escriturada, aunque si sale en el catastro y se paga IBI por ella.  La casa es adosada con otro vecino. El Banco no financia una casa sin escrituras. Por lo que la compra del solar, los impuestos y la reforma de la casa la ha de financiar el comprador para tener la Cédula de habitabilidad. En cumplimiento de la ley 3/2917 del 13 de febrero de 2018 del CODIGO CIVIL DE CATALUNYA, por el que se aprueba el Reglamento de Información al Consumidor en la compraventa y arrendamiento de viviendas en CATALUÑA, se informa al cliente que los gastos notariales, registrales e impuestos que le sean de aplicación ( ITP ó IVA + AJD ) y otros gastos inherentes a la compraventa no están incluidos en el precio. Los metros son aproximados no reales, ya que suele haber diferencia entre los metros del catastro y de los reales. se ha de tener el dinero. ",0,1,Finques Luxor,1,1985.5,1,0,0,0,1,0,0,0,4,6,4,0,0,0,0,0,0,0,1,0,0,1,0,1142.857142857143,3.0,1,Urbanitzacions
106251621,https://www.idealista.com/inmueble/106251621/,Ático en venta en Centre,155000,71,3,carrer ample,41.67454693196272,2.791958077322335,2025-04-08," OPORTUNIDAD Ático en venta a 2 minutos de la playa.  Confort - Mar - Seguridad - Luminosidad - Vistas  Descubre este encantador ático con una ubicación inmejorable, a solo 2 minutos a pie de la playa.  Acogedor ático distribuido en 3 habitaciones, un luminoso salón comedor con cocina americana y 1 baño completo  Edificio de tan solo 3 vecinos con amplia terraza comunitaria y trastero privado de 7 m2.  Sin ascensor, pero perfecto para quienes buscan la tranquilidad y comodidad cerca del mar. Conectado a todos los servicios que ofrece vivir en el centro de Blanes. No dejes pasar esta interesante oportunidad.  Contáctame para más información o para agendar una visita. ",0,1,Cristina PÉREZ,1,1967.0,1,0,0,0,0,0,0,0,4,1,9,0,1,0,0,0,0,0,0,0,0,0,1,2183.0985915492956,3.0,1,Centre
107445935,https://www.idealista.com/inmueble/107445935/,Piso en venta en Centre,149000,51,2,carrer ample,41.67454693196272,2.791958077322335,2025-04-11," ¡Oportunidad en Blanes!  Dispone de dos habitaciones dobles, una exterior y otra interior, un salón con cocina americana equipada con lavadora y nevera, y con salida a un pequeño balcón.  Además, cuenta con un baño de tres piezas con plato de ducha y aire acondicionado para mayor confort. La finca dispone de ascensor y está ubicada en una zona tranquila y bien comunicada. ¡No dejes pasar esta oportunidad! Para más información o visitas, contáctanos. No dudes en ponerte en contacto con nosotros para obtener más información. Además, te animamos a consultar nuestras exclusivas condiciones de financiación al 100%, las cuales son gestionadas por nuestro propio departamento financiero. El precio de venta del inmueble aquí expuesto no incluye ni impuestos ni gastos que grava la compraventa (ITP o IVA, gastos notariales o registrales) tampoco los honorarios de agencia por intermediación inmobiliaria ni gestión hipotecaria. comunidad. ",0,1,Flamat Blanes,1,2007.0,0,1,0,1,0,0,0,1,4,4,6,0,1,0,0,0,0,0,0,0,0,0,1,2921.5686274509803,2.0,3,Centre
106461756,https://www.idealista.com/inmueble/106461756/,Piso en venta en Mont Ferrant - Sant Joan,134000,78,2,"carrer de santa bàrbara, 37-33",41.67704962078834,2.792189439337077,2024-11-14," Vivienda en planta entre suelo, distribuida en 2 habitaciones, salón comedor con cocina abierta, y un baño completo. El piso se encuentra en una zona muy tranquila de Blanes, a 15 minutos del centro de la población. Hay parada de bus cercana al inmueble. Ideal para inversores o 2ª residencia. Llámenos para mas información o concretar una visita.   “ En cumplimiento de la ley 3/2917 del 13 de febrero de 2018 del Código civil de Cataluña, por el que se aprueba el Reglamento de Información al Consumidor en la compraventa y arrendamiento de viviendas en Cataluña, se informa al cliente que las gastos notariales, registrales e impuestos que le sean de aplicación (ITP o IVA An cumplimiento de la ley 3/2917 del 13 de febrero de 2018 del Código civil de Cataluña, por el que se aprueba el Reglamento de Información al Consumidor en la compraventa y arrendamiento de viviendas en Cataluña, se informa al cliente que las gastos notariales, registrales e impuestos que le sean de aplicación (ITP o IVA AJD) y otros gastos inherentes a la compraventa no están incluidos en el precio. "". ",0,1,BG IMMOBILIARIA - LLORET BRAVAGEST,1,1980.0,0,0,0,0,0,0,0,0,11,3,154,0,0,0,0,0,1,0,0,0,0,0,1,1717.948717948718,2.0,0,Mont Ferrant - Sant Joan
107899237,https://www.idealista.com/inmueble/107899237/,Casa o chalet independiente en venta en Mont Ferrant - Sant Joan,890000,433,8,"carrer de santa bàrbara, 37-33",41.67704962078834,2.792189439337077,2025-04-11," Casa en venta en Blanes Descubre esta impresionante casa/chalet en la tranquila zona de Mont-Ferrant, un lugar ideal para disfrutar de la paz y la comodidad que ofrece la naturaleza. Con una generosa superficie de 433 m², esta propiedad cuenta con 8 amplios dormitorios y 3 baños, perfectos para familias numerosas o para aquellos que buscan espacio adicional para huéspedes. Construida en 1988, la casa ha sido diseñada para ofrecer un ambiente acogedor y funcional. Disfruta de la calidez de la calefacción a gasoil en los meses más fríos y relájate en su hermoso jardín, un espacio perfecto para disfrutar del aire libre. Además, la propiedad cuenta con una magnífica piscina, ideal para refrescarse durante los calurosos días de verano. La comodidad se extiende a la zona de aparcamiento, ya que incluye una plaza de garaje para tu conveniencia. No dejes pasar la oportunidad de visitar esta maravillosa casa en Mont-Ferrant, donde cada rincón está pensado para ofrecerte la mejor calidad de vida. ¡Contáctanos para más información y para concertar una visita! No dudes en ponerte en contacto con nosotros para obtener más información. Además, te animamos a consultar nuestras exclusivas condiciones de financiación al 100%, las cuales son gestionadas por nuestro propio departamento financiero. El precio de venta del inmueble aquí expuesto no incluye ni impuestos ni gastos que grava la compraventa (ITP o IVA, gastos notariales o registrales) tampoco los honorarios de agencia por intermediación inmobiliaria ni gestión hipotecaria. comunidad. ",0,1,Flamat Blanes,3,1988.0,0,0,1,0,0,1,1,0,4,4,6,0,0,0,0,0,1,0,0,1,0,0,0,2055.4272517321015,2.6666666666666665,3,Mont Ferrant - Sant Joan
107741512,https://www.idealista.com/inmueble/107741512/,Piso en venta en Els Pavos,138000,84,3,"carrer provença,4",41.67561905639978,2.781819036155578,2025-04-11," Descubre este encantador piso en la codiciada zona de El pavos, ideal para quienes buscan un hogar luminoso y acogedor. Con una superficie de 84 m², esta propiedad cuenta con 3 dormitorios y 2 baños, perfectos para familias o para aquellos que desean espacio adicional. Construido en 1972, el piso ha sido cuidadosamente mantenido y se ofrece amueblado, listo para entrar a vivir. Disfruta de la comodidad de los armarios empotrados y una cocina completamente equipada que hará las delicias de los amantes de la gastronomía. La propiedad es exterior, lo que garantiza una abundante luz natural durante todo el día. Además, podéis disfrutar de vistas al mar, creando un ambiente perfecto para tus momentos de ocio. No pierdas la oportunidad de adquirir este piso en Los Pavos, un lugar donde la comodidad y la calidad de vida se unen. ¡Contacta con nosotros para más información y ven a visitarlo! No dudes en ponerte en contacto con nosotros para obtener más información. Además, te animamos a consultar nuestras exclusivas condiciones de financiación al 100%, las cuales son gestionadas por nuestro propio departamento financiero. El precio de venta del inmueble aquí expuesto no incluye ni impuestos ni gastos que grava la compraventa (ITP o IVA, gastos notariales o registrales) tampoco los honorarios de agencia por intermediación inmobiliaria ni gestión hipotecaria. comunidad. ",0,1,Flamat Blanes,2,1972.0,0,1,0,0,0,0,0,0,4,4,6,0,0,1,0,0,0,0,0,0,0,0,1,1642.857142857143,1.5,1,Els Pavos
104214425,https://www.idealista.com/inmueble/104214425/,Piso en venta en La Plantera,143000,50,1,carrer béjar,41.66839367930616,2.775473038042611,2025-04-16," Piso de 50 metros cuadrados el cual cuenta con ascensor y piscina comunitaria, muy cerca de supermercados, colegios, diferentes comercios, estación de autobuses y playa a tan solo 7 minutos. Piso ubicado en unos bajos, tiene un recibidor con un gran armario, un comedor que comunica con la cocina independiente a través de una ventana que se puede tener abierta o cerrada y que sirve de barra para poder comer o tomar algo, tiene una cocina semiabierta y equipada, un gran lavabo con armario para la lavadora y secadora, plato de ducha con mampara. Una habitación doble con armario empotrado todo el piso consta de calefacción a gas natural.  CONROMA es una empresa innovadora con un ambiente familiar muy competitivo, que cuenta con más 20 años de experiencia en el sector inmobiliario. Nuestro equipo de agentes proporciona un asesoramiento profesional y personalizado a fin de obtener los mejores resultados. Con una inversión permanente en tecnología, nos colocamos entre las inmobiliarias más eficientes de la zona, ya que nos volcamos en todos los pasos del proceso de comercialización, control y conocimiento del perfil de nuestros clientes, ofreciendo eficacia, flexibilidad y creatividad. En cumplimiento de la ley 3/2917 del 13 de febrero de 2018 del Código civil de Cataluña, por el que se aprueba el Reglamento de Información al Consumidor en la compraventa y arrendamiento de viviendas en Cataluña, informa al cliente que los gastos notariales, registrales e impuestos que le sean de aplicación (ITP o IVA +AJD) y otros gastos inherentes a la compraventa no están incluidos en el precio. ",0,1,Conroma La Selva Blanes,1,2007.0,0,1,0,1,0,0,1,0,4,2,1,0,0,0,0,1,0,0,0,0,0,0,1,2860.0,1.0,3,La Plantera
106957900,https://www.idealista.com/inmueble/106957900/,Casa o chalet independiente en venta en Cala Sant Francesc - Santa Cristina,1950000,342,5,carrer de la cala,41.680072801197625,2.808561880008474,2025-02-03," Descubre esta magnífica residencia situada en la prestigiosa Cala Sant Francesc de Blanes, un rincón idílico donde el lujo y la naturaleza se unen para ofrecerte una experiencia de vida única. Desde el momento en que atraviesas sus puertas, quedarás maravillado por las impresionantes vistas al mar que bañan cada rincón de la casa, gracias a sus grandes ventanales que inundan los espacios de luz natural y conectan el interior con el espectacular entorno costero. La planta principal cuenta con un elegante salón-comedor con cocina abierta, el corazón de la casa, diseñado para compartir momentos inolvidables con familia y amigos. Una chimenea moderna aporta un toque acogedor y sofisticado. Además, un segundo salón, amplio y luminoso, ofrece el espacio perfecto para relajarte mientras disfrutas de la tranquilidad de este hogar. La vivienda dispone de cuatro dormitorios diseñados para garantizar el máximo confort. La suite principal destaca con su vestidor privado y detalles exclusivos. Las otras habitaciones, igualmente excepcionales, cuentan con acceso a una amplia terraza que regala vistas panorámicas al Mediterráneo, creando un ambiente de paz y serenidad. Cada detalle de esta casa está pensado para tu comodidad. Un ascensor conecta todos los niveles, facilitando el acceso a cada espacio, y el garaje, con capacidad para dos vehículos, sorprende con ventanas que también ofrecen vistas al mar. El exterior de la propiedad es un auténtico paraíso. Una piscina rodeada de vegetación te invita a disfrutar de momentos de relax bajo el sol, mientras que el cuidado jardín añade frescura y privacidad. Este espacio al aire libre se convierte en el lugar ideal para desconectar del día a día y conectar con la naturaleza. La casa también incluye una práctica lavandería y cuenta con acabados de alta calidad que reflejan un estilo de vida exclusivo. Ubicada en una de las zonas más deseadas de la Costa Brava, la Cala Sant Francesc ofrece un ambiente tranquilo y exclusivo. Con su playa de aguas cristalinas, rodeada de pinos, y una comunidad que garantiza privacidad y seguridad, este enclave es una joya de Blanes. La proximidad al centro del pueblo, con su amplia oferta gastronómica y cultural, añade comodidad sin perder el encanto de vivir en un oasis de paz. Esta residencia no es solo una casa, es un estilo de vida que combina lujo, confort y la belleza incomparable de la Costa Brava. [IW]. ",0,1,Sale and Rental Spain,4,1981.0,0,0,1,0,0,1,1,1,2,0,73,1,0,0,0,0,0,0,0,1,0,0,0,5701.754385964912,1.25,4,Cala Sant Francesc - Santa Cristina
107170718,https://www.idealista.com/inmueble/107170718/,"Estudio en venta en calle Vila de París, 4",120000,24,0,"carrer vila de parís, 4",41.66407367300141,2.783408558724116,2025-04-17," Estupendo Estudio con licencia turística vigente y totalmente reformado! Estudio de 24 m², está ubicado en el barrio de los Pinos de Blanes, finca con ascensor, piscina comunitaria, zona ajardinada que incluye un área infantil, muy luminoso y silencioso para descansar por la noche, tercera planta, ventanas hacia el interior de la comunidad privada Detalles del estudio: Baño completo: Totalemente reformado con plato de ducha y en perfecto estado Cocina equipada: Totalmente amueblada y reformada, con Electrodomésticos para entrar a vivir o alquilarlo Suelo nuevo porcelánico, pladur, luces led Amueblado, consta de dos sofás cama, uno con dos camas de 90 para dos personas, otro sofá cama de 1’40m para una persona o dos niños, mesa de comedor con cuatro sillas, televisión, etc Comedor separado de cocina con media-pared y medianera, comedor amplio diáfano Comunidad con 4 accesos a las zones comunes, uno directo a la playa. Si buscas tranquilidad, acceso directo a la playa, piscina y zonas verdes éste es tu estudio para vivir o invertir Directo de propietario. ",0,1,particular_David,1,1985.5,0,0,0,1,0,0,1,0,4,3,0,0,0,0,1,0,0,0,0,0,1,0,0,5000.0,0.0,2,Els Pins
107024585,https://www.idealista.com/inmueble/107024585/,Piso en venta en Centre,159000,80,1,carrer ample,41.67454693196272,2.791958077322335,2025-04-16," Ático Dúplex con Encanto en pleno centro de Blanes. Perfecto para quienes buscan un espacio único, acogedor y con una ubicación inmejorable. Características principales: 1 habitación doble: Espaciosa y luminosa, ideal para el descanso. Baño completo con ducha: Diseño práctico y funcional. Acogedora chimenea: Para disfrutar de cálidas noches en invierno. Terraza de 22 m²: Con impresionantes vistas al Castillo de San Juan y el encanto de Blanes. A tan solo 300 metros del mar: Un paseo y estarás disfrutando de la playa. 4ª planta sin ascensor: Perfecto para jóvenes o quienes desean mantenerse activos. Ideal como segunda residencia o para personas jóvenes que buscan su rincón especial en la Costa Brava. ¡No dejes pasar esta oportunidad de tener un ático con vistas espectaculares en uno de los lugares más emblemáticos de Blanes! Contáctanos hoy mismo para más información o para concertar una visita. Tu próximo hogar te está esperando. ¡No lo dejes escapar! Alfaca. es. Expertos inmobiliarios en Lloret de Mar. ",0,1,ALFA CASA,1,1990.0,1,0,0,0,0,0,0,1,4,2,1,0,1,0,0,0,0,0,0,0,0,0,1,1987.5,1.0,2,Centre
107618823,https://www.idealista.com/inmueble/107618823/,Piso en venta en Els Pavos,187000,71,2,"carrer provença,4",41.67561905639978,2.781819036155578,2025-03-27," DESCUBRE TU NUEVO HOGAR EN BLANES! Este maravilloso piso, ubicado en la última planta de un edificio exclusivo con solo dos vecinos por planta, es la opción perfecta para quienes buscan una propiedad luminosa y tranquila, sin renunciar a nada. Con una distribución pensada para aprovechar al máximo cada metro cuadrado, el piso ofrece un amplio recibidor que conecta con las distintas estancias de la vivienda. Cuenta con una habitación doble tipo suite, con su propio baño completo privado, ideal para disfrutar de la máxima comodidad y privacidad. Además, dispone de una habitación individual con acceso directo al balcón, perfecta para disfrutar de las vistas. El inmueble también cuenta con un segundo baño completo, ideal para familiares o invitados. El salón comedor, esquinero y muy luminoso, ofrece vistas panorámicas tanto al castillo como a la población de Blanes, gracias a sus amplios ventanales que llenan de luz natural todos los espacios. La cocina independiente está totalmente equipada. Este piso, también te ofrece la posibilidad de alquilar una plaza de parking en el mismo edificio, lo que te aporta una gran comodidad. Además, con ascensor y una excelente ubicación, tendrás todo lo necesario a tu alcance. *impuestos y gastos no incluidos en el precio. Y si necesitas financiación, ponemos a tu disposición nuestro servicio de BROKER para para ayudarte a conseguir las mejores condiciones para tu hipoteca. ",0,1,SERRA-S immobiliàries,2,1998.0,1,0,0,1,0,0,0,0,3,3,21,0,0,1,0,0,0,0,0,0,0,0,1,2633.8028169014083,1.0,2,Els Pavos
105537754,https://www.idealista.com/inmueble/105537754/,Casa o chalet independiente en venta en Cala Sant Francesc - Santa Cristina,1950000,507,5,carrer de la cala,41.680072801197625,2.808561880008474,2025-04-01," Blanes es un municipio español de la comarca de La Selva en la provincia de Gerona, en la comunidad autónoma de Cataluña. Situado en la costa gerundense. Es el primer pueblo de la Costa Brava, por lo que es conocido como el ""Portal de la Costa Brava"".  Imagina despertar cada mañana con la serenidad del mar acariciando tus sentidos y el sol inundando cada rincón de tu hogar. Bienvenido a esta exclusiva residencia en la Cala Sant Francesc de Blanes, donde la modernidad y el lujo se fusionan en un entorno natural incomparable. Al entrar, te recibirán magníficas vistas al mar desde todos los ángulos, gracias a los grandes ventanales que permiten que la luz natural y las panorámicas costeras se conviertan en protagonistas de cada espacio. La casa cuenta con un espectacular comedor con cocina abierta, diseñada para ser el corazón del hogar, donde una elegante chimenea añade calidez y sofisticación a las reuniones familiares y con amigos. Además, dispone de otro gran salón perfecto para relajarte y disfrutar de momentos de tranquilidad. La vivienda está equipada con cuatro habitaciones, cada una pensada para ofrecer el máximo confort y privacidad. La suite principal es un verdadero santuario, con un vestidor amplio y lujoso. Las otras habitaciones no se quedan atrás, ya que todas cuentan con salida a una terraza que ofrece impresionantes vistas al mar, creando un ambiente de serenidad y belleza sin igual. Para mayor comodidad, la casa dispone de ascensor que conecta todos los niveles, facilitando el acceso a cada rincón de esta maravillosa propiedad. Además, la residencia tiene su propio garaje para dos coches y, con la singularidad de que el mismo párquing cuenta con grandes ventanas que también ofrecen vistas al mar, asegurando que incluso tus vehículos disfruten del lujo de esta propiedad. El verdadero tesoro de esta residencia es su área exterior. La piscina, situada en un entorno verde cuidadosamente diseñado, se convierte en un lugar de refugio y paz. Rodeada de vegetación, ofrece una privacidad absoluta, permitiéndote disfrutar de momentos de descanso y disfrute bajo el sol, con las vistas relajantes del mar como telón de fondo. El cuidado jardín que rodea la piscina añade un toque de naturaleza y frescura, creando un ambiente perfecto para desconectar y revitalizarse. No falta detalle en esta magnífica casa, que además incluye una lavandería práctica y funcional. Esta joya arquitectónica es mucho más que una vivienda; es un estilo de vida donde cada día se vive con lujo y armonía frente al mar. ",0,1,Clau 15 Properties,4,2013.0,1,0,1,0,0,1,1,1,4,1,16,1,0,0,0,0,0,0,0,1,0,0,0,3846.153846153846,1.25,5,Cala Sant Francesc - Santa Cristina
97272372,https://www.idealista.com/inmueble/97272372/,Piso en venta en Cala Sant Francesc - Santa Cristina,836000,391,3,carrer de la cala,41.680072801197625,2.808561880008474,2025-02-28," Espectacular chalet situado en Santa Cristina con vistas al mar. Consta de 3 habitaciones suites, 4 baños, cocina amplia, comedor con vistas panorámicas, lavadero/despensa, terraza con piscina, comunicada por todo el exterior de la casa. Garaje de 150 m2 con sala de maquinaria de piscina. Equipada con todo lo necesario para entrar a vivir, calefacción, aire acondicionado, persianas eléctricas, con todas las comodidades que puedas necesitar.  Perfecta ubicación tranquila y cerca del mar. En IMMOBILIARIA JJ MANE ofrecemos asesoramiento profesional con una amplia cartera de inmbuebles. Impuestos y gastos no incluidos en el precio. ",0,1,Immobiliaria JJ Mané,4,2000.0,1,0,1,1,0,0,1,1,2,4,48,1,0,0,0,0,0,0,0,0,0,0,1,2138.1074168797954,0.75,5,Cala Sant Francesc - Santa Cristina
106543801,https://www.idealista.com/inmueble/106543801/,Chalet adosado en venta en Centre,570000,421,5,carrer ample,41.67454693196272,2.791958077322335,2025-04-11," Se vende casa en el centro de Blanes! Esta maravillosa propiedad cuenta con una planta baja de 81 metros cuadrados, que incluye un garaje con capacidad para 4 coches, una zona de máquinas y dos trasteros. En la primera planta, encontrarás dos habitaciones dobles, un baño, un balcón de 6 metros y una acogedora terraza de 20 metros, ideal para disfrutar del aire libre. Al subir a la segunda planta, te sorprenderán un baño adicional, dos habitaciones dobles (una de ellas en suite con vestidor), un balcón de 6 metros y otra terraza de 20 metros. La tercera planta alberga una amplia cocina y un luminoso salón-comedor con chimenea, además de otra terraza de 20 metros, perfecta para relajarte. Por último, en la cuarta planta, descubrirás una buhardilla que incluye un lavadero, un altillo y, por supuesto, otra terraza de 20 metros. La casa también ofrece la comodidad de un ascensor doméstico muy amplio, suelo radiante y preinstalación de aire acondicionado. ¡Y lo mejor de todo! Está situada cerca de todos los servicios que puedas necesitar. No dudes en ponerte en contacto con nosotros para obtener más información. Además, te animamos a consultar nuestras exclusivas condiciones de financiación al 100%, las cuales son gestionadas por nuestro propio departamento financiero. El precio de venta del inmueble aquí expuesto no incluye ni impuestos ni gastos que grava la compraventa (ITP o IVA, gastos notariales o registrales) tampoco los honorarios de agencia por intermediación inmobiliaria ni gestión hipotecaria. comunidad. ",0,1,Flamat Blanes,4,1960.0,1,0,0,0,0,0,0,0,4,4,6,0,1,0,0,0,0,0,0,1,0,0,0,1353.9192399049882,1.25,1,Centre
97430016,https://www.idealista.com/inmueble/97430016/,Piso en venta en Centre,384000,81,3,carrer ample,41.67454693196272,2.791958077322335,2025-04-16," ¡Piso en primera línea de mar! Finca con ascensor pero desde el primer piso! ¡Descubre tu nuevo hogar en el corazón de Blanes! Este impresionante inmueble, recientemente reformado, combina a la perfección el encanto clásico con las comodidades modernas, lo que lo convierte en un lugar verdaderamente único. Al entrar, serás recibido por una amplia suite que cuenta con un elegante baño equipado con bañera, ideal para disfrutar de momentos de relajación. Además, el piso dispone de otro baño completo con un espacioso plato de ducha, un práctico despacho y una luminosa habitación doble que aporta calidez y confort. La verdadera joya de este hogar es su amplio salón-comedor con cocina abierta, un espacio diáfano y acogedor que se conecta a un balcón con impresionantes vistas panorámicas al mar. Imagina despertar cada día con estas vistas y disfrutar de atardeceres inolvidables desde la comodidad de tu hogar. Ubicado en el centro de Blanes, con todos los servicios a tu alcance: tiendas, restaurantes, bancos, transporte público y, por supuesto, la playa justo enfrente. No dudes en ponerte en contacto con nosotros para obtener más información. Además, te animamos a consultar nuestras exclusivas condiciones de financiación al 100%, las cuales son gestionadas por nuestro propio departamento financiero. El precio de venta del inmueble aquí expuesto no incluye ni impuestos ni gastos que grava la compraventa (ITP o IVA, gastos notariales o registrales) tampoco los honorarios de agencia por intermediación inmobiliaria ni gestión hipotecaria. comunidad. ",0,1,Flamat Blanes,2,1970.0,0,1,0,1,0,0,0,1,4,2,1,0,1,0,0,0,0,0,0,0,0,0,1,4740.740740740741,1.5,3,Centre
106672392,https://www.idealista.com/inmueble/106672392/,Piso en venta en Centre,384000,96,3,carrer ample,41.67454693196272,2.791958077322335,2025-03-05," Este piso no te dejará indiferente, situado en primera línea, en pleno corazón de Blanes, recién reformado con unos excelentes acabados y conservando algunos matices clásicos. Al entrar al inmueble nos encontramos con una amplia suite, su lavabo consta de una bonita bañera rectangular donde disfrutar de un buen baño. A continuación encontramos otro baño completo con amplio plato de ducha, seguido de un despacho y otra habitación doble. La joya es el gran comedor con cocina con el balcón en primera línea. Un lujazo de piso para disfrutar de la auténtica vida en el centre de Blanes, a pie de playa y del Passeig de Dintre. No aparecen muchos pisos como este y con este precio. No lo dudes y pide más información sin compromiso antes que vuele. En cumplimiento de la ley 3/2917 del 13 de febrero de 2018 del Código civil de Cataluña, por el que se aprueba el Reglamento de Información al Consumidor en la compraventa y arrendamiento de viviendas en Cataluña, se informa al cliente que los gastos notariales, registrales e impuestos que le sean de aplicación (ITP o IVA AJD) y otros gastos inherentes a la compraventa, no están incluidos en el precio. ",0,1,FINQUES DEKL,2,1970.0,0,1,0,1,0,0,0,0,3,2,43,0,1,0,0,0,0,0,0,0,0,0,1,4000.0,1.5,2,Centre
107654934,https://www.idealista.com/inmueble/107654934/,Piso en venta en Semicentre,289000,131,4,"carrer anselm clavé,62",41.677296,2.7873864,2025-04-11," Descubre este espectacular piso exterior, luminoso y reformado de 131 m², diseñado para ofrecerte amplitud, comodidad y luz natural durante todo el día. Con 4 espaciosos dormitorios exteriores y 2 baños, es el hogar ideal para familias que buscan un espacio funcional y acogedor. Su ubicación privilegiada te permitirá disfrutar de la ciudad con todas las comodidades a tu alcance. La cocina totalmente equipada es perfecta para los amantes de la gastronomía, mientras que el balcón te brinda un rincón al aire libre para relajarte. Además, cuenta con aire acondicionado para tu confort en los días más cálidos y un ascensor que facilita el acceso. Construido en 1977, ha sido cuidadosamente reformado, combinando el encanto original con las necesidades modernas. No dudes en ponerte en contacto con nosotros para obtener más información. Además, te animamos a consultar nuestras exclusivas condiciones de financiación al 100%, las cuales son gestionadas por nuestro propio departamento financiero. El precio de venta del inmueble aquí expuesto no incluye ni impuestos ni gastos que grava la compraventa (ITP o IVA, gastos notariales o registrales) tampoco los honorarios de agencia por intermediación inmobiliaria ni gestión hipotecaria. comunidad. ",0,1,Flamat Blanes,2,1977.0,0,1,0,1,0,0,0,1,4,4,6,0,0,0,0,0,0,1,0,0,0,0,1,2206.1068702290077,2.0,3,Semicentre
107462509,https://www.idealista.com/inmueble/107462509/,Piso en venta en Centre,158000,55,2,carrer ample,41.67454693196272,2.791958077322335,2025-03-12," Ubicado en pleno centro de Blanes, este acogedor piso en planta baja es la opción ideal para quienes buscan comodidad y tranquilidad sin renunciar a la cercanía de todos los servicios. Dispone de dos habitaciones: una doble perfecta para descansar, y otra individual, ideal como dormitorio adicional, despacho o vestidor. La vivienda cuenta con una moderna cocina americana, integrada en el salón, lo que aporta amplitud y funcionalidad al espacio, permitiendo disfrutar de un ambiente abierto y acogedor. Su excelente ubicación te permitirá tener a pocos pasos tiendas, restaurantes, transporte público y la playa, haciendo de este piso un hogar perfecto tanto para vivir todo el año como para disfrutar de escapadas junto al mar. ¡No dejes pasar esta oportunidad de vivir en el centro de Blanes con la comodidad de una planta baja! ",0,1,FINQUES DEKL,1,1964.0,0,0,0,0,0,0,0,0,3,2,36,0,1,0,0,0,0,0,0,0,0,0,1,2872.7272727272725,2.0,0,Centre
105215829,https://www.idealista.com/inmueble/105215829/,Casa o chalet independiente en venta en Cala Sant Francesc - Santa Cristina,740000,300,6,carrer de la cala,41.680072801197625,2.808561880008474,2025-04-13," ¡Bienvenidos a esta increíble casa de dos plantas en venta en Blanes! Con sus 300m² de vivienda y 700m² de parcela, esta propiedad es simplemente impresionante.  Al entrar, te recibirán acabados de alta calidad en todas partes. Desde el suelo de madera de roble hasta los detalles meticulosamente seleccionados en cada rincón de la casa, esta propiedad no escatima en calidad y lujo.  La planta baja cuenta con un amplio salón comedor con chimenea, perfecto para relajarse y disfrutar del calor del fuego en los días fríos. Desde aquí, se puede acceder a una terraza soleada con una piscina espectacular, ideal para refrescarse y disfrutar de largos días de sol. La casa cuenta con 6 habitaciones, una de ellas una suite con vestidor y baño completo con bañera de hidromasaje. Además, hay un total de 3 baños en la propiedad, todos ellos con un diseño moderno y elegante. La cocina independiente office es un sueño hecho realidad para los amantes de la cocina. Equipada con todos los electrodomésticos necesarios y con salida a la terraza, aquí podrás disfrutar de tus comidas con una vista impresionante. En resumen, esta casa está en perfecto estado para entrar a vivir. Si buscas una propiedad con acabados de alta calidad, espacio para toda la familia y una piscina espectacular, esta es la opción ideal para ti. No dejes pasar esta oportunidad y ven a visitar esta increíble casa en Blanes. ¡Te encantará! ¡Pídenos ahora el vídeo de la distribución! Calefacción eléctrica  Chimenea  6 hab. 3baños Aire acondicionado. ",0,1,Grup Bona Clau,3,1985.5,1,0,1,0,0,1,1,1,4,6,4,1,0,0,0,0,0,0,0,1,0,0,0,2466.6666666666665,2.0,5,Cala Sant Francesc - Santa Cristina
107233220,https://www.idealista.com/inmueble/107233220/,Casa rural en venta en carretera Tordera,850000,1200,7,carretera tordera,41.68467202811999,2.7687823565796603,2025-03-10," Ubicada en una finca de 4,5 hectáreas de terreno llano de regadío, esta masía restaurada del siglo XIX ofrece un sinfín de posibilidades para aquellos interesados en el turismo rural y la viticultura. Con 639 m² construidos, la propiedad cuenta con una impresionante casa principal, bodega original, biblioteca, jardín privado, piscina y amplios espacios exteriores, perfectos para eventos y actividades turísticas. La propiedad ofrece un gran potencial de ampliación y desarrollo para un hotel rural, gracias a su distribución, espacio disponible y las estructuras adicionales que ya están presentes. La masía principal de 639 m² cuenta con una base sólida para crear un alojamiento rural único, con amplios dormitorios, salones y espacios comunes que se pueden redistribuir y ampliar para aumentar la capacidad y los servicios. Además constan los siguientes espacios construidos que podrían ofrecer mayor espacio de habitaciones o servicios: Bodega – Celler (113 m2), Cuadras (con vistas al jardín y piscina) 138 m2, Varios almacenes (150 m2). ",0,1,PATRIMONIS IMMOBILIARIS FORCADELL,3,1985.5,1,0,1,0,0,1,1,0,3,0,38,0,0,0,0,0,0,1,0,1,0,0,0,708.3333333333334,2.3333333333333335,4,Semicentre
107876290,https://www.idealista.com/inmueble/107876290/,Piso en venta en calle Duero,121900,66,2,carrer duero,41.6925659806944,2.7967169355212937,2025-04-16," Piso en Barrio de Valldolig. Situado en la primera planta de un edificio de 2006, con una superficie de 66 m2, distribuido en 2 dormitorios, 1 baño, salón y cocina. Situado en entorno tranquilo, rodeado de zonas verdes, bien comunicado por carretera GI-682. ",0,1,Basico Homes,1,2006.0,0,0,0,0,0,0,0,0,4,2,1,0,0,0,0,0,0,0,1,0,0,0,1,1846.969696969697,2.0,0,Urbanitzacions
107827758,https://www.idealista.com/inmueble/107827758/,Piso en venta en La Plantera,150000,139,4,carrer béjar,41.66839367930616,2.775473038042611,2025-04-11," Luminoso piso con gran terraza en excelente ubicación. Kuper's Real Estate, les presenta en exclusiva este amplio y luminoso piso de 139 m² construidos según catastro, en una 4ª planta sin ascensor, ideal para quienes buscan tranquilidad en una zona bien conectada. La vivienda cuenta con 4 amplias habitaciones, tres de ellas dobles, todas exteriores, lo que garantiza una gran entrada de luz natural en todas las estancias. La cocina y el baño han sido reformados recientemente, ofreciendo un diseño moderno y funcional.  Los suelos son de gres, la carpintería es de aluminio y la calefacción es por radiadores de gas natural, asegurando confort en todas las estaciones. Dispone de una espectacular terraza de más de 15 m², perfecta para disfrutar del aire libre. Ubicada en un entorno muy tranquilo, pero a la vez cerca de todos los servicios esenciales como supermercados, transporte público, colegios y comercios. ¡Una gran oportunidad para quienes buscan un hogar espacioso, luminoso y bien ubicado! Contacte con nosotros para más información. Blanes es un municipio de la provincia de Gerona. El término municipal está ubicado junto al mar Mediterráneo, en la Costa Brava, motivo por el que es conocido como el ""Portal de la Costa Brava"", pertenece a la comarca de La Selva y tiene una población de 42 198 habitantes. Con una población turística, posee la primera cala de la Costa Brava por el sur: la cala de Sant Francesc, también denominada Cala Bona. ",0,1,Kuper's Real Estate,1,1985.5,1,0,0,0,0,0,0,0,4,4,6,0,0,0,0,1,0,0,0,0,0,0,1,1079.136690647482,4.0,1,La Plantera
107677603,https://www.idealista.com/inmueble/107677603/,Piso en venta en Centre,135000,25,1,carrer ample,41.67454693196272,2.791958077322335,2025-04-11," ¡Descubre este encantador estudio reformado en el corazón de la ciudad! Con una superficie de 25 m², este acogedor espacio es ideal para quienes buscan un hogar práctico y funcional. Valorado y completamente amueblado, el estudio cuenta con una cocina equipada y amueblada, perfecta para preparar tus platos favoritos. Su diseño exterior permite que la luz natural inunde el espacio, creando un ambiente cálido y acogedor. Además, podrás disfrutar de una azotea que te ofrece un rincón perfecto para relajarte al aire libre. Su ubicación céntrica te permitirá acceder fácilmente a todos los servicios y comodidades que la ciudad tiene para ofrecer. Cuenta con Licencia Turística y a tan solo 50m de la playa. No pierdas la oportunidad de vivir en este estudio único, construido en 1970 y completamente reformado para adaptarse a tus necesidades modernas. ¡Ven a visitarlo y enamórate de tu nuevo hogar! Además, te animamos a consultar nuestras exclusivas condiciones de financiación al 100%, las cuales son gestionadas por nuestro propio departamento financiero. El precio de venta del inmueble aquí expuesto no incluye ni impuestos ni gastos que grava la compraventa (ITP o IVA, gastos notariales o registrales) tampoco los honorarios de agencia por intermediación inmobiliaria ni gestión hipotecaria. comunidad. ",0,1,Flamat Blanes,1,1970.0,0,0,0,0,0,0,0,0,4,4,6,0,1,0,0,0,0,0,0,0,0,0,1,5400.0,1.0,0,Centre
105755143,https://www.idealista.com/inmueble/105755143/,Casa o chalet independiente en venta en Mont Ferrant - Sant Joan,295000,208,6,"carrer de santa bàrbara, 37-33",41.67704962078834,2.792189439337077,2025-03-27," ESPACIO PARA TI Y PARA TU PROPIO NEGOCIO, Hay viviendas como esta que presentamos que te permiten un montón de opciones, son tres plantas independientes con mucho espacio y muchas maneras de distribuirlo. La vivienda hace esquina y dispone de un local comercial a pie de calle, garaje privado y acceso a la planta baja (que necesita reforma), pero que una vez terminada te quedara un precioso bajo con dos habitaciones, salón comedor y cuarto de baño completo. En la planta superior hay un amplio piso distribuido en un gran salón-comedor con chimenea y con salida a dos balcones, 2 dormitorios dobles, una sala de estar que se puede habilitar como otra habitación doble, 1 habitación individual, 1 baño completo y 1 aseo. La amplia cocina con despensa y chimenea nos dará acceso a una preciosa terraza con barbacoa y desde donde accederemos a la planta superior en donde encontramos otra gran terraza a varios niveles y con lavadero. Y esto no es todo, si eres promotor el edificio permite levantar otro piso en la parte superior y si además quisieras ampliar el espacio, existe la posibilidad de unir otro edificio colindante para aumentar la edificabilidad. *impuestos y gastos no incluidos en el precio* Y, si necesitas financiación, ponemos a tu disposición nuestro servicio de BROKER para ayudarte a conseguir las mejores condiciones para tu hipoteca. ",0,1,SERRA-S immobiliàries,3,1960.0,1,0,1,0,0,0,0,0,3,3,21,0,0,0,0,0,1,0,0,1,0,0,0,1418.2692307692307,2.0,2,Mont Ferrant - Sant Joan
106428666,https://www.idealista.com/inmueble/106428666/,Casa o chalet en venta en Els Pins,399000,130,4,carrer vila de paris,41.66407367300141,2.783408558724116,2025-04-16," Descubra el encanto único que tiene Blanes con sus maravillosas playas, disfruta de las comodidades de vivir en una casa ubicada en una privilegiada zona del pueblo a muy pocos pasos del mar donde tambien cerca tiene todos los servicios. ( comercios, restaurantes, colegios, médicos etc. ) En Conroma la Selva de Blanes te ofrecemos la gran oportunidad de visitar esta casa de origen ubicada en segunda línea de mar con todas las posibilidades de reforma y ampliación donde lograras crear espacios de comodidad y confort teniendo como resultado un espectacular chalet. Actualmente la casa cuenta con dos habitaciones dobles, dos individuales, cocina individual, salón comedor, cuarto de baño con bañera, lavadero-trastero y además cuenta con zona de reuniones con cocina, amplio comedor, baño y patio con barbacoa y escaleras con acceso a la terraza donde hay posibilidad de hacer ampliación y desde donde tenemos unas preciosas vistas a San Joan. La vivienda cuenta con un gran porche-terraza donde hay posibilidad de hacer garaje cerrado o directamente terraza con sitio de aparcamiento abierto, tiene suelos en gres, carpintería exterior en aluminio e interior en madera. Aproveche la fabulosa oportunidad de adquirir esta joya llámenos y agendamos su visita, disfrute de la gran experiencia de crear espacios a su gusto y vivir en un excepcional sitio de Blanes. CONROMA es una empresa innovadora con un ambiente familiar muy competitivo, que cuenta con más 20 años de experiencia en el sector inmobiliario. Nuestro equipo de agentes proporciona un asesoramiento profesional y personalizado a fin de obtener los mejores resultados. Con una inversión permanente en tecnología, nos colocamos entre las inmobiliarias más eficientes de la zona, ya que nos volcamos en todos los pasos del proceso de comercialización, control y conocimiento del perfil de nuestros clientes, ofreciendo eficacia, flexibilidad y creatividad. En cumplimiento de la ley 3/2917 del 13 de febrero de 2018 del Código civil de Cataluña, por el que se aprueba el Reglamento de Información al Consumidor en la compraventa y arrendamiento de viviendas en Cataluña, informa al cliente que los gastos notariales, registrales e impuestos que le sean de aplicación (ITP o IVA +AJD) y otros gastos inherentes a la compraventa no están incluidos en el precio. ",0,1,Conroma La Selva Blanes,2,1985.5,1,0,1,0,1,1,0,0,4,2,1,0,0,0,1,0,0,0,0,1,0,0,0,3069.230769230769,2.0,3,Els Pins
107622689,https://www.idealista.com/inmueble/107622689/,Piso en venta en Centre,84000,31,1,carrer ample,41.67454693196272,2.791958077322335,2025-04-11," ¡Oportunidad única en el corazón de Blanes! Se vende un encantador local de 31 m², completamente reformado y listo para entrar a vivir. Este espacio moderno y funcional es ideal para quienes buscan un lugar acogedor en una ubicación privilegiada, cerca de todos los servicios, tiendas y restaurantes que ofrece el centro de la ciudad. Es importante destacar que se trata de un local y NO cuenta con cédula de habitabilidad, lo que lo convierte en una opción perfecta también para uso como oficina, estudio o local para aquellos que buscan un espacio alternativo. No dudes en ponerte en contacto con nosotros para obtener más información. Además, te animamos a consultar nuestras exclusivas condiciones de financiación al 100%, las cuales son gestionadas por nuestro propio departamento financiero. El precio de venta del inmueble aquí expuesto no incluye ni impuestos ni gastos que grava la compraventa (ITP o IVA, gastos notariales o registrales) tampoco los honorarios de agencia por intermediación inmobiliaria ni gestión hipotecaria. comunidad. ",0,1,Flamat Blanes,1,1985.5,0,0,0,0,0,0,0,0,4,4,6,0,1,0,0,0,0,0,0,0,0,0,1,2709.6774193548385,1.0,0,Centre
107086850,https://www.idealista.com/inmueble/107086850/,"Piso en venta en calle de Sant Bonós, 7",183750,59,1,"carrer de sant bonós, 7",41.673397191328206,2.7888824786952617,2025-04-15," Planta baja, situada en Blanes, totalmente reformada, a 4 minutos de la playa la palomera, en zona centro muy tranquila, sin ruidos ni vecinos molestos, en zona semipeatonal pero accesible con el coche para descargar, etc. sin problemas y muy cerca de la zona de servicios, comercios, restaurantes, supermercados, esta lista para entrar a vivir, se vende sin amueblar ya que actualmente es la vivienda habitual hasta que sea vendida. ",0,1,particular_carlos,1,1985.5,0,0,0,0,0,0,0,0,4,1,2,0,1,0,0,0,0,0,0,0,0,0,1,3114.406779661017,1.0,0,Centre
107370219,https://www.idealista.com/inmueble/107370219/,Piso en venta en Centre,228000,122,3,carrer ample,41.67454693196272,2.791958077322335,2025-03-05," Fantástico piso de 3 habitaciones, completamente exterior y con una distribución ideal para disfrutar de la luz natural durante todo el día. Dos de sus habitaciones cuentan con balcón. La cocina es amplia y funcional, con un rincón para colocar una mesa y aprovechar al máximo el espacio. El salón-comedor es muy soleado y espacioso, con salida a un gran balcón donde puedes instalar una mesa o incluso tumbonas para disfrutar del aire libre. Dispone de dos baños completos: uno con plato de ducha y otro con bañera, brindando comodidad y versatilidad. Además, el piso cuenta con calefacción por gas natural. Ubicado en un primer piso con ascensor, dentro de una finca en excelente estado. La ubicación es inmejorable, a solo 5 minutos de la playa y con todos los servicios a tu alcance. Si buscas un hogar cómodo, luminoso y bien ubicado, ¡este piso es para ti! En cumplimiento de la ley 3/2917 del 13 de febrero de 2018 del Código civil de Cataluña, por el que se aprueba el Reglamento de Información al Consumidor en la compraventa y arrendamiento de viviendas en Cataluña, se informa al cliente que los gastos notariales, registrales e impuestos que le sean de aplicación (ITP o IVA AJD) y otros gastos inherentes a la compraventa, no están incluidos en el precio. ",0,1,FINQUES DEKL,2,2000.0,0,0,0,1,0,0,0,0,3,2,43,0,1,0,0,0,0,0,0,0,0,0,1,1868.8524590163934,1.5,1,Centre
104857148,https://www.idealista.com/inmueble/104857148/,Piso en venta en avenida Extremadura,246000,109,3,avinguda extremadura,41.66840593875128,2.7768757983649746,2024-06-20," ¡Bienvenidos! Hoy os presentamos este encantador piso situado a pocos metros del mar y de todos los servicios, como supermercados y estación de autobús. Este inmueble de 109 m² construidos y 90 m² útiles, cuenta con tres dormitorios, dos baños y una terraza, perfecta para disfrutar del buen tiempo.  Este piso ha sido totalmente renovado con estilo moderno, lo que lo hace una opción perfecta para aquellos que buscan un hogar listo para entrar a vivir. El salón cuenta con una chimenea y salida a la terraza, ideal para relajarse después de un largo día. La cocina es independiente y tiene un lavadero y un balcón, perfecto para disfrutar de una buena taza de café por la mañana. Los dos cuartos de baño completos han sido recién reformados, y los tres dormitorios son exteriores, uno de ellos con baño en suite. Además, cuenta con calefacción de gas natural, aire acondicionado y paredes aisladas para proteger del frío, calor y ruidos. La finca cuenta con ascensor y solo tiene seis vecinos, lo que lo hace ideal para aquellos que buscan tranquilidad y privacidad. Además, cuenta con un terrado comunitario, perfecto para disfrutar de las vistas de la ciudad. No pierdas la oportunidad de visitar este maravilloso piso, ¡te encantará! En cumplimiento de la ley 3/2917 del 13 de febrero de 2018 del CODIGO CIVIL DE CATALUNYA, por el que se aprueba el Reglamento de Información al Consumidor en la compraventa y arrendamiento de viviendas en CATALUÑA, se informa al cliente que los gastos notariales, registrales e impuestos que le sean de aplicación ( ITP ó IVA + AJD ) y otros gastos inherentes a la compraventa no están incluidos en el precio. ",0,1,Blanes.com,2,1993.0,1,0,0,1,0,0,0,1,6,3,301,0,0,0,0,1,0,0,0,0,0,0,1,2256.880733944954,1.5,3,La Plantera
103240927,https://www.idealista.com/inmueble/103240927/,Casa o chalet independiente en venta en Cala Sant Francesc - Santa Cristina,2450000,450,11,carrer de la cala,41.680072801197625,2.808561880008474,2024-08-11," Casa situada en inmejorable situación de Blanes con unas impresionantes vistas a Blanes dónde podrá ver desde el puerto de Blanes y toda la costa. También podrá disfrutar de las vistas a la cala Sa Forcanera.  La finca dispone de una parcela de 3250 m2 con una construcción de vivienda de 450 m2.  En primer lugar con entrada independiente dispone de un amplio recibidor el que nos da acceso a la zona de comedor, sala de estar con chimenea, desde las dos estancias acceso a una terraza con vistas impresionantes a la cala y Blanes. En la misma planta dispone de cocina oficie. Desde el recibidor con una escalera exclusiva subimos a la zona de noche donde encontramos dos amplios dormitorios con dos baños. Con la misma escalera bajamos a la planta baja donde encontramos el parking para mas de 5 coches.  Independiente a la casa principal, adosadas a la misma dispone de tres casas independientes compuestas cada una de ellas de entrada en planta principal con cocina, salón comedor con chimenea y salida a terraza que nos da una vistas exclusivas a la Cala Saforcanera, bajando encontramos tres dormitorios con un baño y un aseo de cortesía, desde el dormitorio principal salida a nuevo balcón y acceso a la zona ajardinada y parking. Finca con innumerable posibilidades, finca a compartir para grandes familias, finca para destinar a alojamiento turístico, finca para negocio de restauración, etc. NO LO DUDE, VENGA A VERLA, LE DEJARA SIN PALABRAS. ",0,1,Blanes.com,5,1979.0,1,0,1,0,0,1,0,1,8,6,249,1,0,0,0,0,0,0,0,1,0,0,0,5444.444444444444,2.2,4,Cala Sant Francesc - Santa Cristina
95349560,https://www.idealista.com/inmueble/95349560/,Piso en venta en Els Pins,335000,87,3,carrer vila de paris,41.66407367300141,2.783408558724116,2025-03-25," ¡Descubre tu nuevo hogar frente al mar! Este espectacular piso reformado te ofrece la oportunidad de despertar cada día con vistas inigualables al Mediterráneo. Situado en primera línea de mar, este luminoso piso esquinero de 87 m² está listo para que entres a vivir. Con una distribución inteligente, cuenta con 3 acogedores dormitorios, un baño completo y un espacioso salón comedor con cocina americana, ideal para disfrutar de momentos inolvidables en familia. La joya de la vivienda es su amplia terraza, donde podrás relajarte mientras contemplas el horizonte marino. Construido en 1967 y ubicado en la primera planta de un edificio con ascensor, este piso ofrece una orientación sur que garantiza luz natural durante todo el día. Aunque no dispone de calefacción, su ubicación privilegiada y diseño optimizado aseguran un ambiente cálido y acogedor. No pierdas la oportunidad de vivir en este rincón paradisíaco con todas las comodidades que mereces. Llama ahora y ven a verlo! Solicita más información en BLANES. COM. PUNT IMMOBILIARI. El mayor equipo comercial de la Costa Brava Sur. Compra y vende con total transparencia y seguridad. En cumplimiento de la ley 3/2917 del 13 de febrero de 2018 del CODIGO CIVIL DE CATALUNYA, por el que se aprueba el Reglamento de Información al Consumidor en la compraventa y arrendamiento de viviendas en CATALUÑA, se informa al cliente que los gastos notariales, registrales e impuestos que le sean de aplicación ( ITP ó IVA + AJD ) y otros gastos inherentes a la compraventa no están incluidos en el precio. ",0,1,Blanes.com,1,1967.0,1,0,0,1,0,0,0,0,3,1,23,0,0,0,1,0,0,0,0,0,0,0,1,3850.574712643678,3.0,2,Els Pins
27096968,https://www.idealista.com/inmueble/27096968/,Casa o chalet independiente en venta en Mont Ferrant - Sant Joan,2000000,1000,4,"carrer de santa bàrbara, 37-33",41.67704962078834,2.792189439337077,2025-02-01," GRAN CASA DE DISEÑO CON VISTAS AL MAR Casa unifamiliar de diseño en Blanes con mas de 1.000 m2 de superfície interior. Con ascensor. 4 habitaciones dobles y 4 baños. Salón comedor con salida a terraza con piscina desbordante. Cocina de diseño con isla central, patio interior acristalado, jacuzzi de hidromasaje en suitte principal con vistas panorámicas, 230m2 de zona chillout con sala de cine, chimenea, duchas, vinoteca, sala de juegos, pre-instalación de cocina-bar, etc... 200 m2 en zona de máquinas para piscina y servicios varios, 160 m2 en planta ocio - terraza exterior con piscina desbordante, duchas y baños, salón comedor, cocina abierta, lavandería, despacho, etc... 160 m2 en zona dormitorios donde se encuentran las suittes y las habitaciones. Mirador en planta superior. Se pueden observar unas vistas panorámicas de la bahía de Blanes desde cualquier punto de la casa (habitaciones, cocina, salón, etc...) Casa diseñada a 4 vientos rodeada de jardín. Planta parquing de 250 m2 para 7/8 vehículos. Características: Más de 1.000 m2 de superfície interior, 450 habitables Domótica en toda la vivienda Sistemas de alarma - Videoportero Elevación de persianas - cortianas eléctrica Suelo radiante de hormigón (calor) Aire acondicionado y calefaccion por conductos Ultima generación en elctrodomesticos, gaggenau. Ultima generación en televisores y aparatos musicales, bang&olufsen Mobiliario de diseño. ",0,1,Blanes.com,4,1985.5,1,0,1,0,0,0,0,1,2,5,75,0,0,0,0,0,1,0,0,1,0,0,0,2000.0,1.0,3,Mont Ferrant - Sant Joan
105939290,https://www.idealista.com/inmueble/105939290/,Chalet adosado en venta en calle de Provença,340000,120,4,carrer de provença,41.67561905639978,2.781819036155578,2025-04-07," Ceigrup Blanes te ofrece una casa reformada en el barrio de Els Pavos, de 4 habitaciones, 2 baños, con un garaje para 2 coches y más, con un jardín privado con barbacoa donde disfrutar del aire libre y la tranquilidad. CEIGRUP BLANES, Somos una Empresa de servicios, con más de 20 años de experiencia y preparada para satisfacer vuestras necesidades en el sector inmobiliario, en el asesoramiento laboral, fiscal y contable y en el ámbito jurídico. En Blanes, portal de la Costa Brava. Con una amplia Carta de Servicios, para garantizar la máxima calidad, y un equipo especializado en cada una de las áreas. CEIGRUP es una red inmobiliaria integrada por profesionales con larga trayectoria y reconocido prestigio. Nace en el año 1990, de la mano de tres profesionales con la voluntad de sumar sinergias y crear una misma marca que identifique a unas empresas inmobiliarias que se distinguen por su rigor, profesionalidad y relación de confianza con el cliente. Actualmente y después de más de 25 años de trayectoria CEIGRUP, a pesar de los convulsos años de crisis vividos, sigue siendo la marca de referencia en la Costa Brava y las comarcas de Girona. ",0,1,Ceigrup Blanes / Caldes.cat,2,1986.0,1,0,1,0,0,1,0,1,4,0,10,0,0,1,0,0,0,0,0,1,0,0,0,2833.3333333333335,2.0,4,Els Pavos
107242979,https://www.idealista.com/inmueble/107242979/,Casa o chalet independiente en venta en calle de la Cala,1800000,654,5,carrer de la cala,41.680072801197625,2.808561880008474,2025-04-16," Ubicada en la exclusiva Urbanización Cala Sant Francesc, a solo 200 metros del mar, esta espectacular propiedad ofrece todo lo que puedes soñar: lujo, amplitud, privacidad y unas vistas impresionantes. Además, incluye un terreno adicional edificable de 857 m², todo incluido en el precio. La casa cuenta con licencia turística, lo que permite alquileres a corto plazo. ¡La oportunidad perfecta para vivir cerca del mar con todas las comodidades y aprovechar los ingresos por alquileres turísticos! Características principales Ubicación: Urbanización Cala Sant Francesc. Terreno total: 1.779 m² (con 857 m² adicionales edificables incluidos en el precio). Superficie construida: 654 m². Licencia turística: Disponible para alquileres a corto plazo. Distribución de la Casa: Planta 0 Aseo de cortesía. Habitación de 38 m² con mesa de billar instalada. Amplio salón-comedor con chimenea, vistas al mar y salida directa a la terraza con gran piscina. Cocina independiente de 35 m², totalmente equipada con electrodomésticos de alta gama. Lavandería. Patio de luces con fuente de estilo romano. Planta 1 Habitación Suite 1: 60 m² con baño privado, aseo y sauna. Habitación doble 1: 18 m² con salida a la terraza y vestidor de 12 m². Habitación doble 2: 28 m² con salida a la terraza. Habitación Suite 2: 34 m² con baño privado de 6 m² y plato de ducha. Habitación Suite 3: 20 m² con vestidor de 6 m² y baño de 6 m² con bañera. Planta -1 Garaje cerrado con capacidad para 2 coches. Exterior Amplia terraza con vistas al mar y acceso directo a la piscina. Terreno adicional edificable de 857 m², ideal para desarrollar nuevos proyectos o jardines. A solo 200 metros del mar, disfruta de la tranquilidad de vivir cerca de la playa y del lujo de vivir en una de las zonas más deseadas. ¡No dejes escapar esta oportunidad única! Para más información o para concertar una visita, contáctanos hoy mismo. ¡Tu nuevo hogar junto al mar te está esperando! Alfaca. es. Expertos inmobiliarios en Lloret de Mar. ",0,1,ALFA CASA,6,1980.0,1,0,1,0,0,1,1,1,4,2,1,1,0,0,0,0,0,0,0,1,0,0,0,2752.293577981651,0.8333333333333334,5,Cala Sant Francesc - Santa Cristina
107704254,https://www.idealista.com/inmueble/107704254/,Piso en venta en calle Vilar Petit,155000,85,3,carrer vilar petit,41.67860347835571,2.7815218115257156,2025-04-09," ¡ Oportunidad! Piso de 85 m² a la venta en el municipio de Blanes, Girona. La vivienda está distribuida en salón-comedor, tres dormitorios, cocina, lavadero, cuarto de baño y vestíbulo. Cuenta con suelos de gres, ventanas de aluminio lacadas en blanco, puertas interiores de pino.. . Precisa pequeñas actualizaciones para entrar a vivir, pero ofrece muchas posibilidades. Es una planta baja en un bloque de reciente construcción con ascensor. Buenas comunicaciones por carretera (GI-682) y transporte público. Próximo a todo tipo de servicios e infraestructuras como centros educativos (Escola Quatre Vents o Institut Sa Palomera), comercios, supermercados, farmacias, zonas verdes (Parque de la Mina Cristalina)... SIN COMISIÓN. ",0,1,VIVANTIAL,1,2000.0,0,0,0,1,0,0,0,0,4,2,8,0,0,0,0,0,0,1,0,0,0,0,1,1823.5294117647059,3.0,1,Semicentre
98046676,https://www.idealista.com/inmueble/98046676/,Casa o chalet independiente en venta en Semicentre,305000,250,3,"carrer anselm clavé,62",41.677296,2.7873864,2025-04-03," Casa muy acogedora situada en un ambiente rural por la zona de Ciutat esportiva de Blanes. La propiedad tiene un salón-comedor con chimenea, una cocina-office con salida al jardín, tres dormitorios dobles, un cuarto de baño muy amplio y una despensa. La casa dispone de un terreno muy grande con la zona de huerto y arboles frutales. La propiedad está muy bien conservada por dentro, pero necesita alguna reforma exterior. Organice la visita, esta casa tiene mucho que ofrecerle! ***La descripción expuesta es meramente informativa, puede contener errores involuntarios y no tiene valor contractual. ***. ",0,1,QS Estate Agency,1,1975.0,1,0,1,0,0,1,0,0,4,3,14,0,0,0,0,0,0,1,0,1,0,0,0,1220.0,3.0,3,Semicentre
103284139,https://www.idealista.com/inmueble/103284139/,Chalet adosado en venta en Centre,570000,421,5,carrer ample,41.67454693196272,2.791958077322335,2025-04-03," Espectacular casa adosada situada en el centro de Blanes, muy cerca de la playa y de todos los servicios. Está distribuida en cinco plantas de la siguiente manera: en la planta baja hay un espacioso garaje para cuatro vehículos, zona de maquinaria y dos trasteros. En la planta primera se encuentran dos dormitorios dobles con armarios empotrados, con sus balcones correspondientes y un cuarto de baño. En la planta segunda tenemos un dormitorio-suite con su propio baño, con salida a la terraza, una habitación doble con balcón y otro cuarto de baño. En la planta tercera hay un salón-comedor con chimenea, con salida al balcón y una cocina-office con balcón. En la planta superior se encuentra la buhardilla con la zona de lavado, salida a la terraza, un cuarto de baño y un trastero. La casa dispone de ascensor en todas las plantas, suelo radiante y placas solares. Organice la visita, esta propiedad es una verdadera joya! ***La descripción expuesta es meramente informativa, puede contener errores involuntarios y no tiene valor contractual. ***. ",0,1,QS Estate Agency,4,2006.0,1,0,1,0,0,0,0,0,4,3,14,0,1,0,0,0,0,0,0,1,0,0,0,1353.9192399049882,1.25,2,Centre
107030407,https://www.idealista.com/inmueble/107030407/,Piso en venta en La Plantera,150500,63,3,carrer béjar,41.66839367930616,2.775473038042611,2025-04-04," Bonito piso muy acogedor situado en la primera planta de un edificio sin ascensor en barrio de La Plantera, cerca de todos los servicios necesarios. Consta de un soleado salón-comedor con salida al balcón, una cocina-office con la zona de lavadero y despensa, un cuarto de baño, un dormitorio principal también con la salida al balcón, un dormitorio doble y un dormitorio individual. El piso está totalmente reformado, se vende con todo mobiliario y está listo para entrar a vivir. Organice la visita, no pierda ésta oportunidad! ***La descripción expuesta es meramente informativa, puede contener errores involuntarios y no tiene valor contractual. ***. ",0,1,QS Estate Agency,1,1970.0,0,1,0,0,0,0,0,1,4,4,13,0,0,0,0,1,0,0,0,0,0,0,1,2388.8888888888887,3.0,2,La Plantera
107209209,https://www.idealista.com/inmueble/107209209/,Piso en venta en calle de la Vila de Lloret,190000,75,3,carrer de la vila de lloret,41.687784706461976,2.7992219190166083,2025-04-14," Ceigrup Blanes te ofrece piso de 3 habitaciones en Montferrant, impecable, con dos orientaciones, perfecto como primera vivienda. No pierdas la oportunidad de verlo. CEIGRUP BLANES, Somos una Empresa de servicios, con más de 20 años de experiencia y preparada para satisfacer vuestras necesidades en el sector inmobiliario, en el asesoramiento laboral, fiscal y contable y en el ámbito jurídico . ·En Blanes, portal de la Costa Brava. · Con una amplia Carta de Servicios, para garantizar la máxima calidad, y un equipo especializado en cada una de las áreas. CEIGRUP es una red inmobiliaria integrada por profesionales con larga trayectoria y reconocido prestigio. Nace en el año 1.990, de la mano de tres profesionales con la voluntad de sumar sinergias y crear una misma marca que identifique a unas empresas inmobiliarias que se distinguen por su rigor, profesionalidad y relación de confianza con el cliente. Actualmente y después de más de 25 años de trayectoria CEIGRUP, a pesar de los convulsos años de crisis vividos, sigue siendo la marca de referencia en la Costa Brava y las comarcas de Girona. ",0,1,Ceigrup Blanes / Caldes.cat,2,2005.0,0,1,0,1,0,0,0,0,4,0,3,0,0,0,0,0,1,0,0,0,0,0,1,2533.3333333333335,1.5,2,Mont Ferrant - Sant Joan
107557814,https://www.idealista.com/inmueble/107557814/,Estudio en venta en Centre,135000,25,0,carrer ample,41.67454693196272,2.791958077322335,2025-04-16," Estudio con LICENCIA TURÍSTICA EN VIGOR, en pleno centro de Blanes. Le presentamos este acogedor estudio de 25 m², completamente reformado con materiales de alta calidad, en una ubicación inmejorable, a tan solo dos minutos a pie de la playa y cinco del casco antiguo. Un espacio funcional, luminoso y listo para entrar a vivir    Distribución:  Espacio diáfano con cocina abierta al comedor y salón  Zona de descanso con sofá cama y espacio de almacenaje  Baño completo con plato de ducha  Características destacadas:  Amueblado, tal cual está  Terrado comunitario  Reforma integral con acabados de primera calidad  Suelos porcelánicos  Carpintería exterior de PVC con doble vidrio  Orientación este, proporcionando una agradable luminosidad natural  Alarma instalada para mayor tranquilidad    Gastos de comunidad reducidos  Segunda planta en finca sin ascensor  Terrado comunitario con increibles vistas  Ubicación privilegiada:  En pleno centro de Blanes, rodeado de comercios, restaurantes y todos los servicios  A dos minutos a pie de la playa y del paseo marítimo  En una zona con historia pesquera y vibrante vida turística en la Costa Brava  Un auténtico tesoro para vivir junto al mar o como inversión. No dude en consultarnos y le acompañamos a visitarlo sin compromiso. En cumplimiento de la ley 3/2917 del 13 de febrero de 2018 del Código civil de Cataluña, por el que se aprueba el Reglamento de Información al Consumidor en la compraventa y arrendamiento de viviendas en Cataluña, se informa al cliente que los gastos notariales, registrales e impuestos que le sean de aplicación (ITP o IVA AJD) y otros gastos inherentes a la compraventa, no están incluidos en el precio. ",0,1,FINQUES TARRADELLAS,1,1970.0,1,0,0,0,0,0,0,0,4,2,1,0,1,0,0,0,0,0,0,0,1,0,0,5400.0,0.0,1,Centre
107197177,https://www.idealista.com/inmueble/107197177/,Piso en venta en rambla de Joaquim Ruyra,185000,72,2,carrer rambla de joaquim ruyra,41.67504655905693,2.791264535468244,2025-03-03," Piso recién reformado en pleno centro de Blanes, a pocos metros de la playa, de 72 m2, 2 habitaciones (1 doble y 1 individual), 1baño completo, cocina americana, comedor, terrado superior comunitario. 3a planta sin ascensor. Aire acondicionado y bomba de calor en salón y habitación principal. Lavadero en el terrado. Ventanas de aluminio, Con licencia turística. Muy luminoso. ",0,1,Finques Gironés,1,1971.0,0,0,0,0,0,0,0,1,3,0,45,0,1,0,0,0,0,0,0,0,0,0,1,2569.4444444444443,2.0,1,Centre
107871216,https://www.idealista.com/inmueble/107871216/,Piso en venta en calle de Mas Marot,129500,47,1,carrer de mas marot,41.67845904943707,2.78733109033643,2025-04-16," Vivienda en el centro de blanes, zona del mercado, ubicacion inmejorable en edificio con ascensor, y muy luminoso, con casi 40m2 tiene una terraza con vistas depejadas y sol casi todo el dia! comedor con cocina semi abierta, baño completo y habitacion doble exterior, calefaccion de suelo radiante, y finca con pocos vecinos, en la zona es muy facil encontrar aparcamiento, no lo dude y llamenos para venir a visitarlo! like home lloret, tu inmobiliaria de confianza. Estamos en la costa carbonell 57, de lloret de mar 17310. Contáctanos al / o vía e-mail: visita para descubrir toda nuestra oferta. En cumplimiento de la ley 3/2917 del 13 de febrero de 2018 del codigo civil de catalunya, por el que se aprueba el reglamento de información al consumidor en la compraventa y arrendamiento de viviendas en cataluña, se informa al cliente que los gastos notariales, registrales e impuestos que le sean de aplicación (itp ó iva + ajd ) y otros gastos inherentes a la compraventa no están incluidos en el precio. -. ",0,1,LIKE HOME LLORET serveis immobiliaris,1,1997.0,0,0,0,1,0,0,0,0,4,2,1,0,0,0,0,0,0,1,0,0,0,0,1,2755.31914893617,1.0,1,Semicentre
107931358,https://www.idealista.com/inmueble/107931358/,Piso en venta en Centre,750000,173,4,carrer ample,41.67454693196272,2.791958077322335,2025-04-15," Precioso piso en primera línea de mar Descubre este espectacular piso ubicado en primera línea de mar, con vistas privilegiadas al Mediterráneo y a la emblemática “Sa Palomera”. Situado en una de las zonas más codiciadas de Blanes, esta propiedad es ideal tanto como residencia habitual como segunda vivienda para disfrutar de momentos inolvidables junto al mar. La vivienda destaca por su gran luminosidad y su distribución funcional y cómoda. Ofrece un amplio salón-comedor con acceso directo a una terraza con vistas frontales al mar, perfecta para relajarse o disfrutar de comidas al aire libre con el sonido de las olas de fondo. La cocina, moderna y completamente equipada, está integrada en el salón, creando un espacio abierto y acogedor. Dispone de tres dormitorios: uno principal tipo suite, dos dobles y una habitación simple actualmente utilizada como vestidor. Además, cuenta con tres baños: uno en suite, otro completo y un aseo de cortesía. Toda la vivienda se ha mantenido con esmero, transmitiendo una atmósfera cálida y confortable. Incluye una plaza de garaje (coche y moto) y un trastero. La finca cuenta con ascensor y se encuentra rodeada de todos los servicios, como restaurantes, comercios y transporte público, lo que garantiza una excelente calidad de vida. Una oportunidad única para vivir cada día frente al mar. Vistas espectaculares y ubicación inmejorable. ¡Ven a visitarlo y déjate enamorar por su encanto costero! Blanes es una ciudad turística muy conocida por el concurso de fuegos artificiales durante el festival de Santa Anna en verano. Durante la semana hay más actividades organizadas por el ayuntamiento, ya que es una semana de festividades en Blanes.  Otros lugares de interés son las preciosas calas de Blanes y la Costa Brava, las fantásticas playas y los jardines botánicos, como el “Mar i Murtra”, que cubre casi 15 hectáreas e incluye más de 4000 especies diferentes de plantas.  La ciudad ofrece un sinfín de actividades y clubs deportivos, entre ellos el renombrado Club de Vela Blanes, uno de los más importantes clubs de vela de la Costa Brava.  El paseo marítimo es extenso y alberga varios restaurantes y bares. En todo el pueblo, de los 150 restaurantes especializados, donde encontrarán todo tipo de ofertas culinarias: catalana, italiana, holandesa, griega, china, etc. La población de Blanes se encuentra a tan solo 1 hora del aeropuerto de Barcelona y a unos 40 min del aeropuerto de Girona.  Si desea comprar o vender alguna casa en la Costa Brava no dude en ponerse en contacto con Engel & Völkers Costa Brava Sud. ",0,1,Engel & Völkers Costa Brava Sud,3,1992.0,0,1,1,0,0,0,0,0,4,1,2,0,1,0,0,0,0,0,0,0,0,0,1,4335.260115606937,1.3333333333333333,2,Centre
107937077,https://www.idealista.com/inmueble/107937077/,Piso en venta en avenida del Mediterrani,180000,127,3,avinguda del mediterrani,41.66644474205677,2.7795398720528883,2025-04-16," Vivienda de 127 m² en venta situada en la localidad de Blanes, provincia de Girona. Construida en 2006, se trata de un piso con una superficie de 127 m² y distribuida en salón, cocina amueblada, terraza, 3 dormitorios y 2 baños. Las comunicaciones son buenas, con paradas de autobús próximas con las líneas L53 y L2 y mediante los accesos viarios GI-6831, GI-682, BV-6002 y BV-6001. La zona dispone de equipamiento variado, supermercados, restaurantes, oficina bancaria, polideportivo, la playa, el puerto, etc. Con los servicios de Solvia podrá encontrar la vivienda que necesita. Empiece ahora mismo pidiendo más información. Un responsable cercano a usted le atenderá personalmente. ",0,1,Solvia HR,2,1985.5,0,0,0,1,0,0,1,0,4,2,1,0,0,0,1,0,0,0,0,0,0,0,1,1417.3228346456692,1.5,2,Els Pins
84716958,https://www.idealista.com/inmueble/84716958/,Casa o chalet independiente en venta en Cala Sant Francesc - Santa Cristina,695000,150,3,carrer de la cala,41.681468384042,2.8031333530036924,2025-03-27," Exclusiva villa en venta en la tranquila zona residencial de Santa Cristina - Blanes, a pocos pasos de la playa. Esta vivienda de tres plantas cuenta con ascensor y ofrece vistas al mar y a una zona verde. Con licencia turística, la propiedad incluye una piscina, jardín, y un amplio garaje a pie de calle. En excelente estado y lista para habitar, la propiedad dispone de un luminoso recibidor con acceso al ascensor, un gran salón en la primera planta a dos espacios con terraza y chimenea, una cocina totalmente equipada, y una habitación doble exterior con baño completo.  La segunda planta alberga dos habitaciones en suite con baño privado y un aseo de cortesía. Una de ellas con un amplio vestidor y salida a terraza exterior. En la parte superior, se encuentra una amplia piscina y un bonita zona exterior con magníficas vistas. Villa de muy buenas calidades y muy cuidada, en una zona perfecta para disfrutar de la calma y del mar. Villa con licencia turística que permite rentabilizarla.  ¡Contáctanos para más detalles y una visita!  ref: 0918. ",0,1,Mandarina Houses,4,2001.0,1,0,1,0,0,0,1,0,3,3,21,1,0,0,0,0,0,0,0,1,0,0,0,4633.333333333333,0.75,3,Cala Sant Francesc - Santa Cristina
107322861,https://www.idealista.com/inmueble/107322861/,Piso en venta en Els Pins,186000,54,1,carrer vila de paris,41.66407367300141,2.783408558724116,2025-04-16,"  Apartamento con espectacular zona comunitaria. VENTA EN EXCLUSIVA en Finques Tarradellas  Ubicado en la deseada zona de Els Pins, este luminoso y acogedor apartamento es una oportunidad excepcional para quienes buscan confort, tranquilidad y proximidad al mar. Con una superficie total de 54 m², esta vivienda destaca por su ubicación y por su moderna y cuidada zona comunitaria, ideal para disfrutar de un estilo de vida relajado y exclusivo.  Características de la vivienda:  1 habitación doble, amplia y luminosa con salida a terraza.  1 baño completo exterior, funcional y cómodo.  Cocina abierta, integrada al salón, perfecta para aprovechar el espacio.  Comedor de 19 m², espacioso y con mucha luz natural, exterior a terraza.  Aire acondicionado y calefacción, para su máximo confort en cualquier estación.  Terraza de 9 m² con vistas al mar, ideal para relajarse y disfrutar del buen clima.  Impresionante zona comunitaria:  Gran piscina con jacuzzi, perfecta para refrescarse y relajarse.  Extensas zonas ajardinadas, muy bien cuidadas, creando un entorno verde y agradable con salida directa a la playa.  Moderno y elegante recinto comunitario, diseñado para disfrutar del máximo confort.  Accesos bien mantenidos y seguros, con video portero.  Orientación suroeste, disfrutando de sol gran parte del día.  Edificio con 3 ascensores, garantizando comodidad y accesibilidad.  Ubicación inmejorable: A tan solo un minuto de la playa de S’Abanell, este apartamento le permitirá disfrutar de un entorno privilegiado con una amplia oferta de servicios en Els Pins, como comercios, restaurantes, instalaciones deportivas y muy cerquita, el Club de Tenis de Blanes.  No deje escapar esta oportunidad, contáctenos para más información y concertar una visita. En cumplimiento de la ley 3/2917 del 13 de febrero de 2018 del Código civil de Cataluña, por el que se aprueba el Reglamento de Información al Consumidor en la compraventa y arrendamiento de viviendas en Cataluña, se informa al cliente que los gastos notariales, registrales e impuestos que le sean de aplicación (ITP o IVA AJD) y otros gastos inherentes a la compraventa, no están incluidos en el precio. ",0,1,FINQUES TARRADELLAS,1,2002.0,1,0,0,1,0,0,1,1,4,2,1,0,0,0,1,0,0,0,0,0,0,0,1,3444.4444444444443,1.0,4,Els Pins
106678281,https://www.idealista.com/inmueble/106678281/,"Dúplex en venta en calle Sant Bonós, 22",372000,82,2,"carrer sant bonós, 22",41.673397191328206,2.7888824786952617,2024-11-27," ¡Presentamos nueva promoción en Blanes! Residencial Sant Bonós ubicado en la mejor zona de Blanes. Edificio compuesto de 3 plantas incluido planta baja con viviendas de 1, 2 y 3 habitaciones incluido dúplex, amplios balcones en cada una de las viviendas, ascensor y plazas de parking subterráneo (no incluidas en el precio). PRECIO DESDE 181.250 € Las viviendas ofrecerán acabados de primera calidad. Esta promoción ofrecerá todas las comodidades que uno pueda desear, como las cocinas bien diseñadas, equipadas con horno, placa de inducción y campana extractora, sistema de aerotermia con aire acondicionado frío/calor por conductos en toda la vivienda y suelo de cerámica de máxima calidad. Ubicación perfecta, a 5 minutos de la playa, rodeada de servicios y a escasos minutos del paseo marítimo. Cuenta con buenas comunicaciones, con fácil acceso a la N-ll y C-32. En cumplimiento de la ley 3/2917 del 13 de febrero de 2018 del CODIGO CIVIL DE CATALUNYA, por el que se aprueba el Reglamento de Información al Consumidor en la compraventa y arrendamiento de viviendas en CATALUÑA, se informa al cliente que los gastos notariales, registrales e impuestos que le sean de aplicación ( ITP ó IVA + AJD ) y otros gastos inherentes a la compraventa no están incluidos en el precio. ",0,1,Blanes.com,2,1985.5,1,0,0,1,0,0,0,0,11,2,141,0,1,0,0,0,0,0,0,0,0,0,1,4536.585365853659,1.0,2,Centre
106678055,https://www.idealista.com/inmueble/106678055/,"Piso en venta en calle Sant Bonós, 22",286400,89,3,"carrer sant bonós, 22",41.673397191328206,2.7888824786952617,2024-11-27," ¡Presentamos nueva promoción en Blanes! Residencial Sant Bonós ubicado en la mejor zona de Blanes. Edificio compuesto de 3 plantas incluido planta baja con viviendas de 1, 2 y 3 habitaciones incluido dúplex, amplios balcones en cada una de las viviendas, ascensor y plazas de parking subterráneo (no incluidas en el precio). PRECIO DESDE 181.250 € Las viviendas ofrecerán acabados de primera calidad. Esta promoción ofrecerá todas las comodidades que uno pueda desear, como las cocinas bien diseñadas, equipadas con horno, placa de inducción y campana extractora, sistema de aerotermia con aire acondicionado frío/calor por conductos en toda la vivienda y suelo de cerámica de máxima calidad. Ubicación perfecta, a 5 minutos de la playa, rodeada de servicios y a escasos minutos del paseo marítimo. Cuenta con buenas comunicaciones, con fácil acceso a la N-ll y C-32. En cumplimiento de la ley 3/2917 del 13 de febrero de 2018 del CODIGO CIVIL DE CATALUNYA, por el que se aprueba el Reglamento de Información al Consumidor en la compraventa y arrendamiento de viviendas en CATALUÑA, se informa al cliente que los gastos notariales, registrales e impuestos que le sean de aplicación ( ITP ó IVA + AJD ) y otros gastos inherentes a la compraventa no están incluidos en el precio. ",0,1,Blanes.com,2,1985.5,1,0,0,1,0,0,0,0,11,2,141,0,1,0,0,0,0,0,0,0,0,0,1,3217.9775280898875,1.5,2,Centre
106678262,https://www.idealista.com/inmueble/106678262/,"Piso en venta en calle Sant Bonós, 22",263600,58,2,"carrer sant bonós, 22",41.673397191328206,2.7888824786952617,2024-11-27," ¡Presentamos nueva promoción en Blanes! Residencial Sant Bonós ubicado en la mejor zona de Blanes. Edificio compuesto de 3 plantas incluido planta baja con viviendas de 1, 2 y 3 habitaciones incluido dúplex, amplios balcones en cada una de las viviendas, ascensor y plazas de parking subterráneo (no incluidas en el precio). PRECIO DESDE 181.250 € Las viviendas ofrecerán acabados de primera calidad. Esta promoción ofrecerá todas las comodidades que uno pueda desear, como las cocinas bien diseñadas, equipadas con horno, placa de inducción y campana extractora, sistema de aerotermia con aire acondicionado frío/calor por conductos en toda la vivienda y suelo de cerámica de máxima calidad. Ubicación perfecta, a 5 minutos de la playa, rodeada de servicios y a escasos minutos del paseo marítimo. Cuenta con buenas comunicaciones, con fácil acceso a la N-ll y C-32. En cumplimiento de la ley 3/2917 del 13 de febrero de 2018 del CODIGO CIVIL DE CATALUNYA, por el que se aprueba el Reglamento de Información al Consumidor en la compraventa y arrendamiento de viviendas en CATALUÑA, se informa al cliente que los gastos notariales, registrales e impuestos que le sean de aplicación ( ITP ó IVA + AJD ) y otros gastos inherentes a la compraventa no están incluidos en el precio. ",0,1,Blanes.com,1,1985.5,1,0,0,1,0,0,0,0,11,2,141,0,1,0,0,0,0,0,0,0,0,0,1,4544.827586206897,2.0,2,Centre
106678255,https://www.idealista.com/inmueble/106678255/,"Dúplex en venta en calle Sant Bonós, 22",449800,105,3,"carrer sant bonós, 22",41.673397191328206,2.7888824786952617,2024-11-27," ¡Presentamos nueva promoción en Blanes! Residencial Sant Bonós ubicado en la mejor zona de Blanes. Edificio compuesto de 3 plantas incluido planta baja con viviendas de 1, 2 y 3 habitaciones incluido dúplex, amplios balcones en cada una de las viviendas, ascensor y plazas de parking subterráneo (no incluidas en el precio). PRECIO DESDE 181.250 € Las viviendas ofrecerán acabados de primera calidad. Esta promoción ofrecerá todas las comodidades que uno pueda desear, como las cocinas bien diseñadas, equipadas con horno, placa de inducción y campana extractora, sistema de aerotermia con aire acondicionado frío/calor por conductos en toda la vivienda y suelo de cerámica de máxima calidad. Ubicación perfecta, a 5 minutos de la playa, rodeada de servicios y a escasos minutos del paseo marítimo. Cuenta con buenas comunicaciones, con fácil acceso a la N-ll y C-32. En cumplimiento de la ley 3/2917 del 13 de febrero de 2018 del CODIGO CIVIL DE CATALUNYA, por el que se aprueba el Reglamento de Información al Consumidor en la compraventa y arrendamiento de viviendas en CATALUÑA, se informa al cliente que los gastos notariales, registrales e impuestos que le sean de aplicación ( ITP ó IVA + AJD ) y otros gastos inherentes a la compraventa no están incluidos en el precio. ",0,1,Blanes.com,2,1985.5,1,0,0,1,0,0,0,0,11,2,141,0,1,0,0,0,0,0,0,0,0,0,1,4283.809523809524,1.5,2,Centre
107935694,https://www.idealista.com/inmueble/107935694/,Chalet adosado en venta en Mont Ferrant - Sant Joan,445000,198,4,"carrer de santa bàrbara, 37-33",41.67704962078834,2.792189439337077,2025-04-15,"  Casa adosada en venta en el prestigioso barrio de Mont-Ferrant – Blanes FINQUES TARRADELLAS tiene el placer de presentarles esta encantadora vivienda situada en una de las zonas más apreciadas de Blanes: Mont-Ferrant, un entorno residencial tranquilo, bien comunicado y con todos los servicios al alcance. Con una superficie total de 198 m² construidos (188 m² útiles), esta propiedad se encuentra en muy buen estado de conservación, parcialmente reformada y lista para entrar a vivir, perfecta como residencia habitual o segunda vivienda.  Características principales:  4 dormitorios (3 dobles y 1 individual)  2 baños completos +  1 aseo de cortesía  Acogedor salón-comedor con chimenea, ideal para los meses más fríos  Cocina equipada  Aire acondicionado con 4 splits repartidos por la casa.   Calefacción a gas natural  Terraza de 20 m², perfecta para disfrutar del aire libre  Planta baja con garaje privado para dos vehículos  Zona diáfana polivalente en planta baja: espacio ideal para trastero, zona de juegos, gimnasio o despacho  Vivienda muy cuidada, con una reforma parcial realizada con gusto  Orientación al emblemático Castillo de Sant Joan, uno de los puntos más reconocibles de Blanes, que le proporciona sol durante todo el día.  La propiedad está ubicada cerca de espacios naturales ideales para paseos y senderismo, así como del Hospital Comarcal, colegios, comercios y del Centro de Estudios Avanzados de Blanes. No dude en contactar con FINQUES TARRADELLAS para obtener más información o concertar una visita sin compromiso. Estaremos encantados de atenderle. En cumplimiento de la ley 3/2017 del 13 de febrero del Código Civil de Cataluña, se informa que los gastos notariales, registrales, impuestos (ITP o IVA + AJD) y otros gastos asociados a la compraventa no están incluidos en el precio. ",0,1,FINQUES TARRADELLAS,3,1988.0,1,0,0,0,0,0,0,1,4,1,2,0,0,0,0,0,1,0,0,1,0,0,0,2247.4747474747473,1.3333333333333333,2,Mont Ferrant - Sant Joan
96978683,https://www.idealista.com/inmueble/96978683/,Piso en venta en calle Giralda,170000,148,3,carrer giralda,41.68704429193721,2.793215186782857,2025-04-08," Piso OCUPADO en Blanes, Girona. Dispone de una superficie de 154 m² distribuidos en dos plantas. La planta baja se distribuye en el salón-comedor, 1 habitación, cocina, un baño y terraza. La planta semisótano se distribuye en salón, 2 habitaciones y terraza. Dispone de ascensor. Situado en una zona muy tranquila con fácil acceso a la GI-682. Superf. 148 m², 3 habitaciones (2 dobles, 1 individual), 2 baños, cocina, comedor, terraza, ascensor, calefacción, portero automático, agua, luz, gas, exterior, soleado, Sin muebles, Estado certificación: Disponible, Consumo de energía (E), Emisiones (E). Actualmente, no es posible realizar visitas al interior del inmueble. Las fotografías pueden no reflejar el estado actual de la propiedad. El precio del inmueble ha sido fijado en atención a que el inmueble se adquiera por el comprador en estado de ocupado por lo que no aplicaría dicho precio si en el momento de formalización de la escritura pública el inmueble se encontrara libre de ocupantes. ",1,1,Cathabitat,2,1985.5,1,0,0,1,0,0,0,0,4,1,9,0,0,0,0,0,0,1,0,0,0,0,1,1148.6486486486488,1.5,2,Semicentre
107813939,https://www.idealista.com/inmueble/107813939/,Chalet adosado en venta en calle de Raval,355000,195,4,carrer de raval,41.67651690114528,2.7922850047117125,2025-04-05," **Casa adosada en el corazón de Blanes - ¡Una oportunidad única! ** Descubre esta encantadora casa de pueblo situada en una ubicación privilegiada, justo detrás de la iglesia en el centro de Blanes. Con un diseño funcional y acogedor, esta propiedad de 195 m² construidos ofrece un espacio ideal para disfrutar de la vida en familia. En la planta de entrada, se encuentra una habitación versátil que puede servir como despacho o dormitorio, además de un práctico aseo de cortesía.  El gran garaje tiene capacidad para dos coches y motos, asegurando comodidad y seguridad. En la primera planta, el luminoso salón-comedor invita a relajarse, mientras que la cocina independiente y el lavadero facilitan las tareas del día a día. Un dormitorio doble y un baño completo con ducha completan esta planta, ofreciendo todo lo necesario para el confort familiar. Subiendo a la segunda planta, encontrarás dos dormitorios adicionales, perfectos para los más pequeños o como espacios de invitados. También hay una habitación sin ventana que podría transformarse en un baño adicional, y una amplia terraza solárium donde disfrutar del sol y las vistas. La tercera planta cuenta con dos terrazas adicionales, ideales para momentos de relax al aire libre. Con calefacción de gas natural y armarios empotrados, esta casa se encuentra en buen estado pero necesita alguna actualización. Su orientación este-oeste garantiza luz natural durante todo el día. Además, está cerca de todos los servicios necesarios, haciendo de esta propiedad una opción perfecta para quienes buscan comodidad y calidad de vida en Blanes. ¡No dejes pasar esta oportunidad! En cumplimiento de la ley 3/2917 del 13 de febrero de 2018 del CODIGO CIVIL DE CATALUNYA, por el que se aprueba el Reglamento de Información al Consumidor en la compraventa y arrendamiento de viviendas en CATALUÑA, se informa al cliente que los gastos notariales, registrales e impuestos que le sean de aplicación ( ITP ó IVA + AJD ) y otros gastos inherentes a la compraventa no están incluidos en el precio. ",0,1,Blanes.com,2,1962.0,1,0,1,0,0,0,0,0,4,5,12,0,1,0,0,0,0,0,0,1,0,0,0,1820.5128205128206,2.0,2,Centre
107159194,https://www.idealista.com/inmueble/107159194/,Ático en venta en Semicentre,179500,80,3,"carrer anselm clavé,62",41.677296,2.7873864,2025-04-15," ATICO EN BLANES CON EXCELENTES VISTAS PANORAMICAS, Y 2 TERRAZAS. Espectacular vivienda situada en la planta mas alta de un edificio tranquilo, en el barrio de Mas Enlaire. Goza de unas vistas privilegiadas al mar, a la ciudad y también al castillo de Sant Joan. Se distribuye en varias estancias bien repartidas, entrando encontramos el salón, muy amplio con salida directa a la gran terraza, con trastero/lavadero. Al lado esta la cocina independiente, con cuarto despensa justo al lado de la misma, y con el acceso mediante una escalera de madera a una pequeña habitación altillo con balcón, desde la cual las vistas son mas espectaculares, y desde allí se accede a la segunda terraza, también muy grande. En la planta principal, entrando a la derecha, se sitúan 2 habitaciones mas mirando hacia el mar, el baño con bañera y un cómodo vestidor. Ven a visitarla y enamórate de su encanto costero!  VENGA A VERLO SIN COMPROMISO!  Solicite más información en MMV lloguers i vendes.  Compra venta y alquileres con transparencia y seriedad.  En cumplimiento de la ley 3/2917 del 13 de febrero de 2018 del CODIGO CIVIL DE CATALUNYA, por el que se aprueba el Reglamento de Información al Consumidor en la compraventa y arrendamiento de viviendas en CATALUÑA, se informa al cliente que los gastos notariales, registrales e impuestos que le sean de aplicación (ITP ó IVA + AJD) y otros gastos inherentes a la compraventa no están incluidos en el precio. ",0,1,IMMOBILIARIA MMV Lloguers i Vendes.,1,1972.0,1,0,0,0,0,0,0,0,4,1,2,0,0,0,0,0,0,1,0,0,0,0,1,2243.75,3.0,1,Semicentre
107931871,https://www.idealista.com/inmueble/107931871/,Piso en venta en Els Pins,320000,100,3,carrer vila de paris,41.66407367300141,2.783408558724116,2025-04-16," piso reformado en primera linea de mar, con PARQUING PARA COCHE Y MOTO y TRASTERO INCLUIDO EN EL PRECIO, edificio con piscina y jardin comunitario, ascensor, calefaccion de gas, ventanas de aluminio, consta de un salon-comedor amplio con salida a terraza con vistas increibles al mar, cocina independiente y equipada, 3 habitaciones, dos de ellas con salida a balcon, con orientacion a Blanes y vistas unicas, dos baños con plato de ducha, suelo de gres, muy soleado, ideal para sus vacaciones. En cumplimiento de la ley 3/2917 del 13 de febrero de 2018 del CODIGO CIVIL DE CATALUNYA, por el que se aprueba el Reglamento de Información al Consumidor en la compraventa y arrendamiento de viviendas en CATALUÑA, se informa al cliente que los gastos notariales, registrales e impuestos que le sean de aplicación ( ITP ó IVA + AJD ) y otros gastos inherentes a la compraventa no están incluidos en el precio [IW]. ",0,1,FINGEST BLANES,2,1979.0,1,0,1,1,0,0,1,0,4,2,1,0,0,0,1,0,0,0,0,0,0,0,1,3200.0,1.5,4,Els Pins
107775085,https://www.idealista.com/inmueble/107775085/,Piso en venta en avenida Catalunya,75000,83,3,avinguda catalunya,41.68368089969945,2.7928017639573333,2025-04-12," oportunidad inmueble sin posesión, no se puede visitar, propio para  inversores o vecinos que conozcan el inmueble. Disponemos de una amplia cartera de inmuebles sin posesión en Madrid y en toda España. Cataluña (en catalán: Catalunya; en aranés: Catalonha) es una comunidad autónoma de España, que está considerada nacionalidad histórica en su Estatuto de Autonomía. 1 Situada en el noreste de la península ibérica, ocupa un territorio de unos 32 000 km² que limita al norte con Andorra y la región francesa de Occitania (Alto Garona, Ariège y Pirineos Orientales), al oriente con el mar Mediterráneo a lo largo de una franja marítima de unos 580 kilómetros, 5 al sur con la Comunidad Valenciana (Castellón) y al occidente con Aragón (Teruel, Zaragoza y Huesca). Esta situación estratégica ha favorecido una relación muy intensa con los territorios de la cuenca mediterránea y con la Europa continental. Cataluña está formada por las provincias de Barcelona, Gerona, Lérida y Tarragona. Su capital es la ciudad de Barcelona. A 1 de noviembre de 2023, en el territorio catalán habitaban 8 005 784 personas67 en un total de 947 municipios de los cuales 69 superan los 20 000 habitantes (en los que vive el 71 % de la población catalana). Dos tercios de la población viven en el ámbito metropolitano de Barcelona, que es la quinta aglomeración urbana de la Unión Europea, siendo también la más densamente poblada. 8910La comunidad está altamente industrializada, y su economía es la segunda entre las comunidades autónomas, al generar el 19,0 % del producto interior bruto (PIB) español, solo superada por la Comunidad de Madrid. Respecto al PIB per cápita, se sitúa en cuarta posición, tras la Comunidad de Madrid, el País Vasco y Navarra. 11. ",0,1,INMOGESTION ESPAÑA,1,1985.5,0,0,0,0,1,0,0,0,4,5,5,0,0,0,1,0,0,0,0,0,0,0,1,903.6144578313254,3.0,0,Els Pins
107031846,https://www.idealista.com/inmueble/107031846/,Chalet pareado en venta en calle de les Guilleries,140000,89,3,carrer de les guilleries,41.67176524464972,2.7821273632430787,2025-03-17," ¡Descubre tu nuevo hogar en Blanes! Te presentamos esta encantadora casa pareada ubicada en la tranquila Calle Guilleries. Con una superficie total de 90 metros cuadrados, esta propiedad independiente te ofrece un espacio acogedor y versátil para adaptarlo a tus necesidades. Dispone de tres dormitorios luminosos y un baño, ideal para familias o parejas que buscan su primer hogar. La casa, de segunda mano, está lista para ser reformada a tu gusto, permitiéndote personalizar cada rincón. Situada en una parcela de 117 m², tendrás espacio suficiente para disfrutar del aire libre. Su orientación norte y este garantiza luz natural durante gran parte del día. No dejes pasar la oportunidad de visitar esta propiedad sin compromiso y descubrir todo su potencial. ¡Tu futuro hogar en Blanes te está esperando! Solicite más información en LLORETDEMAR. COM y BLANES. COM PUNT IMMOBILIARI. El equipo comercial más amplio de la Costa Brava Sur. Compra y venda con transparencia y seguridad. En cumplimiento de la ley 3/2917 del 13 de febrero de 2018 del CÓDIGO CIVIL DE CATALUNYA, por el que se aprueba el Reglamento de Información al Consumidor en la compraventa y arrendamiento de viviendas en CATALUÑA, se informa al cliente que los gastos notariales, registrales e impuestos que le sean de aplicación ( ITP ó IVA + AJD ) y. ",0,1,Blanes.com,1,1985.5,0,0,0,0,1,0,0,0,3,0,31,0,0,1,0,0,0,0,0,1,0,0,0,1573.0337078651685,3.0,0,Els Pavos
99854554,https://www.idealista.com/inmueble/99854554/,Casa o chalet independiente en venta en Forn,350000,284,7,carrer forn,41.674820356750885,2.7922938709593073,2025-02-01," Blanes. com os presenta esta casa en el casco antiguo de Blanes en una segunda linea de mar. La casa consta de 4 plantas. En planta baja nos encontramos con un salón y un local. En la primera planta 3 dormitorios, dos de ellos dobles con cuarto de baño en suite, salida a balcón y un dormitorio individual. En la segunda planta un dormitorio triple, un dormitorio doble con cuarto de baño y otro individual. En la tercera planta salón comedor con salida a balcón, cocina independiente, un dormitorio doble y un baño. En la ultima planta dos grandes terrazas con lavadero. Calefacción de gas natural. La casa tiene muchas posiblidades se puede hacer varias viviendas para alquilar o dos viviendas independientes para dos familias. En cumplimiento de la ley 3/2917 del 13 de febrero de 2018 del CODIGO CIVIL DE CATALUNYA, por el que se aprueba el Reglamento de Información al Consumidor en la compraventa y arrendamiento de viviendas en CATALUÑA, se informa al cliente que los gastos notariales, registrales e impuestos que le sean de aplicación ( ITP ó IVA + AJD ) y otros gastos inherentes a la compraventa no están incluidos en el precio. ",0,1,Blanes.com,4,1974.0,1,0,0,0,1,0,0,0,2,5,75,0,1,0,0,0,0,0,0,1,0,0,0,1232.394366197183,1.75,1,Centre
107187722,https://www.idealista.com/inmueble/107187722/,Piso en venta en calle de l'Abat Escarré,220000,120,3,carrer de l'abat escarré,41.68126975816681,2.794739749269475,2025-03-04," ¡Descubre tu nuevo hogar en este piso exclusivo reformado! Ubicado en una zona tranquila, este espacioso piso de 120 m² construidos y 100 m² útiles ofrece un diseño moderno y funcional. Disfruta de tres dormitorios exteriores con acceso directo a un balcón, perfectos para aprovechar la luz natural. El salón comedor, con cocina abierta y lavadero, se convierte en el espacio ideal para compartir momentos inolvidables.  Además, cuenta con dos baños equipados con plato de ducha y radiador toallero. Las calidades de este piso son excepcionales: persianas y ventanas basculantes, calefacción de gas natural y aire acondicionado para asegurar el máximo confort durante todo el año. Incluye una plaza de parking en el precio, con la posibilidad de adquirir una segunda. La orientación sur-este garantiza luminosidad durante todo el día, mientras que la terraza ofrece un rincón perfecto para relajarse al aire libre. Construido en 1978, este piso de segunda mano se encuentra en buen estado y cuenta con armarios empotrados, y una clase energética E. No dejes pasar esta oportunidad única de vivir en un espacio que combina comodidad y estilo. ¡Ven a visitarlo y enamórate de tu futuro hogar! En cumplimiento de la ley 3/2917 del 13 de febrero de 2018 del CODIGO CIVIL DE CATALUNYA, por el que se aprueba el Reglamento de Información al Consumidor en la compraventa y arrendamiento de viviendas en CATALUÑA, se informa al cliente que los gastos notariales, registrales e impuestos que le sean de aplicación ( ITP ó IVA + AJD ) y otros gastos inherentes a la compraventa no están incluidos en el precio. ",0,1,Blanes.com,2,1978.0,0,1,1,0,0,0,0,1,3,1,44,0,0,0,0,0,1,0,0,0,0,0,1,1833.3333333333333,1.5,3,Mont Ferrant - Sant Joan
107354582,https://www.idealista.com/inmueble/107354582/,"Piso en venta en calle de Mas Marot, 5",129500,55,1,"carrer de mas marot, 5",41.67845904943707,2.78733109033643,2025-04-12," ¡OPORTUNIDAD! Estupendo apartamento muy acogedor y luminoso de 1 dormitorio en la zona del mercado municipal. Sus 40 m2 útiles están perfectamente aprovechados ya que tiene una distribución muy práctica sin pasillos. Dispone de salón comedor con salida a terraza grande con vistas despejadas, dormitorio de matrimonio muy amplio, cocina independiente y totalmente equipada con ventana que comunica con el comedor, baño grande con bañera y una pequeña despensa para la lavadora. El piso tiene orientación sur, lo que le otorga a la vivienda una gran calidez y luminosidad. Tiene la carpintería de aluminio y el suelo de gres. La calefacción es radial. Está recién pintado y listo para entrar a vivir. La finca está muy bien conservada, dispone de ascensor y no tiene escalones, por lo que es ideal para personas con movilidad reducida.  Es un piso perfecto para parejas, ubicado en una zona inmejorable y rodeado de todos los servicios, supermercados, centro de salud, mercado municipal y a 2 minutos del centro. ¡No te pierdas esta oportunidad! ",0,1,Finques Muralla,1,1997.0,1,0,0,1,0,0,0,0,4,5,5,0,0,0,0,0,0,1,0,0,0,0,1,2354.5454545454545,1.0,2,Semicentre
107352270,https://www.idealista.com/inmueble/107352270/,"Piso en venta en avenida La Pau, 33",310000,105,3,"avinguda la pau, 33",41.68041759140715,2.7904104041318325,2025-03-01," Sa Forcanera es una promoción de obra nueva formada por 25 viviendas a Blanes, a la zona del Plan parcial Costa Brava/Avenida de la Pau, junto a la Escuela Sa Forcanera, y a 5 minutos a pie del Centro de Blanes, Mercado municipal, y establecimientos de suministras y servicios (Decathlon, Casa Ametller, Consum, Aldi, etc…). Se trata de una promoción con viviendas de 3 y 4 dormitorios, balcones y terrazas, distribución funcional y luz natural. Además, el edificio dispondrá de un alto nivel de calificación energética, lo cual permitirá beneficiarse de un mayor ahorro en las facturas de suministras, mayor confort térmico, acústico, luminoso y, a la vez, reducirá las emisiones de CO₂ para proteger nuestro planeta. Destacan las viviendas en planta baja y planta ático con amplias terrazas, de hasta 238 m². Sa Forcanera se completa con locales comerciales en planta baja y plazas de aparcamiento a la planta sótano del edificio con acceso directo con ascensor a las diferentes plantas de las viviendas. La nueva promoción de viviendas de Grup Camps Esqueu se encuentra en una de las mejores zonas de Blanes, a pocos minutos de las playas y del centro del municipio. Con una ubicación excelente, esta promoción ofrece la combinación perfecta entre la tranquilidad de un entorno residencial y la proximidad a todos los servicios esenciales, incluyendo comercios, escuelas y zonas verdes. Además, su conexión con las principales vías de transporte facilita el acceso rápido tanto a la Costa Brava como Barcelona. En cumplimiento de la ley 3/2917 del 13 de febrero de 2018 del CODIGO CIVIL DE CATALUNYA, por el que se aprueba el Reglamento de Información al Consumidor en la compraventa y arrendamiento de viviendas en CATALUÑA, se informa al cliente que los gastos notariales, registrales e impuestos que le sean de aplicación ( ITP ó IVA + AJD ) y otros gastos inherentes a la compraventa no están incluidos en el precio. ",0,1,Construccions Camps Esqueu Sa,2,1985.5,1,0,1,1,0,0,0,1,3,5,47,0,1,0,0,0,0,0,0,0,0,0,1,2952.3809523809523,1.5,4,Centre
107352254,https://www.idealista.com/inmueble/107352254/,"Piso en venta en avenida La Pau, 33",335000,113,4,"avinguda la pau, 33",41.68041759140715,2.7904104041318325,2025-03-01," Sa Forcanera es una promoción de obra nueva formada por 25 viviendas a Blanes, a la zona del Plan parcial Costa Brava/Avenida de la Pau, junto a la Escuela Sa Forcanera, y a 5 minutos a pie del Centro de Blanes, Mercado municipal, y establecimientos de suministras y servicios (Decathlon, Casa Ametller, Consum, Aldi, etc…). Se trata de una promoción con viviendas de 3 y 4 dormitorios, balcones y terrazas, distribución funcional y luz natural. Además, el edificio dispondrá de un alto nivel de calificación energética, lo cual permitirá beneficiarse de un mayor ahorro en las facturas de suministras, mayor confort térmico, acústico, luminoso y, a la vez, reducirá las emisiones de CO₂ para proteger nuestro planeta. Destacan las viviendas en planta baja y planta ático con amplias terrazas, de hasta 238 m². Sa Forcanera se completa con locales comerciales en planta baja y plazas de aparcamiento a la planta sótano del edificio con acceso directo con ascensor a las diferentes plantas de las viviendas. La nueva promoción de viviendas de Grup Camps Esqueu se encuentra en una de las mejores zonas de Blanes, a pocos minutos de las playas y del centro del municipio. Con una ubicación excelente, esta promoción ofrece la combinación perfecta entre la tranquilidad de un entorno residencial y la proximidad a todos los servicios esenciales, incluyendo comercios, escuelas y zonas verdes. Además, su conexión con las principales vías de transporte facilita el acceso rápido tanto a la Costa Brava como Barcelona. En cumplimiento de la ley 3/2917 del 13 de febrero de 2018 del CODIGO CIVIL DE CATALUNYA, por el que se aprueba el Reglamento de Información al Consumidor en la compraventa y arrendamiento de viviendas en CATALUÑA, se informa al cliente que los gastos notariales, registrales e impuestos que le sean de aplicación ( ITP ó IVA + AJD ) y otros gastos inherentes a la compraventa no están incluidos en el precio. ",0,1,Construccions Camps Esqueu Sa,2,1985.5,0,1,1,1,0,0,0,1,3,5,47,0,1,0,0,0,0,0,0,0,0,0,1,2964.6017699115046,2.0,4,Centre
107352271,https://www.idealista.com/inmueble/107352271/,"Piso en venta en avenida La Pau, 33",330000,113,4,"avinguda la pau, 33",41.68041759140715,2.7904104041318325,2025-03-01," Sa Forcanera es una promoción de obra nueva formada por 25 viviendas a Blanes, a la zona del Plan parcial Costa Brava/Avenida de la Pau, junto a la Escuela Sa Forcanera, y a 5 minutos a pie del Centro de Blanes, Mercado municipal, y establecimientos de suministras y servicios (Decathlon, Casa Ametller, Consum, Aldi, etc…). Se trata de una promoción con viviendas de 3 y 4 dormitorios, balcones y terrazas, distribución funcional y luz natural. Además, el edificio dispondrá de un alto nivel de calificación energética, lo cual permitirá beneficiarse de un mayor ahorro en las facturas de suministras, mayor confort térmico, acústico, luminoso y, a la vez, reducirá las emisiones de CO₂ para proteger nuestro planeta. Destacan las viviendas en planta baja y planta ático con amplias terrazas, de hasta 238 m². Sa Forcanera se completa con locales comerciales en planta baja y plazas de aparcamiento a la planta sótano del edificio con acceso directo con ascensor a las diferentes plantas de las viviendas. La nueva promoción de viviendas de Grup Camps Esqueu se encuentra en una de las mejores zonas de Blanes, a pocos minutos de las playas y del centro del municipio. Con una ubicación excelente, esta promoción ofrece la combinación perfecta entre la tranquilidad de un entorno residencial y la proximidad a todos los servicios esenciales, incluyendo comercios, escuelas y zonas verdes. Además, su conexión con las principales vías de transporte facilita el acceso rápido tanto a la Costa Brava como Barcelona. En cumplimiento de la ley 3/2917 del 13 de febrero de 2018 del CODIGO CIVIL DE CATALUNYA, por el que se aprueba el Reglamento de Información al Consumidor en la compraventa y arrendamiento de viviendas en CATALUÑA, se informa al cliente que los gastos notariales, registrales e impuestos que le sean de aplicación ( ITP ó IVA + AJD ) y otros gastos inherentes a la compraventa no están incluidos en el precio. ",0,1,Construccions Camps Esqueu Sa,2,1985.5,0,1,1,1,0,0,0,1,3,5,47,0,1,0,0,0,0,0,0,0,0,0,1,2920.353982300885,2.0,4,Centre
107352286,https://www.idealista.com/inmueble/107352286/,"Piso en venta en avenida La Pau, 33",338000,115,3,"avinguda la pau, 33",41.68041759140715,2.7904104041318325,2025-03-01," Sa Forcanera es una promoción de obra nueva formada por 25 viviendas a Blanes, a la zona del Plan parcial Costa Brava/Avenida de la Pau, junto a la Escuela Sa Forcanera, y a 5 minutos a pie del Centro de Blanes, Mercado municipal, y establecimientos de suministras y servicios (Decathlon, Casa Ametller, Consum, Aldi, etc…). Se trata de una promoción con viviendas de 3 y 4 dormitorios, balcones y terrazas, distribución funcional y luz natural. Además, el edificio dispondrá de un alto nivel de calificación energética, lo cual permitirá beneficiarse de un mayor ahorro en las facturas de suministras, mayor confort térmico, acústico, luminoso y, a la vez, reducirá las emisiones de CO₂ para proteger nuestro planeta. Destacan las viviendas en planta baja y planta ático con amplias terrazas, de hasta 238 m². Sa Forcanera se completa con locales comerciales en planta baja y plazas de aparcamiento a la planta sótano del edificio con acceso directo con ascensor a las diferentes plantas de las viviendas. La nueva promoción de viviendas de Grup Camps Esqueu se encuentra en una de las mejores zonas de Blanes, a pocos minutos de las playas y del centro del municipio. Con una ubicación excelente, esta promoción ofrece la combinación perfecta entre la tranquilidad de un entorno residencial y la proximidad a todos los servicios esenciales, incluyendo comercios, escuelas y zonas verdes. Además, su conexión con las principales vías de transporte facilita el acceso rápido tanto a la Costa Brava como Barcelona. En cumplimiento de la ley 3/2917 del 13 de febrero de 2018 del CODIGO CIVIL DE CATALUNYA, por el que se aprueba el Reglamento de Información al Consumidor en la compraventa y arrendamiento de viviendas en CATALUÑA, se informa al cliente que los gastos notariales, registrales e impuestos que le sean de aplicación ( ITP ó IVA + AJD ) y otros gastos inherentes a la compraventa no están incluidos en el precio. ",0,1,Construccions Camps Esqueu Sa,2,1985.5,0,0,1,1,0,1,0,1,3,5,47,0,1,0,0,0,0,0,0,0,0,0,1,2939.1304347826085,1.5,4,Centre
107352270,https://www.idealista.com/inmueble/107352270/,"Piso en venta en avenida La Pau, 33",310000,105,3,"avinguda la pau, 33",41.68041759140715,2.7904104041318325,2025-03-01," Sa Forcanera es una promoción de obra nueva formada por 25 viviendas a Blanes, a la zona del Plan parcial Costa Brava/Avenida de la Pau, junto a la Escuela Sa Forcanera, y a 5 minutos a pie del Centro de Blanes, Mercado municipal, y establecimientos de suministras y servicios (Decathlon, Casa Ametller, Consum, Aldi, etc…). Se trata de una promoción con viviendas de 3 y 4 dormitorios, balcones y terrazas, distribución funcional y luz natural. Además, el edificio dispondrá de un alto nivel de calificación energética, lo cual permitirá beneficiarse de un mayor ahorro en las facturas de suministras, mayor confort térmico, acústico, luminoso y, a la vez, reducirá las emisiones de CO₂ para proteger nuestro planeta. Destacan las viviendas en planta baja y planta ático con amplias terrazas, de hasta 238 m². Sa Forcanera se completa con locales comerciales en planta baja y plazas de aparcamiento a la planta sótano del edificio con acceso directo con ascensor a las diferentes plantas de las viviendas. La nueva promoción de viviendas de Grup Camps Esqueu se encuentra en una de las mejores zonas de Blanes, a pocos minutos de las playas y del centro del municipio. Con una ubicación excelente, esta promoción ofrece la combinación perfecta entre la tranquilidad de un entorno residencial y la proximidad a todos los servicios esenciales, incluyendo comercios, escuelas y zonas verdes. Además, su conexión con las principales vías de transporte facilita el acceso rápido tanto a la Costa Brava como Barcelona. En cumplimiento de la ley 3/2917 del 13 de febrero de 2018 del CODIGO CIVIL DE CATALUNYA, por el que se aprueba el Reglamento de Información al Consumidor en la compraventa y arrendamiento de viviendas en CATALUÑA, se informa al cliente que los gastos notariales, registrales e impuestos que le sean de aplicación ( ITP ó IVA + AJD ) y otros gastos inherentes a la compraventa no están incluidos en el precio. ",0,1,Construccions Camps Esqueu Sa,2,1985.5,1,0,1,1,0,0,0,1,3,5,47,0,1,0,0,0,0,0,0,0,0,0,1,2952.3809523809523,1.5,4,Centre
107352318,https://www.idealista.com/inmueble/107352318/,"Piso en venta en avenida La Pau, 33",325000,105,3,"avinguda la pau, 33",41.68041759140715,2.7904104041318325,2025-03-01," Sa Forcanera es una promoción de obra nueva formada por 25 viviendas a Blanes, a la zona del Plan parcial Costa Brava/Avenida de la Pau, junto a la Escuela Sa Forcanera, y a 5 minutos a pie del Centro de Blanes, Mercado municipal, y establecimientos de suministras y servicios (Decathlon, Casa Ametller, Consum, Aldi, etc…). Se trata de una promoción con viviendas de 3 y 4 dormitorios, balcones y terrazas, distribución funcional y luz natural. Además, el edificio dispondrá de un alto nivel de calificación energética, lo cual permitirá beneficiarse de un mayor ahorro en las facturas de suministras, mayor confort térmico, acústico, luminoso y, a la vez, reducirá las emisiones de CO₂ para proteger nuestro planeta. Destacan las viviendas en planta baja y planta ático con amplias terrazas, de hasta 238 m². Sa Forcanera se completa con locales comerciales en planta baja y plazas de aparcamiento a la planta sótano del edificio con acceso directo con ascensor a las diferentes plantas de las viviendas. La nueva promoción de viviendas de Grup Camps Esqueu se encuentra en una de las mejores zonas de Blanes, a pocos minutos de las playas y del centro del municipio. Con una ubicación excelente, esta promoción ofrece la combinación perfecta entre la tranquilidad de un entorno residencial y la proximidad a todos los servicios esenciales, incluyendo comercios, escuelas y zonas verdes. Además, su conexión con las principales vías de transporte facilita el acceso rápido tanto a la Costa Brava como Barcelona. En cumplimiento de la ley 3/2917 del 13 de febrero de 2018 del CODIGO CIVIL DE CATALUNYA, por el que se aprueba el Reglamento de Información al Consumidor en la compraventa y arrendamiento de viviendas en CATALUÑA, se informa al cliente que los gastos notariales, registrales e impuestos que le sean de aplicación ( ITP ó IVA + AJD ) y otros gastos inherentes a la compraventa no están incluidos en el precio. ",0,1,Construccions Camps Esqueu Sa,2,1985.5,0,1,1,1,0,0,0,1,3,5,47,0,1,0,0,0,0,0,0,0,0,0,1,3095.2380952380954,1.5,4,Centre
107352255,https://www.idealista.com/inmueble/107352255/,"Piso en venta en avenida La Pau, 33",330000,110,4,"avinguda la pau, 33",41.68041759140715,2.7904104041318325,2025-03-01," Sa Forcanera es una promoción de obra nueva formada por 25 viviendas a Blanes, a la zona del Plan parcial Costa Brava/Avenida de la Pau, junto a la Escuela Sa Forcanera, y a 5 minutos a pie del Centro de Blanes, Mercado municipal, y establecimientos de suministras y servicios (Decathlon, Casa Ametller, Consum, Aldi, etc…). Se trata de una promoción con viviendas de 3 y 4 dormitorios, balcones y terrazas, distribución funcional y luz natural. Además, el edificio dispondrá de un alto nivel de calificación energética, lo cual permitirá beneficiarse de un mayor ahorro en las facturas de suministras, mayor confort térmico, acústico, luminoso y, a la vez, reducirá las emisiones de CO₂ para proteger nuestro planeta. Destacan las viviendas en planta baja y planta ático con amplias terrazas, de hasta 238 m². Sa Forcanera se completa con locales comerciales en planta baja y plazas de aparcamiento a la planta sótano del edificio con acceso directo con ascensor a las diferentes plantas de las viviendas. La nueva promoción de viviendas de Grup Camps Esqueu se encuentra en una de las mejores zonas de Blanes, a pocos minutos de las playas y del centro del municipio. Con una ubicación excelente, esta promoción ofrece la combinación perfecta entre la tranquilidad de un entorno residencial y la proximidad a todos los servicios esenciales, incluyendo comercios, escuelas y zonas verdes. Además, su conexión con las principales vías de transporte facilita el acceso rápido tanto a la Costa Brava como Barcelona. En cumplimiento de la ley 3/2917 del 13 de febrero de 2018 del CODIGO CIVIL DE CATALUNYA, por el que se aprueba el Reglamento de Información al Consumidor en la compraventa y arrendamiento de viviendas en CATALUÑA, se informa al cliente que los gastos notariales, registrales e impuestos que le sean de aplicación ( ITP ó IVA + AJD ) y otros gastos inherentes a la compraventa no están incluidos en el precio. ",0,1,Construccions Camps Esqueu Sa,2,1985.5,0,1,1,1,0,0,0,1,3,5,47,0,1,0,0,0,0,0,0,0,0,0,1,3000.0,2.0,4,Centre
106530176,https://www.idealista.com/inmueble/106530176/,Casa o chalet independiente en venta en calle Mas Borinot,485000,240,3,carrer mas borinot,41.68969277211043,2.791433149904925,2025-04-02," TORRE EN RESIDENCIAL BLANES. Fantástica torre con piscina en la única urbanización de Blanes que es casco urbano, rodeada de zona verde, con transporte público, a 5 minutos en coche y 20 minutos a pie del centro de Blanes. La casa distribuida en 2 plantas consta de 200 m2. En la planta baja de entrada a la vivienda encontramos la cocina office totalmente equipada, el precioso salón comedor con chimenea y salida a terraza, 1 habitación suite con baño completo muy amplio, 1 habitación de matrimonio, 1 habitación individual y otro baño. Todo ello bañado de luz natural, ya que la casa es totalmente exterior y a 4 vientos. En la planta inferior encontramos una zona de lavandería y gran espacio de almacenaje con armarios, un garaje de 56 m2, un aseo con plato de ducha y un espectacular salón diáfano, totalmente acristalado de 50 m2 que comunica con la gran terraza. La finca de 400 m2 dispone de una preciosa piscina en el exterior, con zona de terraza y barbacoa.  Todo el exterior de la finca es de baldosa rústica de La Bisbal de la más alta calidad.  La casa dispone de calefacción de gas y cerramientos de aluminio con cerradura en toda la parte inferior. ",0,1,Finques Muralla,3,1997.0,1,0,1,0,0,0,1,0,4,2,15,0,0,0,0,0,0,0,1,1,0,0,0,2020.8333333333333,1.0,3,Urbanitzacions
101620157,https://www.idealista.com/inmueble/101620157/,"Casa o chalet independiente en venta en camino de Santa Cristina, 47",2000000,315,5,"carrer camino de santa cristina, 47",41.68073694570642,2.8053933238100295,2024-12-07," Descubre la magnífica villa rodeada de jardines botánicos en un entorno paradisíaco, equipada con lo último en tecnología domótica. Te presentamos esta maravillosa villa de diseño moderno, con impresionantes vistas panorámicas al mar, ubicada en la prestigiosa urbanización de Sta. Cristina, en Blanes. A pocos minutos de las fabulosas playas de Sta. Cristina y Treumal, esta propiedad es un verdadero tesoro en medio de exuberantes jardines botánicos. La distribución de esta propiedad es perfecta, con tres amplias plantas que te brindarán el espacio que necesitas. Pero lo que la hace aún más especial es su avanzado sistema de domótica, que te permitirá controlar y automatizar distintas funciones del hogar con facilidad. Con una superficie habitable aproximada de 264 m² y una superficie construida aproximada de 315 m², esta villa de estilo moderno ofrece un amplio espacio para disfrutar. Además, cuenta con un terreno de 922 m², donde podrás disfrutar de hermosos jardines y áreas al aire libre con zona chill-out. La villa se compone de 4 dormitorios en total de cuales una es suite completa y 5 baños, que garantizan comodidad y privacidad para toda la familia y los invitados. Además, cuenta con una terraza de 40 m², donde podrás relajarte y disfrutar de las vistas panorámicas. La propiedad está en excelente estado y cuenta con un garaje con capacidad para 3 vehículos, con instalación de carga para los coches eléctricos para la comodidad y seguridad para tu automóvil. En cuanto a la calefacción, la villa cuenta con suelo radiante, que ofrece una distribución uniforme del calor. Además, dispone de varias opciones de calefacción, incluyendo corriente eléctrica, gasoil, gas y solar, y sistema de aire acondicionado por conducción, para adaptarse a tus necesidades y preferencias. El revestimiento del suelo es de mármol y gres/cerámico, añadiendo un toque de elegancia y durabilidad a los espacios interiores. Además de todas estas características, la villa está equipada con tecnología domótica, que te permite controlar y programar diferentes aspectos del hogar, desde la iluminación hasta la seguridad, para brindarte una experiencia de vida moderna y cómoda. No pierdas la oportunidad de adquirir esta espectacular propiedad rodeada de jardines botánicos, donde podrás disfrutar de la tranquilidad y la belleza de la naturaleza en un entorno único, con la comodidad y la eficiencia que te ofrece esta magnífica propiedad. Año de construccion 2008  IBI: 3000 € al año  Para que ahorres tu tiempo, Sacosta inmobiliaria ha preparado para ti Virtual tour para que visites esta propiedad a traves de la pantalla de tu celular en instante sin moverte de tu casa. En cumplimiento de la Ley 3/2917 del 13 de febrero de 2018 del Código Civil de Cataluña, por el que se aprueba el Reglamento de información al Consumidor en la compraventa o alquiler de viviendas en Cataluña. Se informa al cliente que los gastos notariales, registrales e impuestos que le sean de aplicación (ITP o IVA + AJD) y otros gastos inherentes a la compraventa o alquiler, no están incluidos en el precio [IW]. ",0,1,Sacosta Inmobiliaria,5,2008.0,1,0,1,0,0,1,1,1,12,5,131,1,0,0,0,0,0,0,0,1,0,0,0,6349.206349206349,1.0,5,Cala Sant Francesc - Santa Cristina
107880797,https://www.idealista.com/inmueble/107880797/,Piso en venta en Centre,339000,140,3,carrer ample,41.67454693196272,2.791958077322335,2025-04-09," ¡Impresionante ático en venta en el centro de Blanes, a un paso de la playa! Te presentamos este espectacular ático de 90 m² ubicado en pleno centro de Blanes, rodeado de tiendas, restaurantes y a pocos metros del mar. Una oportunidad única para vivir con todas las comodidades y disfrutar del mejor ambiente de la Costa Brava. La vivienda cuenta con un amplio salón-comedor con salida directa a una increíble terraza de 50 m², ideal para relajarse, tomar el sol o compartir momentos al aire libre. La terraza dispone de ducha exterior y una pequeña piscina, perfecta para refrescarse en los días de verano. La cocina office, moderna y luminosa, está equipada con todos los electrodomésticos. Dispone de 3 habitaciones (2 dobles y 1 individual), todas con vistas al mar, y una de ellas con acceso directo a la terraza. Además, incluye un baño completo de 3 piezas con un amplio plato de ducha. Calidades: suelos de gres, ventanas de aluminio con doble acristalamiento (Climalit), calefacción y aire acondicionado. El edificio cuenta con ascensor. Un ático único, listo para entrar a vivir, que combina ubicación, vistas y confort. ¡Ven a verlo y enamórate! ",0,1,Versalles Inmobiliaria,1,1985.5,1,0,0,1,0,0,1,1,4,2,8,0,1,0,0,0,0,0,0,0,0,0,1,2421.4285714285716,3.0,4,Centre
84101157,https://www.idealista.com/inmueble/84101157/,Casa o chalet independiente en venta en calle Ferran Soldevila,1400000,520,5,carrer ferran soldevila,41.67821110562303,2.7952087854432226,2024-06-14," Casa en la falda de San Juan, con impresionantes vistas al mar y al Montseny, situada a unos 200 metros del centro, orientada al sur, que disfruta de la paz y tranquilidad de la zona. Con ciertas influencias palladianas, por la simetría y las proporciones, su estilo sobrio del exterior contrasta con la amplitud y luminosidad del interior. Consta de una amplia zona de día a la planta superior: recibidor, gran vestíbulo rodeado por la cocina, despensa, comedor, sala de estar, biblioteca, una habitación y un baño. Gran terraza. La escalera central lleva a la planta inferior, al porche y en la zona de descanso: vestíbulo, suite principal con baño y vestuario, 3 habitaciones con otro baño, dos distribuidores y lavandería con salida al exterior y una sala bajo el garaje. La casa tiene aperturas exteriores en todos los aposentos, es muy soleada y se puede disfrutar de unas fantásticas puestas de sol. El jardín está rodeado de diferentes tipos de árboles, arbustos y plantas para disfrutar de la jardinería.  . ",0,1,Comas Inmobiliaria Blanes,3,1991.0,0,1,0,0,0,0,1,1,6,4,307,0,0,0,0,0,1,0,0,1,0,0,0,2692.3076923076924,1.6666666666666667,3,Mont Ferrant - Sant Joan
107842441,https://www.idealista.com/inmueble/107842441/,"Piso en venta en avenida de l'Estació, 40",188500,87,3,"avinguda de l'estació, 40",41.67726267650865,2.7822737108265723,2025-04-05," Este espacioso piso, con una superficie útil de 78,87 m², cuenta con un luminoso salón-comedor, perfecto para disfrutar de momentos en familia y reuniones con amigos, con salida a balcón exterior. Dispone de una cocina independiente, de 3 dormitorios (uno doble y dos individuales), y 2 baños. La vivienda dispone de suelos de mármol, instalación de aire acondicionado conductado, cierres exteriores de aluminio lacadao blanco, y carpinteria interior de haya. El edificio construido en el año 2000, dispone de acceso adaptado y ascensor. Se requiere de adecuación para su óptima habitabilidad. ",0,1,FINCAHABITAT,2,2000.0,1,0,0,1,0,0,0,1,4,5,12,0,0,0,0,0,0,1,0,0,0,0,1,2166.6666666666665,1.5,3,Semicentre
107885071,https://www.idealista.com/inmueble/107885071/,Casa o chalet independiente en venta en calle Serrallarga,499000,330,4,carrer serrallarga,41.688240912058376,2.80583963972302,2025-04-15," Casa en buen estado y muy bien situada en zona muy tranquila de Blanes. Tiene 267 m2 de superficie útil, construida en el año 2007. Dispone de 4 habitaciones, 3 baños grandes, salón-comedor con buenas vistas y una cocina equipada. Jardín con patio grande que rodea toda la casa. Piscina privada. Es una oportunidad única de disponer de una casa bien comunicada, cerca de la población de Blanes, con todos los servicios incluidos y a un paso de Lloret de Mar. ",0,1,FINQUES MARÍN,3,2007.0,1,0,1,0,0,1,1,1,4,1,2,1,0,0,0,0,0,0,0,1,0,0,0,1512.121212121212,1.3333333333333333,5,Cala Sant Francesc - Santa Cristina
105521870,https://www.idealista.com/inmueble/105521870/,Casa o chalet independiente en venta en Cala Sant Francesc - Santa Cristina,1800000,350,5,carrer de la cala,41.681468384042,2.8031333530036924,2025-03-07," Encantadora villa con vistas al mar Magnífica propiedad con licencia turística y con impresionantes vistas a la Cala St. Francesc, uno de los lugares más pintorescos de La Costa Brava. La casa de unos 350m2 se ha construido en el año 1992 sobre una parcela de 1229m2 y consta en la planta principal de dos habitaciones y dos baños y de una cocina totalmente equipada. Desde las habitaciones se comunica a una terraza con impresionantes vistas al mar. En la planta superior hay otras dos habitaciones con salida a unas terrazas, 2 baños y otra cocina. En la parte inferior, al nivel de la piscina, hay otra habitación que sirve de cocina de verano y otro dormitorio, además existe otro estudio con un baño y una pequeña cocina, ideal para servicio o para invitados. La casa se reformó en los últimos años varias veces y está en impecable estado. Esta villa dispone de una licencia turística y por este motivo puede ser una gran inversión. Se comunica entre todas las plantas por una escalera o vía ascensor. Blanes es una ciudad que pertenece a la comarca de la Selva en Girona, Cataluña, España. Es conocida como la ""Puerta de entrada a la Costa Brava"". Su costa forma parte de la Costa Brava, que se extiende desde Blanes hasta la frontera francesa. El municipio es 18.29 km ². Blanes es una ciudad turística muy conocida por los ""concurs de focs d'artifici"" durante el ""festival de Santa Anna"", este evento es en realidad un concurso de fuegos artificiales, sin embargo, durante la semana hay otras actividades en la ciudad organizadas por el ayuntamiento, ya que es una semana de festividades en Blanes. Otros lugares de interés incluyen los jardines botánicos, calas, como la Cala Bona, y las playas que están rodeadas de montañas. Blanes se encuentra a tan solo 1 hora del aeropuerto de Barcelona y a unos 40 min. del aeropuerto de Girona. Uno de los jardines botánicos de Blanes es el Mar i Murtra, que cubre casi 15 hectáreas, incluye más de 4000 especies diferentes de plantas y es visitado por 300,000 personas cada año. Otro jardín es el de Pinya de Rosa, que consta de más de 7000 especies de plantas diferentes. La ciudad ofrece un sinfin de actividades, y clubs deportivos, entre ellos el renombrado club de vela Blanes, fundado en 1943, que a evolucionado desde entonces para convertirse en uno de los más importantes clubs de vela de la Costa Brava. ",0,1,Engel & Völkers Costa Brava Sud,6,1992.0,1,0,1,0,0,0,1,1,3,4,41,1,0,0,0,0,0,0,0,1,0,0,0,5142.857142857143,0.8333333333333334,4,Cala Sant Francesc - Santa Cristina
107059774,https://www.idealista.com/inmueble/107059774/,Piso en venta en plaza Medellín,120000,64,2,plaça medellín,41.667820573804775,2.7742319982362633,2025-04-01," Este encantador piso en venta se encuentra ubicado en el municipio de Blanes, en la zona de La Plantera. Situado en la cuarta planta, cuenta con una superficie total de 64 m² distribuidos en 1 habitación individual, 1 habitación doble, y 1 baño. Con una antigüedad entre 30 y 50 años, se encuentra en buen estado de conservación. Dispone de lavadero, terraza y es exterior. Además, cuenta con un nivel energético de emisiones E y un nivel energético de consumo E. ¡No pierdas la oportunidad de vivir en este acogedor piso en Blanes! ",0,1,"130 serveis immobilaris, s.l.",1,1977.0,1,0,0,1,0,0,0,0,4,1,16,0,0,0,0,1,0,0,0,0,0,0,1,1875.0,2.0,2,La Plantera
105530830,https://www.idealista.com/inmueble/105530830/,Casa o chalet independiente en venta en Cala Sant Francesc - Santa Cristina,1250000,455,4,carrer de la cala,41.681468384042,2.8031333530036924,2024-11-19," Amplio chalet en Cala Sant Francesc La casa está ubicada en Blanes, en una de las calas más bonitas de la Costa Brava. Cuenta con acogedoras estancias con mucha luz natural y excelentes acabados. Al entrar nos encontramos con un recibidor que nos conduce a las diferentes zonas de la vivienda. A mano derecha nos encontramos con un baño de cortesía y un amplio salón-comedor con chimenea, cocina abierta y acceso directo una amplia terraza que ofrece vistas a toda la zona del jardín dónde da el sol durante todo el día y en cualquier época del año. Tenemos la opción de subir a la primera planta tanto por una amplia escalera o por el ascensor. Dónde nos encontramos con 4 suites, todas ellas con su baño propio y vestidor y 2 con acceso directo a una terraza en la cual poder tomar el sol. Bajando al piso semisótano nos encontramos con un baño, una sauna y un amplio salón-sala de juegos seguido de un garaje. El salón tiene acceso directo a la terraza y al jardín.  La casa tiene calefacción con gasoil y radiadores de agua, además todas sus ventanas cuentan con doble acristalado y rotura de puente térmico que aísla de las temperaturas externas y del ruido. Ubicamos la propiedad en la Urbanización Cala Sant Francesc de Blanes, una zona de primer nivel y exclusividad al lado del centro urbano de la población con todo tipo de comercios y servicios a mano, pero al mismo tiempo es una zona muy tranquila dónde disfrutar de la paz y el confort.  Extras en la Urbanización: Piscina comunitaria, polideportivo, pista de pádel y tenis, vigilancia activa todo el año, plaza de parking exclusiva. Blanes es una ciudad turística muy conocida por el concurso de fuegos artificiales durante el festival de Santa Anna en verano. Durante la semana hay más actividades organizadas por el ayuntamiento, ya que es una semana de festividades en Blanes.  Otros lugares de interés son las preciosas calas de Blanes y la Costa Brava, las fantásticas playas y los jardines botánicos, como el “Mar i Murtra”, que cubre casi 15 hectáreas e incluye más de 4000 especies diferentes de plantas.  La ciudad ofrece un sinfín de actividades y clubs deportivos, entre ellos el renombrado Club de Vela Blanes, uno de los más importantes clubs de vela de la Costa Brava.  El paseo marítimo es extenso y alberga varios restaurantes y bares. En todo el pueblo, de los 150 restaurantes especializados, donde encontrarán todo tipo de ofertas culinarias. La población de Blanes se encuentra a tan solo 1 hora del aeropuerto de Barcelona y a unos 40 min del aeropuerto de Girona. ",0,1,Engel & Völkers Costa Brava Sud,6,1993.0,1,0,1,0,0,1,0,0,11,1,149,1,0,0,0,0,0,0,0,1,0,0,0,2747.252747252747,0.6666666666666666,3,Cala Sant Francesc - Santa Cristina
105520707,https://www.idealista.com/inmueble/105520707/,Casa o chalet independiente en venta en Cala Sant Francesc - Santa Cristina,2450000,450,11,carrer de la cala,41.681468384042,2.8031333530036924,2024-11-19," Villa al lado del Jardín botánico Marimurtra Espléndida villa en ubicación privilegiada de Blanes, en frente del famoso Jardín Botánico Marimurtra, rodeada de zona verde, con vistas espectaculares al mar, al puerto y sobre la villa de Blanes. Gracias a la ubicación cerca del jardín botánico la propiedad se encuentra en un microclima que permite tener siempre un ambiente agradable. La villa dispone de jardín llano en 3 niveles con un total de 2.500 m2, con árboles frutales, olivos y típicos de la zona mediterránea. Actualmente la propiedad de 450 m2 construidos en 2 plantas, está dividida en la casa principal y en 3 apartamentos adosados con las entradas independientes cada uno. Se puede reformar o hacer alguna reconstrucción a su gusto. La casa principal dispone de un recibidor, una cocina grande, un salón-comedor, una sala de estar con chimenea y con salida a una gran terraza de 50 m2 que rodea la esquina de la casa, abre las vistas al mar y da acceso al jardín. La planta de arriba tiene dos dormitorios, un cuarto de baño y una terraza de 20 m2. A través de la escalera se baja al sótano que está destinado al parking. Los tres apartamentos adosados son similares uno a otro. Cada uno tiene la entrada, cocina, salón con chimenea, terraza de 5 m2 y vistas al mar. Los apartamentos de la planta baja tienen 3 dormitorios, un cuarto de baño, aseo y una pequeña terraza con salida al jardín. Debajo de los apartamentos se encuentran los trasteros que sirven también como cámara de aire para el edificio. En la parcela se encuentra un porche para 4 aparcamientos. Debajo de la casa principal hay un garaje con capacidad para 5 coches. La vivienda tiene una torre de piedra, debajo de la cual hay un trastero, un lavadero y un baño con ducha. Blanes es una ciudad turística muy conocida por el concurso de fuegos artificiales durante el festival de Santa Anna en verano. Durante la semana hay más actividades organizadas por el ayuntamiento, ya que es una semana de festividades en Blanes.  Otros lugares de interés son las preciosas calas de Blanes y la Costa Brava, las fantásticas playas y los jardines botánicos, como el “Mar i Murtra”, que cubre casi 15 hectáreas e incluye más de 4000 especies diferentes de plantas.  La ciudad ofrece un sinfín de actividades y clubs deportivos, entre ellos el renombrado Club de Vela Blanes, uno de los más importantes clubs de vela de la Costa Brava.  El paseo marítimo es extenso y alberga varios restaurantes y bares. En todo el pueblo, de los 150 restaurantes especializados, donde encontrarán todo tipo de ofertas culinarias. La población de Blanes se encuentra a tan solo 1 hora del aeropuerto de Barcelona y a unos 40 min del aeropuerto de Girona. ",0,1,Engel & Völkers Costa Brava Sud,9,1979.0,1,0,1,0,1,1,0,0,11,1,149,1,0,0,0,0,0,0,0,1,0,0,0,5444.444444444444,1.2222222222222223,3,Cala Sant Francesc - Santa Cristina
105525174,https://www.idealista.com/inmueble/105525174/,Casa o chalet independiente en venta en Cala Sant Francesc - Santa Cristina,1875000,342,6,carrer de la cala,41.681468384042,2.8031333530036924,2024-12-02," Magnífica villa con licencia turística Esta propiedad en venta se encuentra enfrente de la maravillosa playa de Cala Sant Francesc, una zona muy privilegiada situada en Blanes, a solo 65km de Barcelona. La espaciosa y luminosa vivienda fue construida en el año 1988 y se reformó la casa totalmente en 2019. Además la propiedad dispone de una licencia turística y goza de unas bonitas vistas al mar sobre la Cala de Sant Francesc, su proximidad a la playa le da un encanto añadido. En el nivel de la entrada principal se accede vía escalera o por ascensor desde el garaje. En la planta baja hay una cocina abierta de última tecnología de la marca de lujo BULTHAUP y un luminoso salón-comedor con salida a la terraza. En esta terraza hay una zona de barbacoa muy acogedora con varias zonas de relax. Además en este nivel hay un baño de cortesía, una despensa y una sala de maquinas.  La primera planta dispone de un baño con ducha y 2 dormitorios. En la parte superior hay 4 dormitorios con 2 cuartos de baños y con armarios empotrados y varias terrazas. En la planta sótano hay una gran sala de juegos/sala de estar de verano que da a la terraza con preciosas vistas al mar, también hay un baño y un área de almacenamiento en este nivel. En el nivel de la calle hay un garaje para dos coches con mucho almacenamiento y el ascensor con acceso al nivel principal. El jardín ofrece varias terrazas con vistas y zonas de comedor y una piscina privada. Extras: Ascensor, piscina privada, garaje para 2 coches, zona de barbacoa, riego automático, jardín de fácil mantenimiento, vistas al mar, alarma, cocina totalmente equipada de la marca BULTHAUP, vivienda para invitados. licencia turística, calefacción de gasoil, iluminación exterior, jardín de fácil mantenimiento, etc. Blanes es una ciudad turística muy conocida por el concurso de fuegos artificiales durante el festival de Santa Anna en verano. Durante la semana hay más actividades organizadas por el ayuntamiento, ya que es una semana de festividades en Blanes. Otros lugares de interés son las preciosas calas de Blanes y la Costa Brava, las fantásticas playas y los jardines botánicos, como el “Mar i Murtra”, que cubre casi 15 hectáreas e incluye más de 4000 especies diferentes de plantas. La ciudad ofrece un sinfín de actividades y clubs deportivos, entre ellos el renombrado Club de Vela Blanes, uno de los más importantes clubs de vela de la Costa Brava. El paseo marítimo es extenso y alberga varios restaurantes y bares. En todo el pueblo, de los 150 restaurantes especializados, donde encontrarán todo tipo de ofertas culinarias: catalana, italiana, holandesa, griega, china, etc. La población de Blanes se encuentra a tan solo 1 hora del aeropuerto de Barcelona y a unos 40 min del aeropuerto de Girona.  Si desea comprar o vender alguna casa en la Costa Brava no dude en ponerse en contacto con Engel & Völkers Costa Brava Sud. ",0,1,Engel & Völkers Costa Brava Sud,5,1988.0,0,1,1,0,0,1,0,0,12,0,136,1,0,0,0,0,0,0,0,1,0,0,0,5482.456140350877,1.2,3,Cala Sant Francesc - Santa Cristina
107358879,https://www.idealista.com/inmueble/107358879/,Chalet pareado en venta en Centre,325000,159,3,carrer ample,41.67454693196272,2.791958077322335,2025-02-20," Casa de pueblo en el centro de Blanes Esta fantástica propiedad, situada en pleno corazón de Blanes, combina confort y rentabilidad. En la planta baja, cuenta con un local comercial equipado con aseo y trastero, habitualmente alquilado. En la primera planta, se encuentra una sala con aseo, perfecta para utilizar como oficina o espacio adicional para alquilar. Las plantas superiores están destinadas a la vivienda. En la penúltima planta hay dos amplias habitaciones y un baño completo. En la última planta, encontramos una cocina funcional, un salón-comedor acogedor y una espléndida terraza de aproximadamente 12 m², ideal para disfrutar de momentos al aire libre. Es una propiedad versátil y con una ubicación inmejorable, muy cerca de la playa y rodeada de servicios, perfecta para vivir y obtener un buen rendimiento económico. Una oportunidad única en el centro de Blanes. Blanes es una ciudad turística muy conocida por el concurso de fuegos artificiales durante el festival de Santa Anna en verano. Durante la semana hay más actividades organizadas por el ayuntamiento, ya que es una semana de festividades en Blanes.  Otros lugares de interés son las preciosas calas de Blanes y la Costa Brava, las fantásticas playas y los jardines botánicos, como el “Mar i Murtra”, que cubre casi 15 hectáreas e incluye más de 4000 especies diferentes de plantas.  La ciudad ofrece un sinfín de actividades y clubs deportivos, entre ellos el renombrado Club de Vela Blanes, uno de los más importantes clubs de vela de la Costa Brava.  El paseo marítimo es extenso y alberga varios restaurantes y bares. En todo el pueblo, de los 150 restaurantes especializados, donde encontrarán todo tipo de ofertas culinarias: catalana, italiana, holandesa, griega, china, etc. La población de Blanes se encuentra a tan solo 1 hora del aeropuerto de Barcelona y a unos 40 min del aeropuerto de Girona.  Si desea comprar o vender alguna casa en la Costa Brava no dude en ponerse en contacto con Engel & Völkers Costa Brava Sud. ",0,1,Engel & Völkers Costa Brava Sud,1,1989.0,1,0,0,0,0,0,0,1,2,3,56,0,1,0,0,0,0,0,0,1,0,0,0,2044.0251572327045,3.0,2,Centre
106309624,https://www.idealista.com/inmueble/106309624/,"Piso en venta en plaza de Catalunya, 1",195000,127,1,"plaça de catalunya, 1",41.6726323,2.7900597,2025-04-01," Espectacular loft con todas las comodidades que se pueden pedir, acabados de primera calidad de alta gama. Ubicado en una finca con ascensor, se ha reformado con un toque contemporáneo, elegante y moderno. El loft cuenta con una amplia habitación en suite y vestidor, brindando confort e intimidad. La divisoria con el salón comedor y la cocina americana está realizada por unas hermosas puertas correderas dando al espacio principal un entorno muy fluido y acogedor. La ubicación es inmejorable, al lado de la playa y del paseo marítimo, rodeado de servicios como restaurantes, negocios, colegios y excelente combinación con el transporte. NOTA IMPORTANTE: EL INMUEBLE NO DISPONE DE CÉDULA DE HABITABILIDAD. ",0,0,Inmo & Foto Fer,1,1985.5,0,0,0,1,0,0,0,0,4,1,16,0,1,0,0,0,0,0,0,0,0,0,1,1535.4330708661416,1.0,1,Centre
105530754,https://www.idealista.com/inmueble/105530754/,Casa o chalet independiente en venta en Mont Ferrant - Sant Joan,850000,504,7,"carrer de santa bàrbara, 37-33",41.67704962078834,2.792189439337077,2024-11-19," Amplia casa con piscina en el centro de Blanes Fantástica casa de alto standing construida en el 2004 con piscina situada en uno de los mejores lugares de Blanes. Entramos por la primera planta a nivel de acera y nos encontramos con un recibidor un aseo y seguidamente con una amplia cocina y un comedor sala estar. Desde el salón se accede directo a una amplia terraza con sol de tarde. Por el otro lado tenemos un pequeño apartamento con un baño completo, habitación y salón con cocina, en la misma zona tenemos el ascensor y la escalera de subir a la primera planta donde nos encontramos con 6 habitaciones dobles con 3 baños completos un tipo suite, con una amplia terraza orientada al sur, subimos a la última planta que dispone también de una amplia terraza, así como de un jacuzzi y una habitación polivalente. En la planta semisótano nos encontramos con un amplio garaje para 4 0 5 coches, así como una habitación para almacenaje, lavadero etc. Es una casa para vivir todo el año dispone de calefacción radiante y aire acondicionado Split, todas las ventanas son de madera iroko con doble acristalado que te aíslan del frio exterior y del ruido. Ubicación en una zona tranquila y vistas sobre la población de Blanes y el mar. Blanes es una ciudad turística muy conocida por el concurso de fuegos artificiales durante el festival de Santa Anna en verano. Durante la semana hay más actividades organizadas por el ayuntamiento, ya que es una semana de festividades en Blanes.  Otros lugares de interés son las preciosas calas de Blanes y la Costa Brava, las fantásticas playas y los jardines botánicos, como el “Mar i Murtra”, que cubre casi 15 hectáreas e incluye más de 4000 especies diferentes de plantas.  La ciudad ofrece un sinfín de actividades y clubs deportivos, entre ellos el renombrado Club de Vela Blanes, uno de los más importantes clubs de vela de la Costa Brava.  El paseo marítimo es extenso y alberga varios restaurantes y bares. En todo el pueblo, de los 150 restaurantes especializados, donde encontrarán todo tipo de ofertas culinarias: catalana, italiana, holandesa, griega, china, etc. La población de Blanes se encuentra a tan solo 1 hora del aeropuerto de Barcelona y a unos 40 min del aeropuerto de Girona.  Si desea comprar o vender alguna casa en la Costa Brava no dude en ponerse en contacto con Engel & Völkers Costa Brava Sud. ",0,1,Engel & Völkers Costa Brava Sud,5,2004.0,1,0,1,0,0,1,1,1,11,1,149,0,0,0,0,0,1,0,0,1,0,0,0,1686.5079365079366,1.4,5,Mont Ferrant - Sant Joan
105714238,https://www.idealista.com/inmueble/105714238/,Chalet adosado en venta en Centre,695000,348,3,carrer ample,41.67454693196272,2.791958077322335,2024-11-19," Casa adosada con ascensor en el centro de Blanes Fantástica casa adosada de varias plantas con garaje en la misma casa situada en el centro de Blanes. Planta a nivel de acera con 3 plazas de parquing, tiene salida por la calle de atrás. Entramos en la casa por la escalera y nos encontramos con una amplia planta que se puede usar como oficinas o vivienda. En la segunda planta al entrar tenemos un distribuidor con comedor salón a ambos lados y al fondo una amplia cocina y un baño completos con ventanales a la calle de atrás, subimos a la tercera planta donde están 3 amplias habitaciones dobles y un amplio baño Y en la última planta tenemos una cocina de verano, una barbacoa, un aseo y una amplia terraza con un toldo para poder comer. La casa dispone de ascensor, calefacción a gas, todas las ventanas con doble acristalado que te aísla de las temperaturas externas y del ruido. Vivienda en el centro de Blanes con fácil acceso. Blanes es una ciudad turística muy conocida por el concurso de fuegos artificiales durante el festival de Santa Anna en verano. Durante la semana hay más actividades organizadas por el ayuntamiento, ya que es una semana de festividades en Blanes.  Otros lugares de interés son las preciosas calas de Blanes y la Costa Brava, las fantásticas playas y los jardines botánicos, como el “Mar i Murtra”, que cubre casi 15 hectáreas e incluye más de 4000 especies diferentes de plantas.  La ciudad ofrece un sinfín de actividades y clubs deportivos, entre ellos el renombrado Club de Vela Blanes, uno de los más importantes clubs de vela de la Costa Brava.  El paseo marítimo es extenso y alberga varios restaurantes y bares. En todo el pueblo, de los 150 restaurantes especializados, donde encontrarán todo tipo de ofertas culinarias: catalana, italiana, holandesa, griega, china, etc. La población de Blanes se encuentra a tan solo 1 hora del aeropuerto de Barcelona y a unos 40 min del aeropuerto de Girona.  Si desea comprar o vender alguna casa en la Costa Brava no dude en ponerse en contacto con Engel & Völkers Costa Brava Sud. ",0,1,Engel & Völkers Costa Brava Sud,3,1910.0,0,1,1,0,0,0,0,0,11,1,149,0,1,0,0,0,0,0,0,1,0,0,0,1997.1264367816093,1.0,2,Centre
105530793,https://www.idealista.com/inmueble/105530793/,Casa o chalet independiente en venta en Centre,995000,487,4,carrer ample,41.67454693196272,2.791958077322335,2025-03-10," Fantástica casa en el centro de Blanes Fantástica, amplia y moderna casa en el centro de Blanes con vistas a Sant Joan. Con excelentes acabados y acogedora para vivir durante todo el año. Al entrar a la vivienda nos encontramos con un recibidor que nos conduce a diferentes zonas de la vivienda. A la derecha tenemos un espacioso salón comedor con amplios ventanales que aportan mucha luz, una cocina actualizada y moderna y un baño de cortesía. En esta misma planta también encontramos dos habitaciones espaciosas con baño y amplio vestidor.  En la planta superior nos encontramos con dos habitaciones dobles, con vestidor, baño y terraza. En la planta inferior de la vivienda tenemos una sala multiusos, un baño, una sauna turca, un trastero, garaje para 2 coches y aparcamiento exterior para dos coches más. También nos encontramos con una piscina de 8x4 metros semicubierta, una parte está dentro de la vivienda. El agua de la piscina está calentada por placas solares. La propiedad cuenta con calefacción a gas con radiadores de agua y aire acondicionado por conductos. Todos los ventanales de la casa son con doble acristalado y rotura de puente térmico que aísla de las temperaturas exteriores y del ruido. Se trata de una propiedad única en la Costa Brava, concretamente en el centro de Blanes, con todo tipo de servicios y comercios alrededor, pero a la vez, es una vivienda con mucha tranquilidad y confort. Blanes es una ciudad turística muy conocida por el concurso de fuegos artificiales durante el festival de Santa Anna en verano. Durante la semana hay más actividades organizadas por el ayuntamiento, ya que es una semana de festividades en Blanes. Otros lugares de interés son las preciosas calas de Blanes y la Costa Brava, las fantásticas playas y los jardines botánicos, como el “Mar i Murtra”, que cubre casi 15 hectáreas e incluye más de 4000 especies diferentes de plantas. La ciudad ofrece un sinfín de actividades y clubs deportivos, entre ellos el renombrado Club de Vela Blanes, uno de los más importantes clubs de vela de la Costa Brava. El paseo marítimo del pueblo de Blanes y el Passeig S’Abanell es extenso y alberga muchos restaurantes de todo tipo de ofertas culinarias y bares. En tramo del Camí de Ronda entre Blanes y Tossa de Mar es sin duda uno de los más bonitos. El Camino de ronda es el sendero de la Costa Brava a través de los acantilados y costas donde no puede disfrutar solo de los espectacular paisajes e impresionantes vistas al mar sino también una experiencia única e inolvidable. La población de Blanes se encuentra a tan solo 1 hora del aeropuerto de Barcelona y a unos 40 min del aeropuerto de Girona. ",0,1,Engel & Völkers Costa Brava Sud,6,1985.5,1,0,1,0,0,1,1,1,3,0,38,0,1,0,0,0,0,0,0,1,0,0,0,2043.1211498973305,0.6666666666666666,5,Centre
105525267,https://www.idealista.com/inmueble/105525267/,Casa o chalet independiente en venta en Cala Sant Francesc - Santa Cristina,3995000,487,4,carrer de la cala,41.681468384042,2.8031333530036924,2024-11-25," Excepcional propiedad de diseño en Cala Sant Francesc Esta extraordinaria villa con hermosas vistas al mar, situada en Blanes en una de las mejores zonas residenciales de la Costa Brava, en Cala Sant Francesc, una urbanización con vigilancia, piscina comunitaria y pistas de tenis accesible solamente para los residentes de la Cala Sant Francesc. Esta espectacular villa recientemente construida tiene un sensacional diseño interior y exterior y dispone de mucha privacidad. La luminosa casa tiene un total de 487m2 construidos en una parcela de 802m2 y consta de tres plantas: En la PLANTA BAJA, a nivel de la calle, se encuentra un parking (32m2) para 1-2 coches, un recibidor, un dormitorio espacioso y, un cuarto de baño, una cocina americana totalmente equipada y un gran salón comedor con acceso a una generosa terraza con vistas frontales al mar. Gracias a los ventanales grandes entra mucha luz natural. En la PLANTA PISO se encuentra la suite principal con su vestidor y su propio cuarto de baño donde se goza de maravillosas vistas al mar y dos dormitorios que comparten otro cuarto de baño completo. En la PLANTA INFERIOR, a nivel del jardín con una piscina privada, hay una sala de multiuso, un lavadero, una sala de máquina, un baño y una ducha y un espacio spa con un baño turco (hammam) y una sauna finlandesa. Saliendo al jardín desde la planta sótano se encuentra una pérgola con una zona de barbacoa y una piscina de agua salada. Es una casa muy especial con un diseño extraordinario. Extras Riego automático – iluminación exterior con un sistema de led – piscina de sal con jacuzzi e hidromasaje – pérgola con zona de barbacoa – Sistema de led especial de la marca Masiero Demore –calefacción de suelo y sistema de geotermia – aire acondicionado por conductos (Mitsubishi) – clima control en casa – persianas automáticas – ventanas con filtración de rayos de sol - aire acondicionado - jardín de fácil mantenimiento. Blanes es una ciudad turística muy conocida por el concurso de fuegos artificiales durante el festival de Santa Anna en verano. Durante la semana hay más actividades organizadas por el ayuntamiento, ya que es una semana de festividades en Blanes.  Otros lugares de interés son las preciosas calas de Blanes y la Costa Brava, las fantásticas playas y los jardines botánicos, como el “Mar i Murtra”, que cubre casi 15 hectáreas e incluye más de 4000 especies diferentes de plantas.  La ciudad ofrece un sinfín de actividades y clubs deportivos, entre ellos el renombrado Club de Vela Blanes, uno de los más importantes clubs de vela de la Costa Brava.  El paseo marítimo es extenso y alberga varios restaurantes y bares. En todo el pueblo, de los 150 restaurantes especializados, donde encontrarán todo tipo de ofertas culinarias: catalana, italiana, holandesa, griega, china, etc. La población de Blanes se encuentra a tan solo 1 hora del aeropuerto de Barcelona y a unos 40 min del aeropuerto de Girona.  Si desea comprar o vender alguna casa en la Costa Brava no dude en ponerse en contacto con Engel & Völkers Costa Brava Sud. ",0,1,Engel & Völkers Costa Brava Sud,4,2023.0,1,0,1,0,0,1,0,1,11,0,143,1,0,0,0,0,0,0,0,1,0,0,0,8203.285420944558,1.0,4,Cala Sant Francesc - Santa Cristina
105560405,https://www.idealista.com/inmueble/105560405/,Piso en venta en Els Pins,300000,94,3,carrer vila de paris,41.66407367300141,2.783408558724116,2024-11-19," Fantástico piso en la 9ª Planta con vistas al mar Este fantástico piso en buen estado se encuentra en la novena planta y cuenta con una amplia terraza que ofrece impresionantes vistas al mar, al puerto de Blanes y a la emblemática Palomera. La distribución del piso incluye un recibidor que da paso a un salón-comedor a la derecha, con salida directa a la terraza, donde se puede disfrutar de las fantásticas vistas al mar y a la zona comunitaria que cuenta con una piscina y un área para tomar el sol. A la izquierda del recibidor, se encuentran dos habitaciones, una de ellas individual, ambas con terraza y vistas al puerto de Blanes. También hay una cocina con despensa. Al fondo del piso, se encuentran dos baños completos y una habitación doble con vistas al mar. El piso está completamente equipado, con calefacción a gas y ventanas de doble acristalamiento que aíslan del ruido y de las temperaturas externas. La finca dispone de portero. Ubicado en la zona de Los Pinos, este piso ofrece fácil acceso de entrada y salida a la ciudad. Blanes es una ciudad turística muy conocida por el concurso de fuegos artificiales durante el festival de Santa Anna en verano. Durante la semana hay más actividades organizadas por el ayuntamiento, ya que es una semana de festividades en Blanes.  Otros lugares de interés son las preciosas calas de Blanes y la Costa Brava, las fantásticas playas y los jardines botánicos, como el “Mar i Murtra”, que cubre casi 15 hectáreas e incluye más de 4000 especies diferentes de plantas.  La ciudad ofrece un sinfín de actividades y clubs deportivos, entre ellos el renombrado Club de Vela Blanes, uno de los más importantes clubs de vela de la Costa Brava.  El paseo marítimo es extenso y alberga varios restaurantes y bares. En todo el pueblo, de los 150 restaurantes especializados, donde encontrarán todo tipo de ofertas culinarias: catalana, italiana, holandesa, griega, china, etc. La población de Blanes se encuentra a tan solo 1 hora del aeropuerto de Barcelona y a unos 40 min del aeropuerto de Girona.  Si desea comprar o vender alguna casa en la Costa Brava no dude en ponerse en contacto con Engel & Völkers Costa Brava Sud. ",0,1,Engel & Völkers Costa Brava Sud,2,1978.0,1,0,0,1,0,0,1,0,11,1,149,0,0,0,1,0,0,0,0,0,0,0,1,3191.4893617021276,1.5,3,Els Pins
105520343,https://www.idealista.com/inmueble/105520343/,Casa o chalet independiente en venta en Cala Sant Francesc - Santa Cristina,1250000,412,4,carrer de la cala,41.68057478687336,2.8062159481904767,2025-03-07," Exclusiva propiedad en St. Francesc En la exclusiva urbanización de St. Francesc, a escasos minutos entre las fantásticas poblaciones de Blanes y Lloret de Mar, se vende esta maravillosa propiedad de 2 plantas sobre una parcela de más de 1000 m2. La zona en la que se encuentra, está rodeada de fantásticas playas y jardines, la playa más cercana es la de St. Francesc, que se encuentra a tan sólo 5 minutos a pie desde la casa. En la planta principal, el recibidor nos da paso al amplio y luminoso salón comedor, y a continuación, la cocina con una habitación a parte como despensa. Todo tiene acceso directo a la terraza con zona chill out y una magnífica piscina con panorámicas vistas.  Subimos a la primera planta mediante el ascensor o las escaleras, donde encontramos un espacioso recibidor con una gran terraza para seguir disfrutando de las vistas. Consta de una suite, dos dormitorios dobles, un baño completo y una pequeña lavandería. Todas las estancias de esta planta, dan acceso a un fantástico y amplio jardín. La propiedad dispone también, de un gran apartamento de invitados, al cual podemos acceder desde la piscina o el jardín. Este apartamento se está reformando actualmente y consta de una espaciosa suite. Blanes es una ciudad que pertenece a la comarca de la Selva en Girona, Cataluña, España. Durante el dominio romano, se llamaba Blanda o Blandae. Es conocida como la ""Puerta de entrada a la Costa Brava"". Su costa forma parte de la Costa Brava, que se extiende desde Blanes hasta la frontera francesa. El municipio es 18.29 km². Blanes es una ciudad turística muy conocida por los ""concurs de focs d'artifici"" durante el ""festival de Santa Anna"", este evento es en realidad un concurso de fuegos artificiales, sin embargo, durante la semana hay otras actividades en la ciudad organizadas por el ayuntamiento, ya que es una semana de festividades en Blanes. Otros lugares de interés incluyen los jardines botánicos, calas, como la Cala Bona, y las playas que están rodeadas de montañas. Blanes se encuentra a tan solo 1 hora del aeropuerto de Barcelona y a unos 40 min. del aeropuerto de Girona. Uno de los jardines botánicos de Blanes es el Mar i Murtra, que cubre casi 15 hectáreas, incluye más de 4000 especies diferentes de plantas y es visitado por 300,000 personas cada año. Otro jardín es el de Pinya de Rosa, que consta de más de 7000 especies de plantas diferentes. ",0,1,Engel & Völkers Costa Brava Sud,4,2010.0,1,0,1,0,0,1,1,1,3,4,41,1,0,0,0,0,0,0,0,1,0,0,0,3033.980582524272,1.0,5,Cala Sant Francesc - Santa Cristina
107908471,https://www.idealista.com/inmueble/107908471/,Piso en venta en Semicentre,118500,80,3,"carrer anselm clavé,62",41.677296,2.7873864,2025-04-12," Oportunidad de inversión: inmueble alquilado. Fecha de fin de contrato: 09/2029.  Piso en Blanes, Gerona, idóneo para familias. La vivienda cuenta con una superficie de 80 m² construidos distribuidos en 3 habitaciones, de las cuales 1 tiene acceso a terraza, salón-comedor, cocina además de 1 aseo. El inmueble se encuentra en la 1a planta del edificio, sin ascensor. Se encuentra en el centro de Blanes y cerca de la Platja, en sus alrededores encontramos la Escola Pública Mossèn Joan Batlle, supermercados, bancos, bibliotecas, farmacias y oficinas de correos. Con fácil acceso a GI-682.  Consulte con nuestro Agente Comercial la información adicional sobre el inmueble y las condiciones especiales de compraventa. Imposibilidad de visita interior. Las fotografías pueden no corresponderse con el estado actual del inmueble. ",0,1,Aliseda Inmobiliaria,1,1985.5,0,0,0,0,0,0,0,0,4,5,5,0,0,0,0,0,0,1,0,0,0,0,1,1481.25,3.0,0,Semicentre
104993029,https://www.idealista.com/inmueble/104993029/,Casa o chalet en venta en calle Cardenal Vidal i Barraquer,790000,205,4,carrer cardenal vidal i barraquer,41.67844965529102,2.793850188246986,2025-04-15," Te presentamos una fantástica casa de 175m² situada en una parcela de 460m² en la exclusiva zona de St Joan, con impresionantes vistas al mar y de Blanes. Esta luminosa y bien conservada propiedad ofrece un ambiente ideal para disfrutar en familia. La casa cuenta con cuatro habitaciones amplias y dos baños, proporcionando el espacio perfecto para todos. La cocina independiente es ideal para tus momentos culinarios, y el salón comedor con chimenea crea un ambiente acogedor con acceso directo a la terraza, donde podrás relajarte y admirar el paisaje. El exterior de la casa es un verdadero oasis, rodeado de un hermoso espacio con árboles y una fantástica piscina que te invitan a disfrutar del aire libre y del sol. Además, dispone de despensa, lavadero y trastero, garantizando suficiente espacio de almacenamiento, y un parking privado para tu comodidad. Ubicada en una zona muy tranquila, esta propiedad es perfecta para desconectar del ajetreo diario y disfrutar de la paz y la naturaleza. No dejes pasar esta oportunidad única de vivir en un entorno espectacular. En cumplimiento de la ley 3/2917 del 13 de febrero de 2018 del Código civil de Cataluña, por el que se aprueba el Reglamento de Información al Consumidor en la compraventa y arrendamiento de viviendas en Cataluña, se informa al cliente que los gastos notariales, registrales e impuestos que le sean de aplicación (ITP o IVA AJD) y otros gastos inherentes a la compraventa, no están incluidos en el precio. ",0,1,FINQUES DEKL,2,1989.0,0,0,1,0,0,0,1,0,4,1,2,0,0,0,0,0,1,0,0,1,0,0,0,3853.6585365853657,2.0,2,Mont Ferrant - Sant Joan
106562019,https://www.idealista.com/inmueble/106562019/,Casa o chalet independiente en venta en Urbanitzacions,485000,190,4,carrer urbanitzacions,41.690927089710506,2.7931287373638796,2025-04-11," Esta casa en una urbanización de Blanes se caracteriza por su comodidad y diseño bien distribuido en dos plantas. La sala de estar es luminosa y amplia, con grandes ventanales que permiten la entrada de luz natural y ofrecen vistas al entorno. La decoración mezcla colores cálidos y detalles en madera, creando un ambiente acogedor. La casa cuenta con cuatro habitaciones, cada una con un estilo único; dos de ellas tienen acceso directo a un balcón que permite disfrutar del aire libre y de las vistas. Los tres baños están bien equipados, y el espacio del garaje cerrado brinda comodidad y seguridad. En el exterior, la propiedad tiene una piscina rodeada de una terraza, ideal para relajarse o recibir visitas. Su orientación asegura una buena exposición solar durante el día, permitiendo aprovechar al máximo la zona exterior. La casa también incluye una zona de barbacoa, perfecta para momentos al aire libre, lo que la convierte en un espacio ideal para una vida tranquila y confortable en un entorno privilegiado. ",0,1,Comas Inmobiliaria Blanes,3,1997.0,1,0,1,0,0,1,1,1,4,4,6,0,0,0,0,0,0,0,1,1,0,0,0,2552.6315789473683,1.3333333333333333,5,Urbanitzacions
107913249,https://www.idealista.com/inmueble/107913249/,Piso en venta en Els Pins,194000,55,1,carrer vila de paris,41.66407367300141,2.783408558724116,2025-04-14," 100% HIPOTECA DE LA VIVIENDA. Te conseguimos tu mejor hipoteca comparando todos los bancos. Estudio de viabilidad en 48h. HG REF: HGG-250444-P OPORTUNIDAD ÚNICA EN BLANES – PISO AMUEBLADO LISTO PARA ENTRAR A VIVIR Si estás buscando una vivienda cómoda, luminosa y con una excelente zona comunitaria, ¡esta es tu oportunidad! Se vende encantador piso en Blanes, completamente amueblado y listo para entrar a vivir, ideal tanto como primera residencia, inversión o segunda residencia cerca del mar. La vivienda cuenta con 55 m² construidos (49 m² útiles), perfectamente distribuidos para aprovechar al máximo cada rincón. Dispone de una amplia habitación con armarios empotrados, un baño completo, salón-comedor con aire acondicionado, cocina equipada y una agradable terraza orientada al este que ofrece luz natural durante toda la mañana. Ubicada en una finca construida en el año 2000, con acceso adaptado para personas con movilidad reducida, la propiedad destaca por su fantástica zona comunitaria, donde podrás disfrutar de un gran jardín y una atractiva piscina, ideal para relajarse y desconectar en los días de sol. La calefacción individual eléctrica y el aire acondicionado garantizan el confort durante todo el año. No dejes pasar esta ocasión de vivir o invertir en una de las zonas más demandadas de la Costa Brava. ¡Contacta ahora y ven a visitarlo! [IW]. ",0,1,Habitat Grup Real Estate,1,2000.0,1,0,0,1,0,0,1,1,4,0,3,0,0,0,1,0,0,0,0,0,0,0,1,3527.2727272727275,1.0,4,Els Pins
107898276,https://www.idealista.com/inmueble/107898276/,Chalet adosado en venta en calle de Raval,355000,195,4,carrer de raval,41.67651690114528,2.7922850047117125,2025-04-11," ¡Descubre tu nuevo hogar en el corazón de Blanes! Esta encantadora casa adosada de 195 m² es perfecta para quienes buscan comodidad y estilo en una ubicación inmejorable. Con un diseño de tres plantas, cuenta con cuatro acogedoras habitaciones, incluyendo una principal con terraza privada, ideal para disfrutar del sol y las vistas. Además, hay un despacho en la planta baja, perfecto para trabajar desde casa. La cocina, equipada con lavadero, se conecta a una luminosa sala comedor que se abre a un balcón, creando un espacio ideal para compartir momentos inolvidables con familia y amigos.  No te preocupes por el aparcamiento, ya que dispone de un espacio para dos coches y un trastero. Los dos terrados superiores ofrecen impresionantes vistas al pueblo, perfectas para relajarse al final del día. Con calefacción de gas. Esta casa es una oportunidad única que no querrás dejar pasar. ¡Ven a visitarla y enamórate de tu nuevo hogar! ",0,1,Finques Gironés,2,1962.0,1,0,1,0,0,0,0,0,4,4,6,0,1,0,0,0,0,0,0,1,0,0,0,1820.5128205128206,2.0,2,Centre
107802553,https://www.idealista.com/inmueble/107802553/,Piso en venta en Semicentre,207000,112,3,"carrer anselm clavé,62",41.677296,2.7873864,2025-04-16," EXCLUSIVO PISO EN BLANES – LUZ, ESPACIO Y VISTAS Imagina despertar cada día con luz natural inundando tu hogar y disfrutar desde el balcón de vistas laterales al mar y la montaña. Este piso en Blanes es mucho más que una vivienda: es una invitación a vivir la Costa Brava con comodidad y estilo. ESPACIOS QUE INSPIRAN Al entrar, te recibe un salón-comedor amplio y luminoso, conectado con una moderna cocina abierta con barra. Un diseño pensado para crear momentos inolvidables, ya sea disfrutando de una cena en familia o tomando un café con vistas. CONFORT PARA TODOS Tres habitaciones diseñadas para el bienestar: Suite principal con baño privado. Dos habitaciones adicionales, perfectas para niños, invitados o despacho. Segundo baño completo con bañera. Lavadero independiente para una mayor organización. BALCONES Y TERRAZA – TU ESPACIO EXTERIOR Desde el salón y la cocina se accede a un balcón delantero con vistas laterales al mar y la montaña, ideal para relajarse. Las habitaciones se abren a un balcón trasero, proporcionando ventilación y privacidad. Además, el edificio cuenta con una terraza comunitaria compartida con dos vecinos y un trastero de 3 m³ para almacenamiento extra. EDIFICIO ÍNTIMO Y BIEN UBICADO Solo tres vecinos, con zonas comunes organizadas bajo un coeficiente del 21,42%. Todo en una ubicación inmejorable: a solo 10 minutos del mar, con supermercados, colegios y transporte público a tu alcance. UNA OPORTUNIDAD ÚNICA – NO LO DEJES ESCAPAR Este piso es el hogar acogedor y familiar que siempre has deseado, perfecto tanto como primera como segunda residencia. Su luz, distribución y ubicación lo convierten en una opción ideal para disfrutar del día a día con comodidad y tranquilidad. No dudes en llamarnos y concertar una visita. Esta es tu oportunidad de vivir en Blanes en el piso que siempre soñaste. ",0,1,ALFA CASA,2,1997.0,0,1,0,1,0,0,0,1,4,2,1,0,0,0,0,0,0,1,0,0,0,0,1,1848.2142857142858,1.5,3,Semicentre
107690323,https://www.idealista.com/inmueble/107690323/,Chalet pareado en venta en calle del Contoliu,460000,250,6,carrer del contoliu,41.67437063535619,2.7865688756397504,2025-03-20," ¡Descubre tu nuevo hogar en el corazón de Blanes! Este encantadora casa pareado, construida en 1957 está reformada y en buen estado, te ofrece una ubicación inmejorable: a solo dos minutos de la playa y cerca de todos los servicios esenciales. Con 250 m² construidos y 233 m² útiles, esta vivienda se distribuye en varias plantas que maximizan el confort y la funcionalidad. En la planta baja, encontrarás un amplio garaje que facilita el acceso, pensado para personas con movilidad reducida. Al subir a la primera planta, te recibirán un acogedor salón comedor, una cocina independiente ideal para los amantes de la gastronomía, una práctica galería y un pequeño patio que aporta luminosidad y frescura al hogar. La segunda planta alberga cuatro habitaciones y dos baños, perfectos para acomodar a toda la familia. La joya de la casa se encuentra en la última planta: un terrado cubierto y una terraza al aire libre que ofrecen un espacio versátil para disfrutar del clima mediterráneo. Además, cuenta con calefacción eléctrica de gas natural, armarios empotrados y un trastero para optimizar el almacenamiento. No pierdas la oportunidad de vivir en un entorno privilegiado con todas las comodidades. ¡Ven a visitarla y enamórate de cada rincón! ",0,1,Finques Gironés,3,1957.0,1,0,1,0,0,1,0,0,3,3,28,0,1,0,0,0,0,0,0,1,0,0,0,1840.0,2.0,3,Centre
107424869,https://www.idealista.com/inmueble/107424869/,Casa o chalet independiente en venta en Cala Sant Francesc - Santa Cristina,836000,386,3,carrer de la cala,41.68057478687336,2.8062159481904767,2025-02-25," Ubicada en la prestigiosa zona de Cala Sant Francesc - Santa Cristina, esta elegante propiedad combina lujo, privacidad y una ubicación privilegiada. A pocos pasos del Jardín Botánico Pinya de Rosa y la idílica playa de Santa Cristina-Treumal, esta villa es una joya en la Costa Brava, rodeada de zonas boscosas y con vistas al mar.  Características principales:  386 m² construidos sobre una parcela de 621 m²  3 amplias suites + 4 baños completos  Piscina privada y gran jardín con zona de barbacoa  Huerto privado, ideal para disfrutar de la naturaleza  Gran terraza de 100 m² con vistas despejadas al mar y entorno natural  Ascensor con acceso a todas las plantas  Garaje para 5-6 coches con puertas automáticas  Acabados de alta calidad: suelos de parquet y cerámica, carpintería de cerezo y aluminio  Equipamiento premium: aire acondicionado, calefacción, jacuzzi, alarma, fibra óptica  Ubicación inmejorable: urbanización exclusiva con vigilancia 24h, rodeada de bosques mediterráneos y a solo 700 m de la playa  Lista para entrar a vivir y disfrutar del lujo y la tranquilidad de la Costa Brava.  Contáctanos para más información y visita privada. ",0,1,Sacosta Inmobiliaria,4,2006.0,1,0,1,0,0,1,1,1,2,1,51,1,0,0,0,0,0,0,0,1,0,0,0,2165.8031088082903,0.75,5,Cala Sant Francesc - Santa Cristina
106391635,https://www.idealista.com/inmueble/106391635/,Ático en venta en calle de la Pedrera,179500,74,3,carrer de la pedrera,41.67895764668778,2.7842895791066704,2025-04-14," ¡Descubre el encanto de vivir en un ático con vistas al mar! Este precioso ático de 74 m² te ofrece tranquilidad y vistas únicas desde todas sus principales habitaciones. Aunque no cuenta con ascensor, su ubicación privilegiada lo compensa con creces. La propiedad cuenta con dos habitaciones, una doble y otra individual, además de la posibilidad de crear una tercera habitación o estudio en la buhardilla, que tiene salida a un pequeño balcón. La cuarta habitación está reformada como vestidor. Una quinta estancia en la actualidad es una despensa. El gran comedor es un espacio soleado ideal para disfrutar de reuniones familiares o momentos de relax. La cocina está completamente equipada, además de un baño con bañera. Dispone de un cuarto de lavandería independiente para mayor comodidad.  Lo más destacado son sus dos terrazas: una gran terraza con vistas al mar y otra descubierta de 100 m² que ofrece vistas panorámicas de 360º al mar y la montaña. El ático es todo exterior, asegurando sol durante todo el día, y cuenta con carpintería de aluminio y suelos de cerámica gris pavimento.  La comunidad de vecinos es muy asequible, solo 30€/mes, y la ubicación es inmejorable: cerca del mercado municipal, red de transportes, colegios y a solo 10 minutos de la playa. ¡No pierdas la oportunidad de vivir en este maravilloso ático! ",0,1,SANTIAGO LINARES INMOBILIARIA,1,1972.0,1,0,0,0,0,0,0,0,4,0,3,0,0,0,0,0,0,1,0,0,0,0,1,2425.675675675676,3.0,1,Semicentre
107267336,https://www.idealista.com/inmueble/107267336/,Dúplex en venta en Els Pavos,365000,158,5,"carrer provença,4",41.67561905639978,2.781819036155578,2025-04-04," Descubre este luminoso y elegante ático dúplex, reformado con exquisito gusto y listo para entrar a vivir. Con 158 m² de superficie y una encantadora terraza de 22 m², esta propiedad combina comodidad, estilo y una ubicación privilegiada, a tan solo 500 metros de la playa. Opción a compra de garaje cerrado por 25.000 €.  Distribución perfecta:  3 espaciosas habitaciones dobles y 2 habitaciones individuales, diseñadas para el máximo confort.  2 modernos baños completos con plato de ducha.  Cocina totalmente equipada con acabados de alta calidad.  Detalles que enamoran:  Suelo laminado AC5 de alta resistencia.  Carpintería interior de cálida madera de haya y exterior de aluminio con climalit.  Amplio balcón con acceso directo al salón y la cocina, perfecto para disfrutar de la brisa mediterránea.  Una gran terraza con barbacoa, ideal para reuniones y momentos especiales al aire libre.  Extras de lujo:  Ascensor |  Alarma |  Calefacción |  Videoportero |  Fibra óptica |  Armarios empotrados |  Suite principal |  Vistas despejadas a Sant Joan desde 3 dormitorios.  Ubicación privilegiada: Situado en una zona tranquila pero con todos los servicios al alcance: a escasos metros de colegio y guardería, supermercados, centros médicos, farmacias, hospitales, parques infantiles y transporte público (tren y autobuses).  Gastos de comunidad: 52 €/mes  IBI: 730 €/año Un hogar pensado para quienes buscan calidad de vida y exclusividad en la hermosa Costa Brava. ¡No dejes pasar esta oportunidad! ",0,1,Sacosta Inmobiliaria,2,2003.0,1,0,0,1,0,0,0,0,4,4,13,0,0,1,0,0,0,0,0,0,0,0,1,2310.1265822784812,2.5,2,Els Pavos
106707985,https://www.idealista.com/inmueble/106707985/,Casa o chalet independiente en venta en Els Pins,435000,196,3,carrer vila de paris,41.66407367300141,2.783408558724116,2025-03-01," Te presentamos esta acogedora casa en la zona de Els Pins, Blanes, a tan solo 100 metros de la playa. Con una superficie de 196 m², esta propiedad combina la cercanía al mar con el confort y la funcionalidad que necesitas para disfrutar de la vida en la Costa Brava. Características Principales: Distribución: 1 habitación doble y 2 habitaciones sencillas, ideales para familias o para quienes buscan espacio adicional. 1 baño completo y 1 aseo, para mayor comodidad. Cocina equipada, lista para disfrutar de momentos culinarios. Diseño y Acabados: Carpintería interior de madera, que aporta calidez al hogar. Carpintería exterior de aluminio, para un aislamiento óptimo. Suelo de baldosa, resistente y fácil de mantener. Orientación Este-Oeste: Disfruta de luz natural durante todo el día. Extras y Comodidades: Confort: Calefacción para un ambiente acogedor todo el año. Alarma y vigilancia 24h para tu tranquilidad. Espacios al Aire Libre: Balcón y terraza, perfectos para disfrutar de vistas despejadas y momentos al aire libre. Jardín privado, ideal para relajarte o compartir con familia y amigos. Conexión y Funcionalidad: Fibra óptica para una conexión rápida y estable. Parking incluido para mayor comodidad. Entorno Privilegiado: Ubicada en una zona céntrica y bien conectada, esta casa está rodeada de servicios como autobuses, hospitales, parques, colegios y zonas infantiles. Su cercanía a la playa y a los puntos de interés la convierten en una opción ideal tanto para residencia habitual como para segunda vivienda. Gastos: IBI: 300€ al año No pierdas la oportunidad de vivir en esta casa que combina ubicación, comodidad y un entorno inmejorable. Contáctanos para más información o para programar una visita. ¡Tu nuevo hogar te espera en Blanes! Para que ahorres tu tiempo, Sacosta inmobiliaria ha preparado para ti Virtual tour para que visites esta propiedad a través de la pantalla de tu celular en un instante sin moverte de tu casa. En cumplimiento de la Ley 3/2917 del 13 de febrero de 2018 del Código Civil de Cataluña, por el que se aprueba el Reglamento de información al Consumidor en la compraventa o alquiler de viviendas en Cataluña. Se informa al cliente que los gastos notariales, registrales e impuestos que le sean de aplicación (ITP o IVA + AJD) y otros gastos inherentes a la compraventa o alquiler, no están incluidos en el precio [IW]. ",0,1,Sacosta Inmobiliaria,2,1961.0,1,0,1,0,0,1,0,0,3,5,47,0,0,0,1,0,0,0,0,1,0,0,0,2219.387755102041,1.5,3,Els Pins
105074185,https://www.idealista.com/inmueble/105074185/,Casa o chalet en venta en calle de la Surera,525000,245,5,carrer de la surera,41.690927089710506,2.7931287373638796,2025-03-27," Excelente casa o chalet independiente de alto standing situada en Residencial Blanes, una de las mejores urbanizaciones de Blanes, en una parcela de 865 metros y vivienda de 265 metros construidos, con la siguiente distribución: en la planta baja, tiene dos habitaciones diáfanas para uso mixto, baño completo y sala de máquinas y en la primera planta tiene cocina independiente completamente equipada, gran salón-comedor con fantásticas vistas despejadas, dos habitaciones dobles y una en suite con jacuzzi, baño completo y una amplia terraza con sol todo el día. Gran garaje para dos coches y varias motos. Jardín y piscina privados. No dude en visitarla! “ En cumplimiento de la ley 3/2917 del 13 de febrero de 2018 del Código civil de Cataluña, por el que se aprueba el Reglamento de Información al Consumidor en la compraventa y arrendamiento de viviendas en Cataluña, se informa al cliente que las gastos notariales, registrales e impuestos que le sean de aplicación (ITP o IVA AJD) y otros gastos inherentes a la compraventa no están incluidos en el precio. "". ",0,1,Rosa Pidemunt Serveis Immobiliaris,3,2012.0,1,0,1,0,0,0,1,0,3,3,21,0,0,0,0,0,0,0,1,1,0,0,0,2142.8571428571427,1.6666666666666667,3,Urbanitzacions
105849742,https://www.idealista.com/inmueble/105849742/,Chalet pareado en venta en Centre,650000,321,3,carrer ample,41.67454693196272,2.791958077322335,2025-03-01," Te presentamos una magnífica oportunidad de vivir en un encantador chalet pareado en Blanes, situado a tan solo 250 metros de la playa. Con una superficie de 321 metros cuadrados, esta propiedad ofrece un amplio y cómodo espacio ideal para disfrutar de la vida costera. El chalet cuenta con una habitación doble y dos habitaciones sencillas, además de dos baños completos y un aseo. La propiedad está lista para entrar a vivir y dispone de una cocina completamente equipada. Los acabados de calidad incluyen carpintería interior de madera y suelo de baldosa, creando un ambiente cálido y acogedor. La carpintería exterior de aluminio asegura un buen aislamiento térmico y acústico. La orientación norte-sur del chalet garantiza una excelente iluminación natural durante todo el día. Entre los extras, se incluyen aire acondicionado, calefacción, alarma y ascensor, ofreciendo el máximo confort y seguridad. Además, podrás disfrutar de un balcón, una terraza y un patio, perfectos para relajarte al aire libre o disfrutar de una barbacoa en familia. La propiedad también cuenta con lavandería, trastero, muebles de calidad y conexión de fibra óptica, asegurando una rápida y estable conexión a internet para todas tus necesidades digitales. Su ubicación céntrica te permite acceder fácilmente a una amplia gama de servicios, como parques, zonas infantiles y la costa, así como disfrutar de vistas al mar y a la montaña. Además, el chalet incluye garaje y parking, ofreciendo comodidad y seguridad para tus vehículos. No pierdas la oportunidad de adquirir este hermoso chalet pareado en Blanes y disfrutar de una vida junto al mar con todas las comodidades. ¡Contáctanos hoy mismo para más información o para concertar una visita! ",0,1,Sacosta Inmobiliaria,3,1900.0,1,0,1,0,0,0,0,1,3,5,47,0,1,0,0,0,0,0,0,1,0,0,0,2024.9221183800623,1.0,3,Centre
107637536,https://www.idealista.com/inmueble/107637536/,Estudio en venta en avenida Catalunya,119000,75,0,avinguda catalunya,41.68368089969945,2.7928017639573333,2025-04-15," Piso en venta en Blanes, Girona, con una superficie de 81 m², la vivienda se distribuye en tres dormitorios y un baño, y se encuentra en un edificio plurifamiliar de cinco alturas sin ascensor, construido en 1967. Está ubicado en un entorno residencial consolidado, el piso se sitúa a tan solo 2 km del centro de Blanes y a 1 km de la costa, lo que permite disfrutar de la cercanía al mar y de una amplia oferta de servicios. La zona dispone de supermercados, farmacias, centros educativos, comercios y restaurantes, proporcionando comodidad y calidad de vida. Las comunicaciones en la zona son excelentes, con paradas de autobús cercanas que facilitan el transporte interurbano, además de buenas conexiones por carretera que permiten un acceso rápido a localidades cercanas y a la autopista. Blanes es una localidad costera con gran atractivo turístico, lo que incrementa el potencial de revalorización del inmueble. Consulta nuestras condiciones de financiación hechas a tu medida. Entra en Nolon. es para ver todos los inmuebles en venta.. ",0,1,Nolon,0,1985.5,0,0,0,0,1,0,0,0,4,1,2,0,0,0,0,1,0,0,0,0,1,0,0,1586.6666666666667,,0,La Plantera
106896732,https://www.idealista.com/inmueble/106896732/,Casa o chalet en venta en calle Mas Borinot,485000,190,4,carrer mas borinot,41.68969277211043,2.791433149904925,2025-04-08," Magnifica casa en blanes, zona super tranquila y con la ventaja de que aunque esté en urbanización, se puede ir caminando al centro del pueblo en solo 20 min, con parada de bus a escasos metros de la vivienda. La distribución de esta preciosa casa la tenemos con la comodidad de que la entrada está a pie de calle, sin escaleras. Consta de recibidor, comedor muy acogedor con chimenea, cocina independiente muy amplia, 3 habitaciones y 2 baños, en la parte de abajo, tenemos una zona para disfrutar de relax, con salida a la terraza, con su barbacoa, y piscina. La casa tiene calefacción de gas natural, no dude en llamarnos y venir a visitarla, ubicación perfecta en la costa brava! like home lloret, tu inmobiliaria de confianza. Estamos en la calle francesc cambó 22, local 2 de lloret de mar 17310. Contáctanos al / o vía e-mail: visita para descubrir toda nuestra oferta. En cumplimiento de la ley 3/2917 del 13 de febrero de 2018 del codigo civil de catalunya, por el que se aprueba el reglamento de información al consumidor en la compraventa y arrendamiento de viviendas en cataluña, se informa al cliente que los gastos notariales, registrales e impuestos que le sean de aplicación (itp ó iva + ajd ) y otros gastos inherentes a la compraventa no están incluidos en el precio. -. ",0,1,LIKE HOME LLORET serveis immobiliaris,2,1997.0,0,0,1,0,0,0,0,0,4,1,9,0,0,0,0,0,0,0,1,1,0,0,0,2552.6315789473683,2.0,1,Urbanitzacions
107204297,https://www.idealista.com/inmueble/107204297/,Piso en venta en La Plantera,246000,109,3,carrer béjar,41.66839367930616,2.775473038042611,2025-02-03," Piso implecable totalmente reformado, muy coqueto y espacioso, con mucha luz y en una buena zona muy cerca del consum y a 5 min. de la playa. Cuenta con 109 m² construidos y 90 m² útiles distribuidos en tres dormitorios, dos baños y una terraza, perfecta para disfrutar del un dia soleado. Gran salón con chimenea y salida a la terraza. La cocina es muy amplia e independiente con una lavadero y un balcón posterior, es una piso muy soleado y ventilado porque da a dos calles. Cuenta con dos baños completos  recién reformados, los tres dormitorios son exteriores, uno de ellos con baño en suite.  Cuenta con calefacción de gas natural, aire acondicionado y paredes con aislamiento del frío, calor y ruidos. La finca cuenta con ascensor y solo tiene seis vecinos,   es una finca muy tranquilida y con muy buena comunidad alrededor. Gran  terrado comunitario, perfecto para tender, tomar el sol o disfrutar de una bonitas vistas al pueblo. No pierdas la oportunidad  y ven a verlo hoy mismo! En cumplimiento de la ley 3/2917 del 13 de febrero de 2018 del CODIGO CIVIL DE CATALUNYA, por el que se aprueba el Reglamento de Información al Consumidor en la compraventa y arrendamiento de viviendas en CATALUÑA, se informa al cliente que los gastos notariales, registrales e impuestos que le sean de aplicación ( ITP ó IVA AJD ) y otros gastos inherentes a la compraventa no están incluidos en el precio. ",0,1,LA LLAVE,2,1993.0,0,1,0,1,0,0,0,1,2,0,73,0,0,0,0,1,0,0,0,0,0,0,1,2256.880733944954,1.5,3,La Plantera
107361025,https://www.idealista.com/inmueble/107361025/,Casa o chalet independiente en venta en Els Pavos,140000,90,3,"carrer provença,4",41.67561905639978,2.781819036155578,2025-04-07," ESCUCHAMOS SU OFERTA! Casa en excelente zona de Blanes, muy cerca de la playa y paseo maritimo. A reformar totalmente, son 90 mts 2 construidos en una planta. Distribuidos en cuatro habitaciones, cocina, salon y un baño, atras cuenta con patio descubierto y escalera por la que se accede a la azotea o terraza. Muchas posibilidades por su ubicacion  Ideal pàra reformar o constructores, tambien tenemos disponible la parcela lindante  Consultenos para mas informacion o para una visita sin compromiso  ref: CAS_329(MORE-2939). ",0,1,INMOBROKERS.ES,1,1985.5,0,0,0,0,1,0,0,0,4,0,10,0,0,1,0,0,0,0,0,1,0,0,0,1555.5555555555557,3.0,0,Els Pavos
97019309,https://www.idealista.com/inmueble/97019309/,Casa o chalet independiente en venta en Urbanitzacions,525000,285,5,carrer urbanitzacions,41.690927089710506,2.7931287373638796,2025-04-10," Fantástica e impresionante casa a cuatro vientos con piscina y zona de barbacoa, con una vistas despejadas donde poder ver el mar y todo Blanes, incluido el castillo de Sant Joan.  Al entrar a la planta baja encontramos un amplio hall donde accedemos a dos grandes salas que se pueden utilizar o de dormitorios o de salas/despacho y también un baño con plato de ducha y un pequeño cuarto donde se ubica la caldera, lavadora, secadora.. . En planta primera, hay 3 grandes dormitorios, uno de ellos es suite con una gran bañera y vestidor, totalmente exteriores todos los dormitorios y con acceso a una gran terraza todos ellos, un gran salón comedor también con acceso a la terraza conjunta con los dormitorios, cocina con acceso al terreno de la parte posterior de la casa y otro baño completo con plato de ducha.  También en el pasillo hay acceso a la buhardilla y desde ésta, hay acceso a otra terraza con unas bonitas vistas.  Los acabados son de primera calidad: suelos rústicos, ventanas de aluminio, alarma, calefacción a gasoil y un sin fin de extras, piscina, jardín, barbacoa.. . En cumplimiento de la ley 3/2917 del 13 de febrero de 2018 del Código civil de Cataluña, por el que se aprueba el Reglamento de Información al Consumidor en la compraventa y arrendamiento de viviendas en Cataluña, se informa al cliente que los gastos notariales, registrales e impuestos que le sean de aplicación (ITP o IVA AJD) y otros gastos inherentes a la compraventa, no están incluidos en el precio. ",0,1,FINQUES TARRADELLAS,3,2012.0,1,0,1,0,0,1,1,0,4,3,7,0,0,0,0,0,0,0,1,1,0,0,0,1842.1052631578948,1.6666666666666667,4,Urbanitzacions
105183103,https://www.idealista.com/inmueble/105183103/,Chalet adosado en venta en calle de la Unió s/n,395000,125,4,carrer de la unió s/n,41.67502847709133,2.7926185697870727,2025-01-05," Ubicación, ubicación y ubicación. Si usted es de los que piensa que este es el activo más importante de una propiedad, entonces esta casa podría sea posiblemente lo que anda buscando a porque, además de muchas características especiales, tiene una ubicación increíble. Hablamos de una casa antigua totalmente reformada y situada en pleno centro histórico de Blanes, a menos de 100 metros de la playa, del ayuntamiento, de la iglesia, del mercado y de los principales equipamientos. Incluso el puerto está cerca. Lo único que queda lejos son los pubs, discotecas, hoteles o cualquier fuente de ruidos. Resumiendo el lugar ideal para vivir todo el año y no sólo en verano y precisamente por este motivo y también porque tiene licencia turística, esta es una casa que se podría alquilar fácilmente la mayor parte del año y no sólo la temporada de verano y que por consiguiente le asegura ingresos muy elevados. La casa ha sido completamente renovada en 2024 y consta de: 4 dormitorios, 2 baños y 1 aseo, salón con cocina abierta y una bonita terraza en el techo. Con aire acondicionado y calefacción y licencia turística con ocupación de 10 personas. Ideal como inversión pero también como residencia de vacaciones si deseas estar cerca de todo menos pero gozar de plena tranquilidad y del encanto de las casas antiguas y, obviamente, perfecto para vivir todo el año. ",0,1,immoblanes,3,1964.0,1,0,0,0,0,0,0,1,1,6,102,0,1,0,0,0,0,0,0,1,0,0,0,3160.0,1.3333333333333333,2,Centre
105945451,https://www.idealista.com/inmueble/105945451/,Piso en venta en Centre,138000,35,1,carrer ample,41.67454693196272,2.791958077322335,2025-04-07," Encantadora Bombonera con Licencia Turística en el Casco Histórico de Blanes En pleno casco histórico, en una zona tradicional de pescadores, se encuentra esta acogedora bombonera. Esta vivienda con licencia turística es ideal tanto como inversión, como para los que desean disfrutar del auténtico encanto del pueblo en una ubicación inmejorable, a pocos pasos del puerto y la playa. El apartamento dispone de una luminosa habitación doble, un baño completo y un encantador balcón de 2 m², perfecto para disfrutar de la brisa del mar. La cocina americana, moderna y funcional, se abre hacia el comedor, creando un ambiente acogedor y práctico.  Situado en la primera planta de un edificio con solo un vecino por planta, este espacio combina tranquilidad y privacidad en pleno centro.  Vivir en el casco antiguo de Blanes significa disfrutar de una vida tranquila en un entorno con historia y tradición y la comodidad de tener el mar a muy pocos pasos. No deje pasar la oportunidad de visitarlo! En cumplimiento de la ley 3/2917 del 13 de febrero de 2018 del Código civil de Cataluña, por el que se aprueba el Reglamento de Información al Consumidor en la compraventa y arrendamiento de viviendas en Cataluña, se informa al cliente que los gastos notariales, registrales e impuestos que le sean de aplicación (ITP o IVA AJD) y otros gastos inherentes a la compraventa, no están incluidos en el precio. ",0,1,FINQUES TARRADELLAS,1,1982.0,0,1,0,0,0,0,0,0,4,0,10,0,1,0,0,0,0,0,0,0,0,0,1,3942.8571428571427,1.0,1,Centre
107716430,https://www.idealista.com/inmueble/107716430/,Piso en venta en calle de l'Esperança,295000,95,4,carrer de l'esperança,41.67567626695606,2.794732065666175,2025-04-07," Ceigrup Blanes te ofrece un amplio piso con vistas al mar y al puerto, céntrico y en zona tranquila. Posibilidad de parking al lado. CEIGRUP BLANES, Somos una Empresa de servicios, con 25 años de experiencia y preparada para satisfacer tus necesidades en el sector inmobiliario, en el asesoramiento laboral, fiscal y contable y en el ámbito jurídico. En Blanes, portal de la Costa Brava. Con una amplia Carta de Servicios, para garantizar la máxima calidad, y un equipo especializado en cada una de las áreas. CEIGRUP es una red inmobiliaria integrada por profesionales con larga trayectoria y reconocido prestigio. Nace en el año 1.990, de la mano de tres profesionales con la voluntad de sumar sinergias y crear una misma marca que identifique a unas empresas inmobiliarias que se distinguen por su rigor, profesionalidad y relación de confianza con el cliente. Actualmente y después de más de 25 años de trayectoria CEIGRUP, pese a los convulsos años de crisis vividos, sigue siendo la marca de referencia en la Costa Brava y las comarcas de Girona. ",0,1,Ceigrup Blanes / Caldes.cat,2,1985.5,0,1,0,1,0,0,0,1,4,0,10,0,1,0,0,0,0,0,0,0,0,0,1,3105.2631578947367,2.0,3,Centre
94436165,https://www.idealista.com/inmueble/94436165/,Casa o chalet independiente en venta en calle de la Cala,1850000,340,4,carrer de la cala,41.681468384042,2.8031333530036924,2025-04-02," Villa de lujo en Cala Sant Francesc, Blanes con estupendas vistas al mar. La villa tiene una superficie de 340 m2, 270 m2 útiles, y está construida sobre una parcela de 930 m2, muy bien situada, con sol todo el día.  Ha sido totalmente rehabilitada y decorada recientemente por un equipo de diseñadores y está mejor que nueva.  Dispone de un amplio salón comedor con chimenea con cocina abierta, 4 dormitorios ( 3 suites) y 4 baños.  Amplio jardín con piscina. Acabados de lujo: Parquet de madera natural, calefacción con radiadores de fundición, estucado italiano en toda la casa, ventanas de pvc con puente térmico, sauna,.. .  ref: 17-P-00661. ",0,1,alsina finques,4,1982.0,0,1,0,0,0,1,1,1,4,2,15,1,0,0,0,0,0,0,0,1,0,0,0,5441.176470588235,1.0,4,Cala Sant Francesc - Santa Cristina
106304278,https://www.idealista.com/inmueble/106304278/,Piso en venta en calle del Forn,155000,78,3,carrer del forn,41.674820356750885,2.7922938709593073,2025-03-19," Este piso en pleno centro de Blanes, a menos de 1 minuto de la playa de Blanes es cómodo y acogedor. La cocina es de estilo abierto, equipada con muebles de madera clara está integrada al salón-comedor, creando una sensación de amplitud y luminosidad, gracias también a las grandes ventanas que permiten la entrada de luz natural. El piso tiene dos habitaciones dobles y un despacho/habitación. El baño es funcional y luminoso, con un plato de ducha con mampara de cristal y detalles sencillos en tonos claros, manteniendo la estética minimalista del resto del piso. Finalmente, la terraza compartida en la parte superior del edificio es un espacio ideal para disfrutar de las vistas a Sant Joan y todo el centro. En resumen, es un piso muy práctico y luminoso, con detalles modernos, ideal para alguien que busca vivir en el centro de Blanes, con todas las comodidades y la playa a un paso.  . ",0,1,Comas Inmobiliaria Blanes,1,1967.0,0,0,0,0,0,0,0,0,3,2,29,0,1,0,0,0,0,0,0,0,0,0,1,1987.179487179487,3.0,0,Centre
107772711,https://www.idealista.com/inmueble/107772711/,Piso en venta en paseo de s'Abanell,340000,110,3,passeig de s'abanell,41.66059149561672,2.7827280418471156,2025-04-05," 1ª Línea de Mar S´Abanell! Vistas frontales al mar y laterales, piso de 100m2 construidos más terrazas, abierto al sur-oeste sol todo el día, vistas al mar y al precioso entorno natural, con ascensor, sin problema de aparcamiento, 110m2 construidos y 90m2 útiles, consta de recibidor con alarma instalada, 3 habitaciones exteriores y soleadas, con vistas al mar y jardin y piscina comunitarios super soleadas, con varias terrazas, cocina amplia para comer también exterior vistas amplias mar y pinos, gran salón-comedor con terraza esquinera vistas al mar y orientación sur-oeste, 20m2, vistas despejadas al mar y zona residencial. Conservado. Disfrute de vistas de Crucero, a pie de playa.  Blanes, una de las localidades con turismo más familiar de la Costa Brava. Visitas, restaurantes, alojamientos y mucho más. Playa S´abanell, una de las playas mas grandes y urbanas, aparte de disfrutar de las vistas del mar, en su recorrido encontramos varias zonas verdes y parques infantiles, dónde los más pequeños de la familia, estarán felices entretenidos. ",0,1,Finques Blanda,2,1985.5,1,0,0,1,0,0,1,0,4,5,12,0,0,0,1,0,0,0,0,0,0,0,1,3090.909090909091,1.5,3,Els Pins
105833395,https://www.idealista.com/inmueble/105833395/,Casa o chalet en venta en calle de L'Om,500000,237,4,carrer de l'om,41.690927089710506,2.7931287373638796,2025-03-13," Espectacular Casa a la Venta en Blanes Residencial, Girona! Te presentamos esta magnífica casa independiente, construida en 2005, situada en la exclusiva urbanización de Blanes Residencial, a tan solo 2 minutos del centro de Blanes y de todos los servicios básicos. Con un diseño a cuatro vientos, esta propiedad ofrece una luminosidad inigualable y un entorno natural excepcional. Detalles de la Propiedad: •Superficie construida: 233,73 m² •Superficie útil: 203 m² •Parcela: 463 m² Distribución: - Planta Sótano: 72,37m2 •Amplio aparcamiento. •Habitación de juegos, perfecta para el entretenimiento. •Sala de caldera. - Planta Baja: 82,36m2 útiles + 4,20 m2 de terraza. •Gran Salón Comedor: Diseño a tres vientos con grandes ventanales, proporcionando un espacio amplio y luminoso. Acceso directo al porche y jardín. •Cocina tipo Office: Totalmente equipada, con alacena-despensa, barbacoa-horno de fuego a tierra y acceso directo al porche-jardín. •Baño de cortesía: Con plato de ducha de 3 piezas. •Habitación/Despacho: Esquinera, muy soleada, con dos grandes ventanales. - Planta Primera: 72,80m2 + 4m2 terraza. •3 Habitaciones grandes: Todas exteriores y muy soleadas. Dos de ellas con acceso a un balcón-terraza. •Suite principal: Con cuarto de baño privado que incluye bañera, un gran vestidor incorporado y salida a balcón-terraza. - Exterior: •Jardín delantero: Con un pasillo aplacado en piedra y césped circundante. •Zona trasera: Porche con terraza, barbacoa de obra con dos leñeros, zona de picnic y chill-out, y una piscina con sistema de depuración. - Comodidades: •Calefacción central en todas las estancias por caldera mixta a gasoil. •Carpintería exterior de PVC blanco con cristal cámara y puente térmico. •Suelos de gres en planta baja y parquet en la planta de habitaciones. Esta es la casa ideal para quienes buscan confort, diseño y una ubicación inmejorable en Blanes. , a escasos 5 min del centro del pueblo, al lado de grandes comercios cómo Decathlon y Aldi, y muy bien comunicado con autopista. Blanes es uno de los pueblos con mas encanto de la Costa Brava; rodeado de preciosas calas, no puedes perderte pasear por los callejones del centro del pueblo, la gran playa central con su bonito paseo marítimo lleno de vida, el puerto marítimo, el castillo de Sant Joan o los jardines Mar i Murtra. ",0,1,ASIFRAN GROUP SL,2,2005.0,1,0,1,0,0,1,1,0,3,3,35,0,0,0,0,0,0,0,1,1,0,0,0,2109.7046413502107,2.0,4,Urbanitzacions
86195608,https://www.idealista.com/inmueble/86195608/,Chalet pareado en venta en calle de les Guilleries,140000,90,3,carrer de les guilleries,41.67176524464972,2.7821273632430787,2025-04-01," NO COBRAMOS COMISIÓN DE INTERMEDIACIÓN AL COMPRADOR Excelente oportunidad de adquirir en propiedad esta casa que cuenta con una superficie de 90m², bien distribuida en una planta con un salón-comedor con salida a una amplia terraza, cocina, 3 habitaciones, 1 baño y un trastero ubicado en la localidad de Blanes, provincia de Girona.  Esta casa a reformar, ofrece un gran potencial tanto como hogar familiar o inversión. Una de las características más destacadas es la amplia terraza en la planta superior, que ofrece vistas panorámicas de la localidad y del entorno natural. Este espacio se puede transformar en una zona de relax, comedor exterior para disfrutar del clima mediterráneo durante todo el año. La propiedad cuenta con un lavadero independiente, ideal para tareas domésticas y almacenamiento adicional. Es un espacio que facilita la organización y que, con una reforma, puede adaptarse perfectamente a tus necesidades. Situada en una zona tranquila de Blanes, a pocos minutos del centro del pueblo y de las hermosas playas que caracterizan la Costa Brava. Estás a un paso de todos los servicios necesarios, como supermercados, colegios, restaurantes y transportes públicos, sin perder la paz y la serenidad de la zona. Esta casa está pensada para aquellos que buscan calidad de vida a un precio competitivo. Es la oportunidad ideal para quienes desean vivir en una zona tranquila sin alejarse de todos los servicios y comodidades que ofrecen las grandes ciudades. ¿Te gustaría tener más información? Hipoges es una plataforma inmobiliaria donde podrás acceder a miles de activos inmobiliarios de diferentes tipos como viviendas, locales comerciales, terrenos, nueva obra, tanto a nivel particular como para inversores. Hipoges cuenta con una amplia cartera de activos inmuebles tanto en España como en Portugal y Grecia.  ¿Necesitas financiación? Te ofrecemos la posibilidad de financiaciones de hasta el 100% para la compra de este inmueble. Entra en Finanwin. com, haz tu simulación y obtén la mejor oferta para tu Hipoteca de la manera más ágil y sencilla. ",0,1,Hipoges,1,1965.0,1,0,0,0,1,0,0,0,4,1,16,0,0,1,0,0,0,0,0,1,0,0,0,1555.5555555555557,3.0,1,Els Pavos
97496404,https://www.idealista.com/inmueble/97496404/,Casa rural en venta en camino de Sant Pere del Bosc,549000,230,4,carrer camino de sant pere del bosc,41.690927089710506,2.7931287373638796,2025-03-20," Preciosa casa con encanto situada a 4 km de Blanes. Con vistas al Montseny. Orientación sur. A 30 km del aeropuerto de Girona-Costa Brava y a 60 km de la ciudad de Barcelona y su aeropuerto. Edificada sobre una parcela de 10.000 m2 con bosque y jardín, cercado con postes y alambrada. Construida en el año 1969, bien conservada, es de dos plantas con una superfície construida de 230 m2, agua proveniente de pozo comunitario. En planta principal: recibidor con armarios empotrados, sala de estar/comedor (54m2) con chimenea y salida a terraza. Sala estudio, con trastero, y salida a otra terraza y jardín. Cocina abierta bien equipada, con electrodomésticos nuevos. Dormitorio doble con baño de 4 piezas incorporado. Dormitorio doble con ducha y lavabo incorporado, armario y altillos empotrados. Dormitorio individual con ducha y lavabo incorporado, armario y altillo empotrados. Aseo independiente. Sala polivalente de 17.60 m2 con lavabo incorporado. Sobre esta planta hay una terraza solarium de 20 m2. En planta inferior, con entrada independiente: Porche con arcos de 23m2 con salida a otra terraza y zona de jardín. Dormitorio, con baño incorporado. Espacio polivalente de 18 m2 Construcción adosada para y caseta para herramientas de jardín y contadores. Edificado aparte, un garaje para un coche y espacio para leña. Depósito para 35000 litros de agua. La casa se vende amueblada y equipamiento de máquinas para el jardín.  Información adicional: Teléfono, Wifi, Antena Tv, Contrato gas butano, Agua caliente mediante 3 calentadores eléctricos. Alarma instalada. ",0,1,Finques Gironés,2,1969.0,1,0,1,0,0,1,0,0,3,3,28,0,0,0,0,0,0,0,1,1,0,0,0,2386.9565217391305,2.0,3,Urbanitzacions
88661622,https://www.idealista.com/inmueble/88661622/,Piso en venta en calle de les Guilleries,140000,178,4,carrer de les guilleries,41.67176524464972,2.7821273632430787,2025-04-02," Piso en venta en Blanes, Gerona. Dispone de una superficie de 178 m² distribuidos en 3 habitaciones, un luminoso salón-comedor, cocina amueblada con lavadero y 2 baños, una de ellas con plato de ducha. Cuenta con suelos de parquet. Cerca de comercios, restaurantes, supermercados, centros educativos, centros sanitarios, zonas verdes y paradas de autobús. Cuenta con acceso a la GI-6831. Aprovecha la oportunidad y contacta con nosotros. En Aliseda Inmobiliaria tenemos la mayor oferta de inmuebles al mejor precio garantizado. Descubre nuestra amplia oferta inmobiliaria y no pierdas la oportunidad de encontrar la casa perfecta para ti.  Oportunidad de inversión: inmueble ocupado. Consulte con nuestro Agente Comercial la información adicional sobre el inmueble y las condiciones especiales de compraventa. El precio del inmueble ha sido fijado en atención a que el inmueble se adquiera por el comprador en estado de ocupado por lo que no aplicaría dicho precio si en el momento de formalización de la escritura pública el inmueble se encontrara libre de ocupantes. Imposibilidad de visita interior. Las fotografías pueden no corresponderse con el estado actual del inmueble. ",1,1,Aliseda inmobiliaria,2,1985.5,0,0,0,0,0,0,0,0,4,2,15,0,0,1,0,0,0,0,0,0,0,0,1,786.5168539325842,2.0,0,Els Pavos
101601297,https://www.idealista.com/inmueble/101601297/,"Piso en venta en Gi-682, 95",75000,42,1,"carrer gi-682, 95",41.67895764668778,2.7842895791066704,2025-04-10," Oportunidad de inversión: pendiente de Inscripción. Oportunidad de inversión: inmueble con cargas. Piso en Blanes en zona residencial y comercial, cerca de todos los serviciosUbicado en una zona consolidada de Blanes, este acogedor piso se encuentra en un edificio construido en 2007, ofreciendo una excelente oportunidad para quienes buscan comodidad y una ubicación privilegiada. La vivienda cuenta con una distribución funcional, con un dormitorio doble, un luminoso salón-comedor, cocina independiente y un baño completo. Su diseño aprovecha al máximo el espacio, ofreciendo un ambiente acogedor y práctico. Su entorno es ideal para la vida diaria, con proximidad a centros comerciales, farmacias, colegios y otros servicios esenciales. Además, su cercanía a las principales vías de comunicación de la ciudad facilita los desplazamientos tanto en transporte privado como público. Si buscas una vivienda bien situada en Blanes, en una zona con todos los servicios al alcance, ¡no dudes en solicitar más información! ",0,1,Altamira,1,1985.5,0,0,0,0,0,0,0,0,4,3,7,0,0,0,0,0,0,1,0,0,0,0,1,1785.7142857142858,1.0,0,Semicentre
94649893,https://www.idealista.com/inmueble/94649893/,Estudio en venta en plaza Medellín,74000,60,0,plaça medellín,41.667820573804775,2.7742319982362633,2025-04-02," Piso en venta en Blanes, Gerona. Dispone de una superficie de 50 m² distribuidos en 2 habitaciones, salón-comedor con terraza, cocina con lavadero y 1 baño. Está situado cerca de la plaza de Mérida cerca de comercios, servicios básicos, supermercados y centros educativos. Tiene fácil acceso a la GI-6831. ¿Te interesa pasar a verlo? Llámanos. En Aliseda Inmobiliaria tenemos la mayor oferta de inmuebles al mejor precio garantizado. Descubre nuestra amplia oferta inmobiliaria y no pierdas la oportunidad de encontrar la casa perfecta para ti.  Oportunidad de inversión: inmueble ocupado. Consulte con nuestro Agente Comercial la información adicional sobre el inmueble y las condiciones especiales de compraventa. El precio del inmueble ha sido fijado en atención a que el inmueble se adquiera por el comprador en estado de ocupado por lo que no aplicaría dicho precio si en el momento de formalización de la escritura pública el inmueble se encontrara libre de ocupantes. Imposibilidad de visita interior. Las fotografías pueden no corresponderse con el estado actual del inmueble. ",1,1,Aliseda inmobiliaria,1,1985.5,1,0,0,0,0,0,0,0,4,2,15,0,0,0,0,1,0,0,0,0,1,0,0,1233.3333333333333,0.0,1,La Plantera
105527268,https://www.idealista.com/inmueble/105527268/,"Casa de pueblo en venta en calle de Sant Joan, 28",335000,128,3,"carrer de sant joan, 28",41.67416835194289,2.789374932838504,2024-12-02," ¡OPORTUNIDAD! Casa de pueblo situada en el en casco antiguo de Blanes, bien conservada, con garaje privado muy grande, 3 habitaciones dobles, 2 baños completos con bañera y 1 aseo. Salón comedor con cocina americana, 2 balcones, terrado privado de 15 m2 y lavadero. Es esquinera, da a 2 calles y por ello tiene mucha luz natural. Está distribuída en 3 plantas con escaleras amplias con cristalera. La ubicación no puede ser mejor, a 1 calle de la Plaza Cataluña y 2 minutos de la playa. ",0,1,Finques Muralla,3,1900.0,1,0,1,0,0,0,0,0,12,0,136,0,1,0,0,0,0,0,0,1,0,0,0,2617.1875,1.0,2,Centre
107867635,https://www.idealista.com/inmueble/107867635/,Piso en venta en plaza Medellín,92500,53,2,plaça medellín,41.667820573804775,2.7742319982362633,2025-04-08," Acogedor apartamento de 2 habitaciones. El apartamento está compuesto por salón comedor con salida al balcón, 2 habitaciones, baño y cocina individual con lavadero. Es un cuarto sin ascensor. El inmueble tiene los cerramientos exteriores de madera con persianas y los interiores en madera, suelo de terrazo, tiene un altillo en el pasillo y cocina y baño en perfecto estado. Listo para entrar a vivir. Es una cuarta planta sin ascensor. Situado a 900 metros de la playa. Fácil aparcamiento y muy bien comunicada con el transporte público autobús y tren. Cerca de comercios, supermercados, colegios, biblioteca, ambulatorio, etc. A 32 km. del aeropuerto de Girona y a 85 km. del de Barcelona. ",0,1,Inmo & Foto Fer,1,1975.0,0,1,0,0,0,0,0,0,4,1,9,0,0,0,0,1,0,0,0,0,0,0,1,1745.2830188679245,2.0,1,La Plantera
107376236,https://www.idealista.com/inmueble/107376236/,Chalet pareado en venta en Semicentre,250000,172,5,"carrer anselm clavé,62",41.677296,2.7873864,2025-03-19," Magnífica casa de pueblo con local comercial y garaje, situada en Ca La Guido, Blanes. Perfecta oportunidad para alguien que tenga un negocio familiar. La casa está distribuida en 3 plantas de la siguiente manera: en la planta baja se encuentra el local comercial y un garaje, actualmente convertido en un pequeño apartamento. En la planta primera hay un salón-comedor, una cocina-office, 3 dormitorios, un cuarto de baño y un trastero. En la planta superior tenemos 2 dormitorios, un cuarto de baño, zona de lavado y salida a una terraza grande. Organice la visita, ésta casa tiene mucho que ofrecerle! ***La descripción expuesta es meramente informativa, puede contener errores involuntarios y no tiene valor contractual. ***. ",0,1,QS Estate Agency,3,1968.0,1,0,1,0,0,1,0,0,3,2,29,0,0,0,0,0,0,1,0,1,0,0,0,1453.4883720930231,1.6666666666666667,3,Semicentre
104266041,https://www.idealista.com/inmueble/104266041/,Casa o chalet independiente en venta en camino de Santa Cristina,695000,230,3,carrer camino de santa cristina,41.68073694570642,2.8053933238100295,2025-03-27," ¡Descubre el hogar de tus sueños en la exclusiva Urbanización Santa Cristina de Blanes! Esta impresionante casa independiente ofrece un estilo de vida de lujo con sus 230 m² construidos y 225 m² útiles. Con un diseño elegante y moderno, la propiedad cuenta con un ascensor que conecta todas las plantas, facilitando el acceso a cada rincón de la casa. Disfruta de momentos inolvidables en su amplia terraza con vistas al mar, perfecta para relajarte o compartir con amigos y familiares. El interior de la vivienda es simplemente espectacular. El salón-comedor, equipado con una acogedora chimenea, es el espacio ideal para disfrutar de las noches de invierno. La cocina, con zona de comedor y acceso a otra terraza, está diseñada para los amantes de la gastronomía. Con tres habitaciones dobles, dos de ellas en suite, y tres baños, esta casa garantiza el máximo confort para toda la familia. Además, cuenta con armarios empotrados y trastero para mantener todo en orden. El exterior no se queda atrás, ofreciendo una piscina en el piso superior con vistas panorámicas que te dejarán sin aliento. La zona de barbacoa y la climatización de aire acondicionado con bomba de calor aseguran que puedas disfrutar del espacio al aire libre durante todo el año. Con un garaje para dos coches y una parcela de 527 m², esta casa es una oportunidad única que no puedes dejar pasar. ¡Ven a conocerla y enamórate de tu nuevo hogar! ",0,1,Finques Gironés,3,2001.0,1,0,1,0,0,1,1,1,3,3,21,1,0,0,0,0,0,0,0,1,0,0,0,3021.7391304347825,1.0,5,Cala Sant Francesc - Santa Cristina
107835972,https://www.idealista.com/inmueble/107835972/,Casa o chalet independiente en venta en Cala Sant Francesc - Santa Cristina,790000,268,4,carrer de la cala,41.680072801197625,2.808561880008474,2025-04-11," Casa con vistas espectaculares al mar en Cala Sant Francesc Esta vivienda, situada en la prestigiosa urbanización de Cala Sant Francesc, destaca por sus impresionantes vistas al mar y su excelente orientación, disfrutando de sol durante todo el día. La propiedad necesita reformas, pero su ubicación privilegiada y su distribución la convierten en una oportunidad única. Al acceder por la entrada exterior, encontramos una piscina privada y un amplio mirador con vistas panorámicas al mar y a la urbanización. Desde aquí, se accede al interior de la vivienda, donde nos recibe un espacioso salón-comedor con grandes ventanales que permiten disfrutar del paisaje. La cocina, amplia y funcional, se encuentra conectada a esta zona principal. En esta misma planta, a la izquierda, hay un aseo de cortesía y dos habitaciones dobles con vistas, además de un baño completo. La planta superior alberga dos dormitorios dobles adicionales, ambos con acceso a una amplia terraza con vistas al mar, y un baño completo. En el exterior, la casa dispone de un garaje privado y un acceso cómodo y rápido, evitando la necesidad de entrar al centro de Blanes, lo que facilita la movilidad. Ubicada en una de las mejores zonas residenciales, esta casa es ideal tanto para una residencia vacacional como para vivir todo el año, combinando tranquilidad, vistas excepcionales y un entorno privilegiado. Blanes es una ciudad turística muy conocida por el concurso de fuegos artificiales durante el festival de Santa Anna en verano. Durante la semana hay más actividades organizadas por el ayuntamiento, ya que es una semana de festividades en Blanes.  Otros lugares de interés son las preciosas calas de Blanes y la Costa Brava, las fantásticas playas y los jardines botánicos, como el “Mar i Murtra”, que cubre casi 15 hectáreas e incluye más de 4000 especies diferentes de plantas.  La ciudad ofrece un sinfín de actividades y clubs deportivos, entre ellos el renombrado Club de Vela Blanes, uno de los más importantes clubs de vela de la Costa Brava.  El paseo marítimo es extenso y alberga varios restaurantes y bares. En todo el pueblo, de los 150 restaurantes especializados, donde encontrarán todo tipo de ofertas culinarias: catalana, italiana, holandesa, griega, china, etc. La población de Blanes se encuentra a tan solo 1 hora del aeropuerto de Barcelona y a unos 40 min del aeropuerto de Girona.  Si desea comprar o vender alguna casa en la Costa Brava no dude en ponerse en contacto con Engel & Völkers Costa Brava Sud. ",0,1,Engel & Völkers Costa Brava Sud,2,2001.0,1,0,0,0,1,1,1,1,4,4,6,1,0,0,0,0,0,0,0,1,0,0,0,2947.7611940298507,2.0,4,Cala Sant Francesc - Santa Cristina
105359433,https://www.idealista.com/inmueble/105359433/,Piso en venta en calle Josep Carner,136000,105,3,carrer josep carner,41.66837048986316,2.7776464965773737,2025-03-14," Espacioso piso en Blanes, Gerona, ideal para parejas. La vivienda cuenta con una superficie de 105 m² construidos distribuidos en salón-comedor, cocina. Localizado en el corazón de Blanes, en sus alrededores encontramos la Escola Pública Napoleó Soliva, supermercados, bibliotecas, farmacias, centros deportivos, varias paradas de autobús y la estación de tren Blanes. Cuenta con fácil acceso a GI-682. ",0,1,Cathabitat,2,1985.5,1,0,0,0,1,0,0,0,3,4,34,0,0,0,0,1,0,0,0,0,0,0,1,1295.2380952380952,1.5,1,La Plantera
97084062,https://www.idealista.com/inmueble/97084062/,Casa o chalet en venta en calle de Raval,550000,474,5,carrer de raval,41.67651690114528,2.7922850047117125,2024-05-16," La situación es inmejorable. En pleno centro de Blanes, cerca de todo y con la playa a 3 minutos andando. Sin duda la comodidad tiene un peso importante en esta casa.   En cuanto al interior, luz y amplitud son las dos mejores palabras para describir esta gran casa de 4 plantas. Los espacios interiores son grandes, abiertos y compartidos. Todo está pensado para sentirse cómod@ y las grandes entradas de luz acaparan la atención de cualquiera que la habite. La distribución está preparada para que la zona de día tenga la mayor importancia, la mayor luminosidad y también la mayor comodidad. Y para rematar esta gran finca, la guinda, una gran terraza preparada para tener una pequeña piscina en la parte superior. Un lujo difícil de ver en el centro de Blanes. Una casa para vivir toda una vida.  . ",0,1,Comas Inmobiliaria Blanes,3,2005.0,1,0,1,0,1,0,0,0,5,3,336,0,1,0,0,0,0,0,0,1,0,0,0,1160.337552742616,1.6666666666666667,2,Centre
106966082,https://www.idealista.com/inmueble/106966082/,"Ático en venta en paseo Bitácora, 9",850000,170,4,"passeig bitácora, 9",41.6791319,2.8060196999999993,2025-04-02," RA1318 ÁTICO EN EXCLUSIVA DE ROGER ALBERT Real Estate - 4 HABITACIONES TODAS CON SU BAÑO - UNA SALA POLIVALENTE - 4 BAÑOS - SUPERterraza CON VISTAS AL MAR - TODO EN UNA PLANTA - 2 GARAJES PRIVADOS - ZONA VERDE CON PISCINA COMUNITARIA La mayoría de los mortales disfrutamos de la playa de forma similar: nos alojamos en algún hotel o apartamento, pasamos unas cuantas horas al día en la playa para aprovechar bien el viaje, y después de unos días volvemos con algo de color a nuestra vida lejos del mar. Pero si tienes una vivienda como esta, la cosa cambia: podrás bajar a la playa a darte chapuzones matutinos a solas o largos paseos por la playa en temporada baja. No importará si vives aquí o si vienes por temporadas, no tendrás por qué llamarlo “el apartamento de la playa”, porque este siempre será tu hogar en la playa. VIVIENDA - Gran zona de día (sala d'estar, comedor) - Superterraza con vista al mar - Cocina de diseño separada, pero integrada a la zona de día - Habitación con baño - Habitación con baño y zona despacho - Zona polivalente - Habitación con baño - Habitación con baño - Zona patio solarium TE GUSTARÁ SABER.. . El ático se encuentra en la Cala Sant Francesc a tan solo 2 km del centro de Blanes, encontramos la pequeña y acogedora cala Sant Francesc también conocida con el nombre de cala Bona, a la que podemos acceder fácilmente en coche o a pie siguiendo el camino de ronda desde el Jardín Botánico Marimurtra o bien desde el Castillo de Sant Joan. Situada en una zona residencial, destaca por sus aguas cristalinas y por su espectacular entorno natural, lleno de pinos. Es una cala ideal para pasar el día con la familia o la pareja, además cuenta con baños y duchas adaptados y con un gran restaurante en primera línea. La Cala Sant Francesc ha obtenido las distinciones de Calidad Ambiental y Bandera Azul. En 2022, Cala Sant Francesc ha sido votada como una de las mejores 22 playas de Europa según los viajeros de la comunidad European Best Destination. ",0,1,Roger Albert Real Estate,4,1981.0,1,0,1,0,0,0,1,1,4,2,15,1,0,0,0,0,0,0,0,0,0,0,1,5000.0,1.0,4,Cala Sant Francesc - Santa Cristina
27022334,https://www.idealista.com/inmueble/27022334/,Casa o chalet en venta en via sense nom,850000,300,5,carrer via sense nom,41.690927089710506,2.7931287373638796,2025-04-01," Ceigrup Blanes te ofrece una gran casa de 300 m2, con 5 habitaciones dobles y una sala diáfana, 6 baños, comedor con chimenea, cocina donde poder hacer vida familiar, comedor de verano junto a una magnífica piscina, jardín, barbacoa, diferentes terrazas, con vistas a Blanes, Tordera, Malgrat, Montseny.. . espectacular. CEIGRUP BLANES, Somos, una Empresa de servicios, con más de 20 años de experiencia y preparada para satisfacer sus necesidades en el sector inmobiliario, en el asesoramiento laboral, fiscal y contable y en el ámbito jurídico. · En Blanes, pórtico de la Costa Brava. · Con una amplia carta de servicios, para garantizar la máxima calidad, y un equipo especializado en cada una de las áreas. ",0,1,Ceigrup Blanes / Caldes.cat,6,1985.5,1,0,1,0,0,1,1,0,4,1,16,0,0,0,0,0,0,0,1,1,0,0,0,2833.3333333333335,0.8333333333333334,4,Urbanitzacions
103930734,https://www.idealista.com/inmueble/103930734/,Casa o chalet independiente en venta en calle Mirador de la Cala,1000000,299,5,carrer mirador de la cala,41.68158738092193,2.809054331191985,2025-03-28," Villa con increíbles vistas al mar en la urbanización de Cala Sant Francesc en Blanes. Situada a solo 5 minutos a pie de la playa Cala Sant Francesc, esta casa ofrece una vida lujosa. La casa dispone de unos 299 m2, con una gran parcela de 873 m2. Tiene 5 habitaciones y 3 baños. Se distribuye en 3 plantas y cuenta con chimenea. En la planta principal se encuentra salón-comedor con gran terraza, cocina independiente totalmente equipada con electrodomésticos Miele y 1 habitación con baño. En el segundo piso encontrarás biblioteca, 3 amplios dormitorios dobles, incluyendo una habitación principal con baño privado, así como acceso a una espaciosa terraza. Y la planta baja es totalmente autónomo. Tiene cocina propia, dormitorio con baño y vestidor. Cuarto de lavado, sala, bodega. ¡Todos los pisos y habitaciones con preciosas vistas al mar! La casa también dispone de calefacción de gas. Garaje para 2 coches. La casa está construida con materiales de la más alta calidad, otorgándole un aspecto lujoso y duradero. Esta es la vivienda ideal donde el lujo, la comodidad y la singularidad se combinan en un equilibrio perfecto. La casa tiene un hermoso jardín con árboles frutales y piscina con fantásticas vistas al mar. Donde el borde de la piscina se funde con el horizonte y crea la impresión de un mar infinito. La urbanización tiene su propia área comunitaria con una gran piscina, canchas de tenis, un bar y un parque infantil. La urbanización está vigilada las 24 horas. Las playas de Blanes reciben cada año la bandera azul. Este es un signo de la calidad de pureza del agua. La casa está ubicada entre dos jardines botánicos. Los residentes de la urbanización también disponen de su propio aparcamiento cerca de la playa y de una gran piscina comunitaria. Y una vista impresionante por la noche del camino lunar y temprano en la mañana cuando los barcos pesqueros regresan al puerto. En cumplimiento de la ley 3/2017 del 13 de febrero de 2018 del CÓDIGO CIVIL DE CATALUNYA, por el que se aprueba el Reglamento de Información al Consumidor en la compraventa y arrendamiento de viviendas en CATALUÑA, se informa al cliente que los gastos notariales, registrales e impuestos que le sean de aplicación (ITP o IVA + AJD ) y otros gastos inherentes a la compraventa no están incluidos en el precio. ",0,1,Estate Barcelona,3,1984.0,1,0,1,0,0,1,1,0,3,4,20,1,0,0,0,0,0,0,0,1,0,0,0,3344.4816053511704,1.6666666666666667,4,Cala Sant Francesc - Santa Cristina
107170945,https://www.idealista.com/inmueble/107170945/,Casa o chalet independiente en venta en calle Mirador de la Cala,850000,344,3,carrer mirador de la cala,41.68158738092193,2.809054331191985,2025-04-15," Con LICENCIA TURÍSTICA al día para alquiler vacacional o alquilar el piso anexo independiente que tienen en la primera planta. Fabulosa casa independiente de cuatro niveles con ascensor, piscina privada y magnificas vistas al mar en una urbanización privilegiada en Cala de Sant Francesc, una de las zonas más preciosas de Blanes.  Esta finca dispone de unas espectaculares vistas a la cala de Sant Francesc y parte de la Costa Brava. Construida en una parcela de fácil acceso con una superficie de 1.132 m2, de los cuales 344 m2 son construidos. Se distribuye en cuatro plantas con ascensor. En la planta baja encontramos un garaje doble de 34 m2, con cabida para dos coches y motos. En el interior de la casa hay un ascensor que comunica las tres primeras plantas. En la primera, se encuentra un apartamento de 80 m2 compuesto por un salón comedor con cocina americana y un baño completo con plato de ducha. Ideal para recibir invitados o alquilar, ya que es independiente de la vivienda principal. Mediante unas escaleras exteriores o bien por el mismo ascensor, accedemos a la segunda planta, donde dispone de una gran terraza con unas espectaculares vistas al mar y con posibilidad de cerrar y hacer otra habitación o comedor.  La tercera planta se destina a la vivienda principal, donde se encuentra un salón comedor con salida a una gran terraza, donde tenemos vistas espectaculares al mar y entorno arbolado. Junto al salón, una amplia cocina independiente con salida a una terraza exterior con barbacoa donde disfrutar en un relajante almuerzo o comida al exterior y privacidad. La parte de los dormitorios, está compuesta por un baño completo con plato de ducha y tres habitaciones dobles, una de ellas tipo suite con un baño completo con bañera. Todas disponen de armarios empotrados y acceso a una terraza con vistas al mar. Unas escaleras exteriores, conducen a la zona de la piscina con terraza y solarium donde disfrutar de unas privilegiadas vistas. La carpintería exterior es de aluminio, la interior de madera y los suelos de gres. Las vistas al mar, acaparan el protagonismo de casi todas las estancias de la casa. La comunidad o urbanización cuenta con seguridad privada las 24hrs y barrera de coches para que en verano tenga total privacidad los vecinos y puedan aparcar frente a su casa y un club social al lado de la cala St Francesc con aparcamiento privado, piscina, pistas de tenis y demás. Exclusivo sólo para los vecinos de la zona.  Muy buen acceso en carretera a NII y A utopista a 70 km de Barcelona y a 40 km de Girona. Con estación de tren y muy buena comunicación con los aeropuertos de Barcelona y Girona. Hemos añadido imágenes con IA como ejemplo.  Ven a verla! Te encantará!. ",0,1,Maritim Inmobiliaria,3,1999.0,1,0,1,0,1,1,1,0,4,1,2,1,0,0,0,0,0,0,0,1,0,0,0,2470.9302325581393,1.0,4,Cala Sant Francesc - Santa Cristina
107139246,https://www.idealista.com/inmueble/107139246/,Piso en venta en paseo Cortils i Vieta,388000,81,3,passeig cortils i vieta,41.67220716272651,2.790415891742099,2025-04-03," ¡Descubre tu oasis junto al mar en el corazón de Blanes! Este espectacular piso en primera línea te ofrece la combinación perfecta de comodidad y vistas impresionantes. Con 81 m², disfruta de una luminosidad inigualable gracias a su orientación que garantiza sol durante todo el día. Sus 3 dormitorios y 2 baños, junto con una moderna cocina americana, hacen de este espacio un lugar ideal para vivir. Relájate en su bonita terraza y balcón mientras sientes la brisa marina. Además, cuenta con armarios empotrados, trastero y está en buen estado, listo para entrar a vivir. Construido en 1970, este piso en la planta 1 con ascensor ofrece calefacción de gas natural y aire acondicionado para tu confort. ¡No dejes pasar esta oportunidad única a un precio inmejorable! Ven y comprueba por ti mismo el encanto de vivir a pie de playa y del centro del pueblo. Clase energética E. ",0,1,DANLUX INVEST,2,1970.0,0,1,0,1,0,0,0,1,4,3,14,0,1,0,0,0,0,0,0,0,0,0,1,4790.123456790124,1.5,3,Centre
96354875,https://www.idealista.com/inmueble/96354875/,Casa o chalet en venta en Centre,395000,127,4,carrer ample,41.67454693196272,2.791958077322335,2025-02-28," Esta maravillosa casa, a escasos 150 mts de la playa de Blanes, construida en los años 60, cuenta con toda la esencia del centre vila. Consta de 4 habitaciones (una de ellas en el ático, tipo loft con salida a dos de las terrazas con vistas parciales a mar y acceso a cuarto lavadero), 2 baños completos y un aseo, un gran salón comedor en la planta baja, y una cocina independiente. Está dotada de calefacción a gas natural y aire acondicionado en cada una de sus estancias. A pesar de tener 60 años, ha sido reformada recientemente, con un buen mantenimiento interior. Cuenta con carpintería exterior de aluminio, suelos y puertas nuevas, hechas a medida por la gran altura de los techos en alguna de las plantas y una fachada impecable entre otras cosas. No va a encontrar mejor ubicación! No se lo pierda, venga a visitarla sin compromiso. Además existe la posibilidad de adquirir una plaza de aparcamiento cerrada, con amplia maniobrabilidad y cabida para 2 coches pequeños o coche grande y moto; si bien se encuentra en una ubicación separada a la de la vivienda, en otro barrio del mismo municipio de Blanes. En cumplimiento de la ley 3/2917 del 13 de febrero de 2018 del CODIGO CIVIL DE CATALUNYA, por el que se aprueba el Reglamento de Información al Consumidor en la compraventa y arrendamiento de viviendas en CATALUÑA, se informa al cliente que los gastos notariales, registrales e impuestos que le sean de aplicación ( ITP ó IVA + AJD ) y otros gastos inherentes a la compraventa no. ",0,1,FINQUES DEKL,3,1964.0,0,0,0,0,0,0,0,0,2,4,48,0,1,0,0,0,0,0,0,1,0,0,0,3110.236220472441,1.3333333333333333,0,Centre
106714860,https://www.idealista.com/inmueble/106714860/,Casa o chalet independiente en venta en calle Cardenal Vidal i Barraquer,900000,200,4,carrer cardenal vidal i barraquer,41.67844965529102,2.793850188246986,2024-12-11," Casa / chalet en Sant Joan, con unas vistas espectaculares! Finca construida sobre una parcela de 460m² con una superficie construida de 200m². En la planta calle tenemos un parking y un garaje para varios coches, entramos a la planta primera y tenemos un amplio recibidor que conecta con una habitación doble, cocina independiente con chimenea y una gran despensa y un salón comedor con chimenea y unas vistas completamente a la playa de Blanes, bajamos a la planta segunda y tenemos 3 habitaciones dobles, baño completo y una gran bodega de 45m², tenemos salida a una terraza de 35m²con vistas frontales espectaculares a la playa de Blanes. También tenemos una piscina privada con una zona de terraza. Y en la planta baja tenemos una zona con arboles frutales y zona verde. La finca esta situada en una de las mejores zonas de alto standing de Blanes. No dude en visitarla! “ En cumplimiento de la ley 3/2917 del 13 de febrero de 2018 del Código civil de Cataluña, por el que se aprueba el Reglamento de Información al Consumidor en la compraventa y arrendamiento de viviendas en Cataluña, se informa al cliente que las gastos notariales, registrales e impuestos que le sean de aplicación (ITP o IVA AJD) y otros gastos inherentes a la compraventa no están incluidos en el precio. ",0,1,FINA PIDEMUNT,2,1985.5,1,0,1,0,0,1,1,1,12,2,127,0,0,0,0,0,1,0,0,1,0,0,0,4500.0,2.0,5,Mont Ferrant - Sant Joan
107082075,https://www.idealista.com/inmueble/107082075/,Ático en venta en calle d'Ovidi Montllor,375000,105,3,carrer d'ovidi montllor,41.674751046817285,2.7819263734109243,2025-04-03," Precioso ático en una de las mejores zonas de blanes, con casi 100m2 de vivienda y mas de 80m2 de terraza, distribuido de la siguiente manera: en una cuarta planta tenemos recibidor, comedor amplio con salida al balcon, muy luminoso y soleado, cocina independiente totalmente equipada, 3 habitaciones dobles, una de ellas tipo suite con su baño dentro, un planta mas arriba tenemos la terraza con vistas espectaculares, donde poder hacer sus reuniones familiares, barbacoas.. . Y disfrutar del espacio al aire libre. Por el mismo edificio se accede a las 2 plazas de parquins, una de ellas para coche y moto, y al trastero. Muy buena ubicacion, cerca de farmacias, restaurantes, supermercados. Todos los servicios cerca. No lo dude y llamenos para mas información y visitas. Like home lloret, tu inmobiliaria de confianza. Estamos en la calle francesc cambó 22, local 2 de lloret de mar 17310. Contáctanos al / o vía e-mail: visita para descubrir toda nuestra oferta. En cumplimiento de la ley 3/2917 del 13 de febrero de 2018 del codigo civil de catalunya, por el que se aprueba el reglamento de información al consumidor en la compraventa y arrendamiento de viviendas en cataluña, se informa al cliente que los gastos notariales, registrales e impuestos que le sean de aplicación (itp ó iva + ajd ) y otros gastos inherentes a la compraventa no están incluidos en el precio. -. ",0,1,LIKE HOME LLORET serveis immobiliaris,2,2006.0,0,0,1,1,0,0,0,0,4,3,14,0,0,1,0,0,0,0,0,0,0,0,1,3571.4285714285716,1.5,2,Els Pavos
106915916,https://www.idealista.com/inmueble/106915916/,Piso en venta en calle Segre,75000,51,2,carrer segre,41.692919889678585,2.797144194597745,2025-04-08," Pisos de segunda mano situados en la localidad de Blanes, en la provincia de Girona. Cuenta con una superficie de 52 m² y 72 m², según vivienda, distribuidos en salón-comedor, cocina, 2 dormitorios y 1 baño. Se encuentra próximo de todo tipo de servicios como hospitales, iglesias, jardines y a 11 minutos del camping Las Mimosas. Dispone cerca de establecimientos tales como restaurantes, alojamientos, bares, supermercados, etc Zona con buena comunicación tanto con el transporte público con paradas de autobús de líneas interurbanas, como por carretera mediante GI-682.Con nuestros servicios podrá encontrar la vivienda que necesita y asegurar su inversión con el mejor de los asesoramientos especializados. Empiece ahora mismo pidiendo más información. Un responsable cercano a usted le atenderá personalmente. - El inmueble se encuentra ocupado ilegalmente por terceros y sin los suministros debidamente contratados. El Inmueble se transmitirá: (i) como cuerpo cierto y a tanto alzado (ii) como un todo, inseparable (iii) en el estado registral y catastral en el que se encuentre (iv) en el estado físico, calidades, jurídico, urbanístico, administrativo, de licencias, de protección, de conservación y limpieza en el que se encuentre (v) al corriente de gastos e impuestos que por Ley corresponda al Vendedor y (vi) sin dotación de servicios y suministros.El Adquirente asumirá (i) la situación física y estado de conservación (ii) la situación urbanística (iii) las discrepancias entre la realidad física y la realidad registral y catastral o en la cabida del Inmueble (iv) la adecuación registral y catastral del Inmueble y (v) los tramites que conlleven la obtención de la Posesión Judicial del Inmueble.La Propiedad no responderá de/l (i) estado de conservación (ii) los vicios vistos y aparentes (iii) la regularización registral o catastral (iv) las discrepancias de cabida, que pudieran existir (v) la responsabilidad en la obtención de la cédula de habitabilidad del Inmueble, salvo que en la Comunidad Autónoma donde se ubique el Inmueble sea obligatoria su entrega y (vi) cualesquiera costes, gastos, honorarios, aranceles o tributos que se deriven de lo anterior.Si a fecha de venta, la Propiedad hubiese demandado judicialmente la ocupación, podría el adquirente subrogarse en dicha demanda, no pudiendo reclamar importe alguno a la Propiedad como consecuencia de ello, salvo por los honorarios de abogados y procuradores que hasta la fecha de la transmisión se hubiesen devengado que, en cualquier caso, serán por cuenta de éste. Si en la fecha de venta, la Propiedad hubiese interpuesto una denuncia penal, que se encontrase en curso, se comunicará al Juzgado la venta, apartándose la Propiedad del procedimiento como acusación particular. El estado de ocupación y/o los impedimentos para que el inmueble pueda ser visitado libremente por los técnicos impedirían: i) su tasación oficial conforme exige la Orden ECO/805/2003, de 27 de marzo, por lo que el inmueble, mientras perdure la situación ocupacional, no podría ser hipotecado, en consecuencia, no podría constituirse financiación hipotecaria sobre este tipo de fincas, cuya adquisición requerirá el otorgamiento de otro tipo de garantías en caso de solicitarse financiación y ii) la obtención por parte de la propiedad del certificado de eficiencia energética.El precio de venta de este Inmueble se ha determinado en base a las anteriores circunstancias, que han supuesto un menor valor del mismo, y que deberán ser expresamente aceptadas por el adquirente en la formalización de la transmisión del Inmueble. Se recomienda que el comprador obtenga asesoramiento profesional y legal antes de adoptar la decisión de compra. ",1,1,Solvia SE,1,1985.5,0,0,0,0,0,0,0,0,4,1,9,0,0,0,0,0,0,0,1,0,0,0,1,1470.5882352941176,2.0,0,Urbanitzacions
31919470,https://www.idealista.com/inmueble/31919470/,"Casa o chalet independiente en venta en camino de Sant Pere del Bosc, 98",850000,496,6,"carrer camino de sant pere del bosc, 98",41.690927089710506,2.7931287373638796,2025-04-16," ¡Bienvenidos a este espectacular chalet independiente en la Costa Brava! Situado en la carretera de Tordera a Blanes, esta propiedad cuenta con una parcela de 10.000 m2 y un jardín exuberante que rodea la casa. Además, podrás disfrutar de una piscina, barbacoa y pérgola con vistas panorámicas. La casa tiene una superficie construida de 494 m2 + 30 m2 de terrazas, distribuidos en 5 habitaciones, 3 baños, una sala de estar con chimenea, comedor/sala de estar, cocina/office, sala de máquinas, aseo de cortesía, bodega, trastero y garaje. También cuenta con una sala de gimnasio y una amplia sala para celebraciones. La carpintería exterior de “melis” con doble cristal y la carpintería interior “melis” aseguran una buena calidad de los materiales de la casa. Además, el mobiliario está incluido en el precio. La casa cuenta con calefacción y cocina de gas propano, y tiene una clase energética F con un consumo de energía de 299,00 kwh/m2 año y una clase de emisiones de CO2 F con emisiones de 63,00 kgCO/m2 año. No pierdas la oportunidad de vivir en esta maravillosa propiedad con dos terrazas, un jardín interior acristalado y una habitación despacho. ¡Contáctanos para más información! ",0,1,casesifinques.com,3,1979.0,1,0,1,0,0,1,1,0,4,2,1,0,0,0,0,0,0,0,1,1,0,0,0,1713.7096774193549,2.0,4,Urbanitzacions
107163300,https://www.idealista.com/inmueble/107163300/,Piso en venta en avenida Extremadura,131250,63,2,avinguda extremadura,41.66840593875128,2.7768757983649746,2025-04-08," ¡Descubre tu nuevo hogar en este encantador piso con piscina! Ubicado en una tranquila zona residencial, este luminoso piso de 63 m² construidos y 51 m² útiles te ofrece el confort que siempre has deseado. Originalmente con tres habitaciones, ahora cuenta con dos amplias habitaciones dobles, pero si lo necesitas, puedes recuperar fácilmente la tercera. La cocina independiente ha sido reformada hace un año y está equipada con gas natural, perfecta para los amantes de la gastronomía. El salón/comedor es un espacio acogedor que se abre a un balcón de 12 m², ideal para disfrutar de tus momentos de relax al aire libre.  El baño completo cuenta con una moderna ducha, y la carpintería de aluminio con doble cristal asegura un aislamiento perfecto. El suelo de gres aporta un toque elegante y fácil de mantener, mientras que el aire acondicionado, instalado hace solo dos años, garantiza un ambiente fresco durante todo el año. Este piso ha sido reformado hace menos de 10 años y cuenta con una caldera prácticamente nueva, lo que significa que no tendrás que preocuparte por grandes gastos de mantenimiento. Además, los gastos de comunidad son bajos, lo que lo hace aún más atractivo.  Situado en una entreplanta con ascensor, este piso es una oportunidad única para vivir en un entorno confortable y bien comunicado. ¡No dejes pasar esta oportunidad y ven a visitarlo! ",0,1,DANLUX INVEST,1,1985.5,0,1,0,1,0,0,1,1,4,1,9,0,0,0,0,1,0,0,0,0,0,0,1,2083.3333333333335,2.0,4,La Plantera
107352218,https://www.idealista.com/inmueble/107352218/,Chalet adosado en venta en calle Pedraforca,377200,261,3,carrer pedraforca,41.68076981990448,2.778491520223809,2025-02-24," Casa adosada en el barrio de Mas Florit de Blanes.  Casa con muchas posibilidades, dispone de local que podría dedicar a garaje para 3 / 4 vehículos, con 3 habitaciones en la primera planta.  Casa adodada en el barrio de Mas Florit / Blanes, con 261 m2 construidos y una fachada de 8,40 metros. El local en planta baja, está preparado para un negocio de hosteleria, pero también puede servir como un amplio garaje con cabida a 3 / 4 vehículos. Subimos a la primera planta por unas fabulosas escaleras de mármol. , donde nos encontramos 3 habitaciones ( 2 de ellas son dobles ), y un baño completo tanbién con espacio suficiente para hacer un aseo independiente, en la misma planta tenemos la amplia cocina donde cabe hasta un sofá y una mesa, desde la misma cocina accedemos a una galeria que da paso a una terraza exterior. En la segunda planta nos encontramos con un espacio diáfano y dos terrazas a cada uno de los lados, donde poder disfrutar según la época del año de la tranquilidad y una vistas en una de ellas, a la montaña del Montseny. Contacta conmigo para más información. ",0,1,Pedro HERAS,1,1979.0,1,0,1,0,0,0,0,0,2,0,52,0,0,0,0,0,0,1,0,1,0,0,0,1445.2107279693487,3.0,2,Semicentre
105424863,https://www.idealista.com/inmueble/105424863/,Chalet adosado en venta en calle del Forn,500000,120,3,carrer del forn,41.674820356750885,2.7922938709593073,2025-01-17," ¡Vivienda en venta en Blanes con LICENCIA TURISTICA! A tan solo 150 metros del mar y la playa, esta casa de 120 m² en pleno centro de la ciudad ofrece una ubicación inmejorable. Situada en una calle residencial tranquila, pero con toda la infraestructura al alcance de la mano. En el año 2020 se llevó a cabo una reconstrucción completa del edificio, que incluyó el refuerzo de las paredes y la estructura general del mismo. Características: Planta baja: Amplia cocina moderna. 2º, 3º y 4º piso: Habitaciones acogedoras, cada una con su propio baño completo. 5º piso: Terraza con tumbonas y cocina de verano. Puntos destacados: Ubicación privilegiada: A pocos minutos a pie de las mejores playas de Blanes. Centro de Blanes: Rodeado de tiendas, restaurantes, y servicios esenciales. Transporte: Excelente conectividad con transporte público y fácil acceso a las principales vías de la ciudad. Ocio y turismo: Cerca del Jardín Botánico Marimurtra, puerto deportivo, y otras atracciones turísticas. Zona tranquila: A pesar de estar en el centro, la calle dónde se encuentra la vivienda es una calle residencial tranquila y segura. Ideal tanto para inversión como para vivienda propia. Esta propiedad puede ser un negocio de alquiler turístico exitoso o tu nuevo hogar en la costa. No pierdas esta oportunidad. Contacta con nosotros hoy mismo para más detalles y visitas. ",0,1,Estate Barcelona,3,1940.0,1,0,0,0,0,0,0,1,1,4,90,0,1,0,0,0,0,0,0,1,0,0,0,4166.666666666667,1.0,2,Centre
107082075,https://www.idealista.com/inmueble/107082075/,Ático en venta en calle d'Ovidi Montllor,375000,105,3,carrer d'ovidi montllor,41.674751046817285,2.7819263734109243,2025-04-03," Precioso ático en una de las mejores zonas de blanes, con casi 100m2 de vivienda y mas de 80m2 de terraza, distribuido de la siguiente manera: en una cuarta planta tenemos recibidor, comedor amplio con salida al balcon, muy luminoso y soleado, cocina independiente totalmente equipada, 3 habitaciones dobles, una de ellas tipo suite con su baño dentro, un planta mas arriba tenemos la terraza con vistas espectaculares, donde poder hacer sus reuniones familiares, barbacoas.. . Y disfrutar del espacio al aire libre. Por el mismo edificio se accede a las 2 plazas de parquins, una de ellas para coche y moto, y al trastero. Muy buena ubicacion, cerca de farmacias, restaurantes, supermercados. Todos los servicios cerca. No lo dude y llamenos para mas información y visitas. Like home lloret, tu inmobiliaria de confianza. Estamos en la calle francesc cambó 22, local 2 de lloret de mar 17310. Contáctanos al / o vía e-mail: visita para descubrir toda nuestra oferta. En cumplimiento de la ley 3/2917 del 13 de febrero de 2018 del codigo civil de catalunya, por el que se aprueba el reglamento de información al consumidor en la compraventa y arrendamiento de viviendas en cataluña, se informa al cliente que los gastos notariales, registrales e impuestos que le sean de aplicación (itp ó iva + ajd ) y otros gastos inherentes a la compraventa no están incluidos en el precio. -. ",0,1,LIKE HOME LLORET serveis immobiliaris,2,2006.0,0,0,1,1,0,0,0,0,4,3,14,0,0,1,0,0,0,0,0,0,0,0,1,3571.4285714285716,1.5,2,Els Pavos
104166530,https://www.idealista.com/inmueble/104166530/,Chalet adosado en venta en Centre,397000,130,6,carrer ample,41.67454693196272,2.791958077322335,2025-04-03," Céntrica casa totalmente reformada con cuatro apartamentos independientes. Está distribuida en tres plantas de la siguiente manera: en la planta baja hay un apartamento con dos dormitorios, una cocina abierta, un cuarto de baño, un aseo y un salón-comedor con salida al pequeño patio. En la planta primera se encuentran dos apartamentos de un dormitorio, uno de ellos con pequeño patio trasero. Y en la planta superior tenemos un apartamento-ático con dos dormitorios, un cuarto de baño, una cocina abierta y un salón-comedor con salida a una bonita terraza con vistas agradables. Alguno de los apartamentos puede alquilarse durante todo el año o por temporada y tener una rentabilidad muy interesante. Para más información, por favor, contacte con nosotros. ***La descripción expuesta es meramente informativa, puede contener errores involuntarios y no tiene valor contractual. ***. ",0,1,QS Estate Agency,5,1985.5,1,0,0,0,0,0,0,1,4,3,14,0,1,0,0,0,0,0,0,1,0,0,0,3053.846153846154,1.2,2,Centre
107085935,https://www.idealista.com/inmueble/107085935/,Piso en venta en calle Sant Gaietà,183750,59,1,carrer sant gaietà,41.67380440052431,2.788841733539489,2025-02-18," Si buscas tranquilidad y confort, te presentamos este fantástico apartamento totalmente reformado, con mucho encanto y acabados de calidad, en planta baja, en el casco antiguo de Blanes en el barrio de Sa Massaneda, a 2 minutos de la playa y de todos los servicios. Ideal como 2ª residencia. Con carpintería de aluminio y calefacción de gas ciudad. Dispone de un terrado para uso y disfrute de los 3 vecinos del edificio con zona chilout, toldo, barbacoa, nevera y todo lo necesario para un momento de relax en familia. Sus 59 m2 construídos y muy bien aprovechados se distribuyen en un salón comedor muy acogedor y 1 dormitorio matrimonial muy amplio, subiendo 1 escalón y a otro nivel que otorga al apartamento una separación de espacios muy funcional, se encuentra la cocina totalmente equipada, el baño de diseño con plato de ducha y una pequeña galería. Todo ello ofrece un lugar idílico con una gran comodidad para disfrutar del encanto del centro de Blanes. ",0,1,Finques Muralla,1,1910.0,0,0,0,0,0,0,0,0,2,1,58,0,1,0,0,0,0,0,0,0,0,0,1,3114.406779661017,1.0,0,Centre
107600455,https://www.idealista.com/inmueble/107600455/,Casa o chalet independiente en venta en calle de la Cala,1550000,340,5,carrer de la cala,41.68057478687336,2.8062159481904767,2025-03-11," ¡Descubre el lujo y la exclusividad en esta impresionante Villa con vistas al mar en Costa Brava! Situada en una prestigiosa urbanización Cala Sant Francesc, Blanes a 300 m de la playa. Con LICENCIA TURISTICA!  La propiedad diseñada por un famoso diseñador y totalmente reformada en 2016.  5 dormitorios y 4 baños, cada detalle ha sido cuidadosamente pensado para ofrecerte una experiencia de vida inigualable. Con una superficie total de 340 m² construidos en una parcela de 950 m².  Disfruta de un amplio salón con chimenea, una cocina totalmente equipada y suelos de parquet de roble que aportan calidez a cada espacio. Las persianas automáticas y el sistema de climatización garantizan tu confort durante todo el año. La villa está completamente amueblada con exquisitas antigüedades, creando un ambiente único y sofisticado. Además, cuenta con un gran garaje para dos coches y un sistema de seguridad avanzado para tu tranquilidad. El exterior es igualmente impresionante: un jardín con sistema de riego automático, zona de descanso con barbacoa de piedra, y un área de spa que incluye piscina, jacuzzi, sauna y ducha.  Los residentes de la urbanización disfrutan de acceso gratuito a pistas de tenis y piscina, así como aparcamiento gratuito cerca de la playa y vigilancia de 24 h. Esta villa no es solo una casa, sino un estilo de vida. ¡No pierdas la oportunidad de hacerla tuya! ",0,1,PARRINGAS,4,1982.0,1,0,1,0,0,1,1,1,3,1,37,1,0,0,0,0,0,0,0,1,0,0,0,4558.823529411765,1.25,5,Cala Sant Francesc - Santa Cristina
105530789,https://www.idealista.com/inmueble/105530789/,Chalet pareado en venta en Centre,650000,258,5,carrer ample,41.67454693196272,2.791958077322335,2025-01-31," Gran oportunidad villa histórica en primera línea de mar Se trata de una villa señorial que data del año 1915. Se caracteriza por su estilo impecable y propia de la época, con techos altos y grandes ventanales. Casa con vistas frontales al mar justo delante del Club de Vela de Blanes. La villa se distribuye en varios niveles, la entrada se eleva sobre el nivel de la calle mediante unos escalones, gracias a esto la planta sótano disfruta de luz natural. En la planta baja, tenemos uno de los dormitorios con vistas al mar, una sala estar-comedor con chimenea y a continuación cocina y patio con lavadero y un aseo con salida a la calle de atrás de la finca, desde la misma planta tenemos acceso a la planta sótano. La zona del sótano cuenta con unos lavaderos antiguos y mucho espacio para zona almacenaje. En la primera planta tenemos 3 dormitorios dobles, uno de ellos disfruta de vistas al mar y acceso a la terraza cubierta, también dispone de un baño. Los otros 2 dormitorios disponen de un baño en la misma planta. El dormitorio principal está en la parte de atrás de la casa con un amplio baño vestidor con zona de spa de la época. La parte superior de la vivienda consta de un cuarto y 2 salidas a las terrazas, una orientación mar y otra parte trasera de la casa. La finca necesita una reforma total, nueva instalación, luz, agua, calefacción, renovar baños, cocina…. Blanes es una ciudad turística muy conocida por el concurso de fuegos artificiales durante el festival de Santa Anna en verano. Durante la semana hay más actividades organizadas por el ayuntamiento, ya que es una semana de festividades en Blanes.  Otros lugares de interés son las preciosas calas de Blanes y la Costa Brava, las fantásticas playas y los jardines botánicos, como el “Mar i Murtra”, que cubre casi 15 hectáreas e incluye más de 4000 especies diferentes de plantas.  La ciudad ofrece un sinfín de actividades y clubs deportivos, entre ellos el renombrado Club de Vela Blanes, uno de los más importantes clubs de vela de la Costa Brava.  El paseo marítimo es extenso y alberga varios restaurantes y bares. En todo el pueblo, de los 150 restaurantes especializados, donde encontrarán todo tipo de ofertas culinarias: catalana, italiana, holandesa, griega, china, etc. La población de Blanes se encuentra a tan solo 1 hora del aeropuerto de Barcelona y a unos 40 min del aeropuerto de Girona.  Si desea comprar o vender alguna casa en la Costa Brava no dude en ponerse en contacto con Engel & Völkers Costa Brava Sud. ",0,1,Engel & Völkers Costa Brava Sud,2,1915.0,0,1,0,0,1,1,0,0,1,4,76,0,1,0,0,0,0,0,0,1,0,0,0,2519.3798449612405,2.5,2,Centre
105706051,https://www.idealista.com/inmueble/105706051/,Finca rústica en venta en calle Arboç,700000,479,5,carrer arboç,41.688352761866504,2.787007039893328,2024-10-08," OPORTUNIDAD DE COMPRA! Que decir de esta encantadora casa, esta en una zona tranquila de la población de Blanes, en la Costa Brava. Es bonita, acogedora, familiar y con todas las comodidades. Tiene luz y sol por todos lados y terrazas en todas las plantas. La propiedad fue construida en el año 2005 con materiales de calidad, y por la parte exterior las paredes y los arcos en piedra. Tenemos piscina i jardín, arboles etc. En la primera planta nos encontramos con una amplia entrada recibidor que nos lleva por un lado a un gran salón comedor con chimenea, por el otro a una también gran y bien distribuida cocina y también con chimenea, armarios empotrados, un baño, un despacho y unas escaleras que van al garaje con cabida para seis coches, abajo es donde encontramos una bodega, un aseo con ducha, trastero.. .  Subimos arriba, en la segunda planta tenemos un amplio espacio distribuidor con armarios empotrados, y cuatro habitaciones, dos dobles, una suite grande y otra suite aún más grande con terraza, vistas al mar. Ven a visitarla, te esperamos! Te encantará!.. ",0,1,GIROTERRA GRUP TERRAMINIUM,4,2005.0,1,0,1,0,0,1,1,0,10,1,191,0,0,0,0,0,0,0,1,0,0,1,0,1461.3778705636744,1.25,4,Urbanitzacions
94752685,https://www.idealista.com/inmueble/94752685/,Casa o chalet independiente en venta en calle de la Surera,465000,210,4,carrer de la surera,41.690927089710506,2.7931287373638796,2024-10-30," T 319 TORRE EN RESIDENCIAL BLANES. Torre alta con vistas al mar. Esta estupenda propiedad de 170 m2 está distribuida en 2 plantas que pueden ser 2 viviendas independientes porque cada una tiene salón comedor, cocina, 2 habitaciones y 1 baño. Tiene sol todo el día y mucha luz natural. La casa dispone también de garaje cerrado de 40 m2 y trastero. Con una finca estupenda de 600 m2, llena de árboles y zonas de terrazas exteriores donde puedes disfrutar de vistas despejadas y la tranquilidad que te aporta vivir en una urbanización tranquila y a 5 minutos del núcleo urbano. ",0,1,Finques Muralla,2,1985.0,1,0,1,0,0,1,0,0,10,2,169,0,0,0,0,0,0,0,1,1,0,0,0,2214.285714285714,2.0,3,Urbanitzacions
107901037,https://www.idealista.com/inmueble/107901037/,Casa o chalet independiente en venta en Mont Ferrant - Sant Joan,295000,208,6,"carrer de santa bàrbara, 37-33",41.67704962078834,2.792189439337077,2025-04-11," TRES VIVIENDAS EN UNA EN VENTA EN BLANES: Hay viviendas como esta que presentamos que te permiten un montón de opciones, son tres plantas independientes con mucho espacio y muchas maneras de distribuirlo.  La vivienda hace esquina y dispone de un local comercial a pie de calle, garaje privado y acceso a la planta baja (que necesita reforma), pero que una vez terminada te quedara un precioso bajo con dos habitaciones, salón comedor y cuarto de baño completo.  En la planta superior hay un amplio piso distribuido en un gran salón-comedor con chimenea y con salida a dos balcones, 2 dormitorios dobles, una sala de estar que se puede habilitar como otra habitación doble, 1 habitación individual, 1 baño completo y 1 aseo. La amplia cocina con despensa y chimenea nos dará acceso a una preciosa terraza con barbacoa y desde donde accederemos a la planta superior en donde encontramos otra gran terraza a varios niveles y con lavadero.  Y esto no es todo, si eres promotor el edificio permite levantar otro piso en la parte superior y si además quisieras ampliar el espacio, existe la posibilidad de unir otro edificio colindante para aumentar la edificabilidad.  *impuestos y gastos no incluidos en el precio*. ",0,1,Inmorus by maria rassolova,3,1960.0,1,0,1,0,0,0,0,0,4,4,6,0,0,0,0,0,1,0,0,1,0,0,0,1418.2692307692307,2.0,2,Mont Ferrant - Sant Joan
105055940,https://www.idealista.com/inmueble/105055940/,Casa o chalet independiente en venta en calle Sant Ramon s/n,955000,300,6,carrer sant ramon s/n,41.68717620237936,2.8108081953412745,2024-10-02," **Chalet en venta en Santa Cristina, Lloret de Mar** Presentamos a su atención una magnífica villa de 300 m², ubicada en el prestigioso sector privado de Santa Cristina en Lloret de Mar. Esta acogedora casa incluye 6 habitaciones, dos de las cuales son suites, ideales para una familia numerosa o para recibir invitados. Un amplio hall de entrada conduce a dos salones, uno de los cuales está equipado con chimenea y tiene acceso a una terraza donde poder disfrutar de unas impresionantes vistas al mar y al bosque. La villa está equipada con dos cocinas independientes totalmente equipadas, una de las cuales tiene zona de desayuno. Cuatro baños modernos brindarán comodidad y conveniencia a todos los miembros de la familia. La calefacción de gas y el aire acondicionado crearán las condiciones ideales en cualquier época del año, y las persianas eléctricas añadirán un nivel adicional de seguridad y comodidad. En una parcela ajardinada de 862 m² encontrará una piscina privada de agua de mar, zona chillout y barbacoa, además de un pozo para suministro autónomo de agua. La distancia al mar y a la playa es de tan solo 300 metros, lo que hace de este lugar ideal para los amantes de la playa. La villa está en excelentes condiciones y está lista para entrar a vivir. También se incluyen armarios empotrados, un balcón, una terraza, un garaje y un trastero. ¡No pierdas la oportunidad de convertirte en propietario de esta vivienda única! ",0,1,RENT STAN LLORET,4,1985.5,1,0,1,0,0,1,1,1,10,2,197,1,0,0,0,0,0,0,0,1,0,0,0,3183.3333333333335,1.5,5,Cala Sant Francesc - Santa Cristina
30944167,https://www.idealista.com/inmueble/30944167/,Casa o chalet independiente en venta en calle Almadrava,1950000,450,4,carrer almadrava,41.67900997064663,2.8012601376075494,2024-12-23," Fantástica casa de lujo situada en una de las mejores urbanizaciones de Costa Brava: Cala Sant Francesc. De diseño, casi nueva, con vistas a mar, a 5 minutos de la población, puerto y jardines ""Mar i murtra"". Piscina, jardín y amplio garaje privado. Urbanización con vigilancia, zona comunitaria con piscina, parking privado para los propietarios de la urbanización y la mejor Cala Bona y Cala Sant Francesc, como es conocida habitualmente. ¡Si busca comodidad, diseño, tranquilidad y seguridad, no dude en visitarla! En cumplimiento de la Ley 3/2917 del 13 de febrero de 2018 del Código Civil de Cataluña, por el que se aprueba el Reglamento de información al Consumidor en la compraventa o alquiler de viviendas en Cataluña. Se informa al cliente que los gastos notariales, registrales e impuestos que le sean de aplicación (ITP o IVA + AJD) y otros gastos inherentes a la compraventa o alquiler, no están incluidos en el precio. [IW]. ",0,1,finques mrs,6,1985.5,1,0,0,0,0,1,1,1,12,0,115,1,0,0,0,0,0,0,0,1,0,0,0,4333.333333333333,0.6666666666666666,4,Cala Sant Francesc - Santa Cristina
105520741,https://www.idealista.com/inmueble/105520741/,Cortijo en venta en Mont Ferrant - Sant Joan,1490000,5960,5,"carrer de santa bàrbara, 37-33",41.67704962078834,2.792189439337077,2024-11-19," Emblemática bodega de Mont-Ferrant El Indiano Agustí Vilaret, nacido en Blanes y que hizo fortuna en las Antillas, fundó las cavas Mont-Ferrant en 1865, convirtiéndose así en el elaborador de Cava más antiguo entre todas las empresas que componen el sector actual. Durante la Guerra Civil las cavas se convirtieron en un refugio seguro para las personas, gracias a los más de 4.000 m2 de galerías subterráneas. Estas galerías están repartidas en cuatro niveles, acercándose a tan solo 500 metros del mar. Actualmente nos encontramos con la antigua masía con dos plantas de unos 160 m2 cada una, una gran sala diáfana de unos 400 m2 y varios almacenes y vestuarios que suman un total de 1.200 m2 cuadrados construidos en la finca. Blanes es una ciudad turística muy conocida por el concurso de fuegos artificiales durante el festival de Santa Anna en verano. Durante la semana hay más actividades organizadas por el ayuntamiento, ya que es una semana de festividades en Blanes.  Otros lugares de interés son las preciosas calas de Blanes y la Costa Brava, las fantásticas playas y los jardines botánicos, como el “Mar i Murtra”, que cubre casi 15 hectáreas e incluye más de 4000 especies diferentes de plantas.  La ciudad ofrece un sinfín de actividades y clubs deportivos, entre ellos el renombrado Club de Vela Blanes, uno de los más importantes clubs de vela de la Costa Brava.  El paseo marítimo es extenso y alberga varios restaurantes y bares. En todo el pueblo, de los 150 restaurantes especializados, donde encontrarán todo tipo de ofertas culinarias. La población de Blanes se encuentra a tan solo 1 hora del aeropuerto de Barcelona y a unos 40 min del aeropuerto de Girona. ",0,1,Engel & Völkers Costa Brava Sud,2,1865.0,0,0,1,0,1,0,0,0,11,1,149,0,0,0,0,0,1,0,0,0,0,1,0,250.0,2.5,1,Mont Ferrant - Sant Joan
107894422,https://www.idealista.com/inmueble/107894422/,"Piso en venta en avenida Joan Carles I, 64",146000,65,3,"avinguda joan carles i, 64",41.68004078656593,2.7922955763695376,2025-04-10," Luminoso piso esquinero con vistas despejadas. Descubre este encantador piso situado en una finca privada en blanes. Su ubicación es ideal, muy cerca de todos los servicios piso totalmente exterior y esquinero consta de salon comedor con salida a balcón amplio amplio con vistas despejadas cocina independiente tres dormitorios una doble y dos individuales el baño completo. Una excelente oportunidad para vivir o invertir en una de las zonas tranquilas de blanes. LA FINCA NO DISPONE DE ASCENSOR PERO SE PUEDE COLOCAR. ",0,1,SEPI SERVEIS IMMOBILIARIS,1,1970.0,0,1,0,0,0,0,0,0,4,3,7,0,0,0,0,0,1,0,0,0,0,0,1,2246.153846153846,3.0,1,Mont Ferrant - Sant Joan
37471730,https://www.idealista.com/inmueble/37471730/,Casa o chalet en venta en calle de la Surera,599000,400,7,carrer de la surera,41.690927089710506,2.7931287373638796,2025-03-13," Fantastica villa en venta en zona residencial de Blanes (Costa Brava) con vistas a mar y montaña, dispone de licencia de alquiler vacacional, consta de terreno con preciosa piscina. La villa consta de planta baja con salon comedor con chimenea, cocina equipada, tres dormitorios y baño con ducha. Planta alta con 4 dormitorios y dos baños (uno de ellos tipo suitte). Superf. 400 m², 800 m² solar, 7 habitaciones ( 1 suite, 5 dobles, 1 individual), 3 baños, alumbrado, asfaltado, urbanizado, cocina, lavadero, comedor, terraza, suelos, jardín, garaje, armarios, calefacción, vidrios dobles, agua, luz, gas, chimenea, carpintería exterior, carpintería interior lacado blanco, orientación 4 vientos, soleado, piscina Estado certificación: En trámite, LICENCIA VACACIONAL. Nuestro mayor valor es la confianza que depositan nuestros clientes en nosotros y nuestra mayor misión: su satisfacción. En cumplimiento de la ley 32917 del 13 de febrero de 2018 del CODIGO CIVIL DE CATALUNYA, por el que se aprueba el Reglamento de Información al Consumidor en la compraventa y arrendamiento de viviendas en CATALUÑA, se informa al cliente que los gastos notariales, registrales e impuestos que le sean de aplicación ( ITP ó IVA AJD ) y otros gastos inherentes a la compraventa no están incluidos en el precio. ",0,1,Blanes House,3,1985.5,1,0,1,0,0,0,1,0,3,3,35,0,0,0,0,0,0,0,1,1,0,0,0,1497.5,2.3333333333333335,3,Urbanitzacions
107765625,https://www.idealista.com/inmueble/107765625/,Piso en venta en Els Pavos,268000,250,5,"carrer provença,4",41.67561905639978,2.781819036155578,2025-03-31," ¡100% HIPOTECA DE LA VIVIENDA!  HABITAT GRUP REF. : HGG-250387-P ¡Amplio piso en venta en Blanes – 5 habitaciones, terraza de 90 m² y trastero! Se vende magnífico piso en Blanes, situado en un primer piso sin ascensor. Con una superficie construida de 250 m² y 150 m² útiles, este espacioso hogar ofrece comodidad y amplitud en cada rincón. Dispone de 5 habitaciones, 4 de ellas dobles, ideales para familias grandes o para quienes necesiten espacio extra para despacho o vestidor. Cuenta con dos baños completos, uno equipado con plato de ducha y otro con bañera. El piso ha sido recientemente actualizado con instalación eléctrica y de fontanería nuevas, además de contar con preinstalación para placas solares, lo que lo convierte en una opción eficiente y preparada para el futuro. Los espacios exteriores son un gran atractivo de esta vivienda: dispone de dos patios interiores, un balcón y una gran terraza de 90 m², perfecta para disfrutar del aire libre, organizar reuniones o crear una zona chill-out. Para mayor comodidad, cuenta con un trastero y sistema de calefacción mediante estufa de pellets, proporcionando un ambiente cálido y acogedor en los meses fríos. Ubicado en una zona tranquila de Blanes, cerca de todos los servicios esenciales. ¡No dejes pasar esta oportunidad y ven a visitarlo! [IW]. ",0,1,Habitat Grup Real Estate,2,1985.5,1,0,0,0,0,0,0,0,3,0,17,0,0,1,0,0,0,0,0,0,0,0,1,1072.0,2.5,1,Els Pavos
105815891,https://www.idealista.com/inmueble/105815891/,"Piso en venta en avenida Vila de Madrid, 23",210000,87,2,"avinguda vila de madrid, 23",41.65688477128467,2.7789646683159557,2025-03-18," Ubicado en uno de los destinos más codiciados de la Costa Brava, este luminoso y espacioso departamento ofrece un entorno de vida ideal para disfrutar del encanto mediterráneo. Con sus 67m² bien distribuidos, este departamento cuenta con una cocina equipada, un acogedor salón, dos amplias habitaciones, un moderno baño con ducha y una soleada terraza que ofrece una vista despejada de las montañas con un hermoso atardecer. Quedarás encantado con las comodidades de alta gama, incluida la piscina comunitaria ideal para refrescarse durante los calurosos días de verano. Ubicado en el séptimo planta de un edificio con ascensor, este departamento cuenta con una impresionante vista de los alrededores verdes. Podrás llegar a la playa de s'Abanel en solo 2 minutos a pie, para disfrutar de días de relax y baño bajo el sol mediterráneo. Además, la proximidad a Barcelona, a solo 50 minutos en coche, y a Gerona, a 30 minutos, ofrece una multitud de oportunidades para explorar los tesoros culturales e históricos de la región. No te pierdas esta oportunidad única de adquirir una verdadera joya en la Costa Brava. ¡Contáctanos hoy mismo para organizar una visita! ",0,1,LUCIE ALE IMMO,1,1987.0,0,1,1,1,0,0,1,1,3,1,30,0,0,0,1,0,0,0,0,0,0,0,1,2413.793103448276,2.0,5,Els Pins
101601592,https://www.idealista.com/inmueble/101601592/,"Piso en venta en calle de la Carbonilla, 23 -11",85500,66,1,"carrer de la carbonilla, 23 -11",41.674751046817285,2.7819263734109243,2025-04-10," ¡Descubre esta vivienda dúplex de 64 m² en planta baja, ubicada en el barrio Els Pins de Blanes! Esta propiedad ofrece un entorno tranquilo y cómodo, ideal para disfrutar de la vida en la Costa Brava. A solo 1,2 km de la playa y a 1 km de la Plaza del Ayuntamiento, tendrás todo lo que necesitas a tu alcance. Situada en una zona residencial con servicios, comercios, zona escolar y equipamientos en los alrededores, es ideal tanto para primera como segunda residencia. ¡No dude en contactar para ampliar información disponible! ",0,1,Altamira,1,1985.5,0,0,0,0,0,0,0,0,4,3,7,0,0,1,0,0,0,0,0,0,0,0,1,1295.4545454545455,1.0,0,Els Pavos
101601593,https://www.idealista.com/inmueble/101601593/,"Piso en venta en calle de la Carbonilla, 23 -11",90000,64,1,"carrer de la carbonilla, 23 -11",41.674751046817285,2.7819263734109243,2025-04-10," ¡Descubre esta vivienda dúplex de 64 m² en planta baja, ubicada en el barrio Els Pins de Blanes! Esta propiedad ofrece un entorno tranquilo y cómodo, ideal para disfrutar de la vida en la Costa Brava. A solo 1,2 km de la playa y a 1 km de la Plaza del Ayuntamiento, tendrás todo lo que necesitas a tu alcance. Situada en una zona residencial con servicios, comercios, zona escolar y equipamientos en los alrededores, es ideal tanto para primera como segunda residencia. ¡No dude en contactar para ampliar información disponible! ",0,1,Altamira,1,1985.5,0,0,0,0,0,0,0,0,4,3,7,0,0,1,0,0,0,0,0,0,0,0,1,1406.25,1.0,0,Els Pavos
105424863,https://www.idealista.com/inmueble/105424863/,Chalet adosado en venta en calle del Forn,500000,120,3,carrer del forn,41.674820356750885,2.7922938709593073,2025-01-17," ¡Vivienda en venta en Blanes con LICENCIA TURISTICA! A tan solo 150 metros del mar y la playa, esta casa de 120 m² en pleno centro de la ciudad ofrece una ubicación inmejorable. Situada en una calle residencial tranquila, pero con toda la infraestructura al alcance de la mano. En el año 2020 se llevó a cabo una reconstrucción completa del edificio, que incluyó el refuerzo de las paredes y la estructura general del mismo. Características: Planta baja: Amplia cocina moderna. 2º, 3º y 4º piso: Habitaciones acogedoras, cada una con su propio baño completo. 5º piso: Terraza con tumbonas y cocina de verano. Puntos destacados: Ubicación privilegiada: A pocos minutos a pie de las mejores playas de Blanes. Centro de Blanes: Rodeado de tiendas, restaurantes, y servicios esenciales. Transporte: Excelente conectividad con transporte público y fácil acceso a las principales vías de la ciudad. Ocio y turismo: Cerca del Jardín Botánico Marimurtra, puerto deportivo, y otras atracciones turísticas. Zona tranquila: A pesar de estar en el centro, la calle dónde se encuentra la vivienda es una calle residencial tranquila y segura. Ideal tanto para inversión como para vivienda propia. Esta propiedad puede ser un negocio de alquiler turístico exitoso o tu nuevo hogar en la costa. No pierdas esta oportunidad. Contacta con nosotros hoy mismo para más detalles y visitas. ",0,1,Estate Barcelona,3,1940.0,1,0,0,0,0,0,0,1,1,4,90,0,1,0,0,0,0,0,0,1,0,0,0,4166.666666666667,1.0,2,Centre
107082075,https://www.idealista.com/inmueble/107082075/,Ático en venta en calle d'Ovidi Montllor,375000,105,3,carrer d'ovidi montllor,41.674751046817285,2.7819263734109243,2025-04-03," Precioso ático en una de las mejores zonas de blanes, con casi 100m2 de vivienda y mas de 80m2 de terraza, distribuido de la siguiente manera: en una cuarta planta tenemos recibidor, comedor amplio con salida al balcon, muy luminoso y soleado, cocina independiente totalmente equipada, 3 habitaciones dobles, una de ellas tipo suite con su baño dentro, un planta mas arriba tenemos la terraza con vistas espectaculares, donde poder hacer sus reuniones familiares, barbacoas.. . Y disfrutar del espacio al aire libre. Por el mismo edificio se accede a las 2 plazas de parquins, una de ellas para coche y moto, y al trastero. Muy buena ubicacion, cerca de farmacias, restaurantes, supermercados. Todos los servicios cerca. No lo dude y llamenos para mas información y visitas. Like home lloret, tu inmobiliaria de confianza. Estamos en la calle francesc cambó 22, local 2 de lloret de mar 17310. Contáctanos al / o vía e-mail: visita para descubrir toda nuestra oferta. En cumplimiento de la ley 3/2917 del 13 de febrero de 2018 del codigo civil de catalunya, por el que se aprueba el reglamento de información al consumidor en la compraventa y arrendamiento de viviendas en cataluña, se informa al cliente que los gastos notariales, registrales e impuestos que le sean de aplicación (itp ó iva + ajd ) y otros gastos inherentes a la compraventa no están incluidos en el precio. -. ",0,1,LIKE HOME LLORET serveis immobiliaris,2,2006.0,0,0,1,1,0,0,0,0,4,3,14,0,0,1,0,0,0,0,0,0,0,0,1,3571.4285714285716,1.5,2,Els Pavos
104166530,https://www.idealista.com/inmueble/104166530/,Chalet adosado en venta en Centre,397000,130,6,carrer ample,41.67454693196272,2.791958077322335,2025-04-03," Céntrica casa totalmente reformada con cuatro apartamentos independientes. Está distribuida en tres plantas de la siguiente manera: en la planta baja hay un apartamento con dos dormitorios, una cocina abierta, un cuarto de baño, un aseo y un salón-comedor con salida al pequeño patio. En la planta primera se encuentran dos apartamentos de un dormitorio, uno de ellos con pequeño patio trasero. Y en la planta superior tenemos un apartamento-ático con dos dormitorios, un cuarto de baño, una cocina abierta y un salón-comedor con salida a una bonita terraza con vistas agradables. Alguno de los apartamentos puede alquilarse durante todo el año o por temporada y tener una rentabilidad muy interesante. Para más información, por favor, contacte con nosotros. ***La descripción expuesta es meramente informativa, puede contener errores involuntarios y no tiene valor contractual. ***. ",0,1,QS Estate Agency,5,1985.5,1,0,0,0,0,0,0,1,4,3,14,0,1,0,0,0,0,0,0,1,0,0,0,3053.846153846154,1.2,2,Centre
107085935,https://www.idealista.com/inmueble/107085935/,Piso en venta en calle Sant Gaietà,183750,59,1,carrer sant gaietà,41.67380440052431,2.788841733539489,2025-02-18," Si buscas tranquilidad y confort, te presentamos este fantástico apartamento totalmente reformado, con mucho encanto y acabados de calidad, en planta baja, en el casco antiguo de Blanes en el barrio de Sa Massaneda, a 2 minutos de la playa y de todos los servicios. Ideal como 2ª residencia. Con carpintería de aluminio y calefacción de gas ciudad. Dispone de un terrado para uso y disfrute de los 3 vecinos del edificio con zona chilout, toldo, barbacoa, nevera y todo lo necesario para un momento de relax en familia. Sus 59 m2 construídos y muy bien aprovechados se distribuyen en un salón comedor muy acogedor y 1 dormitorio matrimonial muy amplio, subiendo 1 escalón y a otro nivel que otorga al apartamento una separación de espacios muy funcional, se encuentra la cocina totalmente equipada, el baño de diseño con plato de ducha y una pequeña galería. Todo ello ofrece un lugar idílico con una gran comodidad para disfrutar del encanto del centro de Blanes. ",0,1,Finques Muralla,1,1910.0,0,0,0,0,0,0,0,0,2,1,58,0,1,0,0,0,0,0,0,0,0,0,1,3114.406779661017,1.0,0,Centre
107600455,https://www.idealista.com/inmueble/107600455/,Casa o chalet independiente en venta en calle de la Cala,1550000,340,5,carrer de la cala,41.680072801197625,2.808561880008474,2025-03-11," ¡Descubre el lujo y la exclusividad en esta impresionante Villa con vistas al mar en Costa Brava! Situada en una prestigiosa urbanización Cala Sant Francesc, Blanes a 300 m de la playa. Con LICENCIA TURISTICA!  La propiedad diseñada por un famoso diseñador y totalmente reformada en 2016.  5 dormitorios y 4 baños, cada detalle ha sido cuidadosamente pensado para ofrecerte una experiencia de vida inigualable. Con una superficie total de 340 m² construidos en una parcela de 950 m².  Disfruta de un amplio salón con chimenea, una cocina totalmente equipada y suelos de parquet de roble que aportan calidez a cada espacio. Las persianas automáticas y el sistema de climatización garantizan tu confort durante todo el año. La villa está completamente amueblada con exquisitas antigüedades, creando un ambiente único y sofisticado. Además, cuenta con un gran garaje para dos coches y un sistema de seguridad avanzado para tu tranquilidad. El exterior es igualmente impresionante: un jardín con sistema de riego automático, zona de descanso con barbacoa de piedra, y un área de spa que incluye piscina, jacuzzi, sauna y ducha.  Los residentes de la urbanización disfrutan de acceso gratuito a pistas de tenis y piscina, así como aparcamiento gratuito cerca de la playa y vigilancia de 24 h. Esta villa no es solo una casa, sino un estilo de vida. ¡No pierdas la oportunidad de hacerla tuya! ",0,1,PARRINGAS,4,1982.0,1,0,1,0,0,1,1,1,3,1,37,1,0,0,0,0,0,0,0,1,0,0,0,4558.823529411765,1.25,5,Cala Sant Francesc - Santa Cristina
105530789,https://www.idealista.com/inmueble/105530789/,Chalet pareado en venta en Centre,650000,258,5,carrer ample,41.67454693196272,2.791958077322335,2025-01-31," Gran oportunidad villa histórica en primera línea de mar Se trata de una villa señorial que data del año 1915. Se caracteriza por su estilo impecable y propia de la época, con techos altos y grandes ventanales. Casa con vistas frontales al mar justo delante del Club de Vela de Blanes. La villa se distribuye en varios niveles, la entrada se eleva sobre el nivel de la calle mediante unos escalones, gracias a esto la planta sótano disfruta de luz natural. En la planta baja, tenemos uno de los dormitorios con vistas al mar, una sala estar-comedor con chimenea y a continuación cocina y patio con lavadero y un aseo con salida a la calle de atrás de la finca, desde la misma planta tenemos acceso a la planta sótano. La zona del sótano cuenta con unos lavaderos antiguos y mucho espacio para zona almacenaje. En la primera planta tenemos 3 dormitorios dobles, uno de ellos disfruta de vistas al mar y acceso a la terraza cubierta, también dispone de un baño. Los otros 2 dormitorios disponen de un baño en la misma planta. El dormitorio principal está en la parte de atrás de la casa con un amplio baño vestidor con zona de spa de la época. La parte superior de la vivienda consta de un cuarto y 2 salidas a las terrazas, una orientación mar y otra parte trasera de la casa. La finca necesita una reforma total, nueva instalación, luz, agua, calefacción, renovar baños, cocina…. Blanes es una ciudad turística muy conocida por el concurso de fuegos artificiales durante el festival de Santa Anna en verano. Durante la semana hay más actividades organizadas por el ayuntamiento, ya que es una semana de festividades en Blanes.  Otros lugares de interés son las preciosas calas de Blanes y la Costa Brava, las fantásticas playas y los jardines botánicos, como el “Mar i Murtra”, que cubre casi 15 hectáreas e incluye más de 4000 especies diferentes de plantas.  La ciudad ofrece un sinfín de actividades y clubs deportivos, entre ellos el renombrado Club de Vela Blanes, uno de los más importantes clubs de vela de la Costa Brava.  El paseo marítimo es extenso y alberga varios restaurantes y bares. En todo el pueblo, de los 150 restaurantes especializados, donde encontrarán todo tipo de ofertas culinarias: catalana, italiana, holandesa, griega, china, etc. La población de Blanes se encuentra a tan solo 1 hora del aeropuerto de Barcelona y a unos 40 min del aeropuerto de Girona.  Si desea comprar o vender alguna casa en la Costa Brava no dude en ponerse en contacto con Engel & Völkers Costa Brava Sud. ",0,1,Engel & Völkers Costa Brava Sud,2,1915.0,0,1,0,0,1,1,0,0,1,4,76,0,1,0,0,0,0,0,0,1,0,0,0,2519.3798449612405,2.5,2,Centre
105706051,https://www.idealista.com/inmueble/105706051/,Finca rústica en venta en calle Arboç,700000,479,5,carrer arboç,41.688352761866504,2.787007039893328,2024-10-08," OPORTUNIDAD DE COMPRA! Que decir de esta encantadora casa, esta en una zona tranquila de la población de Blanes, en la Costa Brava. Es bonita, acogedora, familiar y con todas las comodidades. Tiene luz y sol por todos lados y terrazas en todas las plantas. La propiedad fue construida en el año 2005 con materiales de calidad, y por la parte exterior las paredes y los arcos en piedra. Tenemos piscina i jardín, arboles etc. En la primera planta nos encontramos con una amplia entrada recibidor que nos lleva por un lado a un gran salón comedor con chimenea, por el otro a una también gran y bien distribuida cocina y también con chimenea, armarios empotrados, un baño, un despacho y unas escaleras que van al garaje con cabida para seis coches, abajo es donde encontramos una bodega, un aseo con ducha, trastero.. .  Subimos arriba, en la segunda planta tenemos un amplio espacio distribuidor con armarios empotrados, y cuatro habitaciones, dos dobles, una suite grande y otra suite aún más grande con terraza, vistas al mar. Ven a visitarla, te esperamos! Te encantará!.. ",0,1,GIROTERRA GRUP TERRAMINIUM,4,2005.0,1,0,1,0,0,1,1,0,10,1,191,0,0,0,0,0,0,0,1,0,0,1,0,1461.3778705636744,1.25,4,Urbanitzacions
94752685,https://www.idealista.com/inmueble/94752685/,Casa o chalet independiente en venta en calle de la Surera,465000,210,4,carrer de la surera,41.690927089710506,2.7931287373638796,2024-10-30," T 319 TORRE EN RESIDENCIAL BLANES. Torre alta con vistas al mar. Esta estupenda propiedad de 170 m2 está distribuida en 2 plantas que pueden ser 2 viviendas independientes porque cada una tiene salón comedor, cocina, 2 habitaciones y 1 baño. Tiene sol todo el día y mucha luz natural. La casa dispone también de garaje cerrado de 40 m2 y trastero. Con una finca estupenda de 600 m2, llena de árboles y zonas de terrazas exteriores donde puedes disfrutar de vistas despejadas y la tranquilidad que te aporta vivir en una urbanización tranquila y a 5 minutos del núcleo urbano. ",0,1,Finques Muralla,2,1985.0,1,0,1,0,0,1,0,0,10,2,169,0,0,0,0,0,0,0,1,1,0,0,0,2214.285714285714,2.0,3,Urbanitzacions
107901037,https://www.idealista.com/inmueble/107901037/,Casa o chalet independiente en venta en Mont Ferrant - Sant Joan,295000,208,6,"carrer de santa bàrbara, 37-33",41.67704962078834,2.792189439337077,2025-04-11," TRES VIVIENDAS EN UNA EN VENTA EN BLANES: Hay viviendas como esta que presentamos que te permiten un montón de opciones, son tres plantas independientes con mucho espacio y muchas maneras de distribuirlo.  La vivienda hace esquina y dispone de un local comercial a pie de calle, garaje privado y acceso a la planta baja (que necesita reforma), pero que una vez terminada te quedara un precioso bajo con dos habitaciones, salón comedor y cuarto de baño completo.  En la planta superior hay un amplio piso distribuido en un gran salón-comedor con chimenea y con salida a dos balcones, 2 dormitorios dobles, una sala de estar que se puede habilitar como otra habitación doble, 1 habitación individual, 1 baño completo y 1 aseo. La amplia cocina con despensa y chimenea nos dará acceso a una preciosa terraza con barbacoa y desde donde accederemos a la planta superior en donde encontramos otra gran terraza a varios niveles y con lavadero.  Y esto no es todo, si eres promotor el edificio permite levantar otro piso en la parte superior y si además quisieras ampliar el espacio, existe la posibilidad de unir otro edificio colindante para aumentar la edificabilidad.  *impuestos y gastos no incluidos en el precio*. ",0,1,Inmorus by maria rassolova,3,1960.0,1,0,1,0,0,0,0,0,4,4,6,0,0,0,0,0,1,0,0,1,0,0,0,1418.2692307692307,2.0,2,Mont Ferrant - Sant Joan
105055940,https://www.idealista.com/inmueble/105055940/,Casa o chalet independiente en venta en calle Sant Ramon s/n,955000,300,6,carrer sant ramon s/n,41.68717620237936,2.8108081953412745,2024-10-02," **Chalet en venta en Santa Cristina, Lloret de Mar** Presentamos a su atención una magnífica villa de 300 m², ubicada en el prestigioso sector privado de Santa Cristina en Lloret de Mar. Esta acogedora casa incluye 6 habitaciones, dos de las cuales son suites, ideales para una familia numerosa o para recibir invitados. Un amplio hall de entrada conduce a dos salones, uno de los cuales está equipado con chimenea y tiene acceso a una terraza donde poder disfrutar de unas impresionantes vistas al mar y al bosque. La villa está equipada con dos cocinas independientes totalmente equipadas, una de las cuales tiene zona de desayuno. Cuatro baños modernos brindarán comodidad y conveniencia a todos los miembros de la familia. La calefacción de gas y el aire acondicionado crearán las condiciones ideales en cualquier época del año, y las persianas eléctricas añadirán un nivel adicional de seguridad y comodidad. En una parcela ajardinada de 862 m² encontrará una piscina privada de agua de mar, zona chillout y barbacoa, además de un pozo para suministro autónomo de agua. La distancia al mar y a la playa es de tan solo 300 metros, lo que hace de este lugar ideal para los amantes de la playa. La villa está en excelentes condiciones y está lista para entrar a vivir. También se incluyen armarios empotrados, un balcón, una terraza, un garaje y un trastero. ¡No pierdas la oportunidad de convertirte en propietario de esta vivienda única! ",0,1,RENT STAN LLORET,4,1985.5,1,0,1,0,0,1,1,1,10,2,197,1,0,0,0,0,0,0,0,1,0,0,0,3183.3333333333335,1.5,5,Cala Sant Francesc - Santa Cristina
30944167,https://www.idealista.com/inmueble/30944167/,Casa o chalet independiente en venta en calle Almadrava,1950000,450,4,carrer almadrava,41.67900997064663,2.8012601376075494,2024-12-23," Fantástica casa de lujo situada en una de las mejores urbanizaciones de Costa Brava: Cala Sant Francesc. De diseño, casi nueva, con vistas a mar, a 5 minutos de la población, puerto y jardines ""Mar i murtra"". Piscina, jardín y amplio garaje privado. Urbanización con vigilancia, zona comunitaria con piscina, parking privado para los propietarios de la urbanización y la mejor Cala Bona y Cala Sant Francesc, como es conocida habitualmente. ¡Si busca comodidad, diseño, tranquilidad y seguridad, no dude en visitarla! En cumplimiento de la Ley 3/2917 del 13 de febrero de 2018 del Código Civil de Cataluña, por el que se aprueba el Reglamento de información al Consumidor en la compraventa o alquiler de viviendas en Cataluña. Se informa al cliente que los gastos notariales, registrales e impuestos que le sean de aplicación (ITP o IVA + AJD) y otros gastos inherentes a la compraventa o alquiler, no están incluidos en el precio. [IW]. ",0,1,finques mrs,6,1985.5,1,0,0,0,0,1,1,1,12,0,115,1,0,0,0,0,0,0,0,1,0,0,0,4333.333333333333,0.6666666666666666,4,Cala Sant Francesc - Santa Cristina
105520741,https://www.idealista.com/inmueble/105520741/,Cortijo en venta en Mont Ferrant - Sant Joan,1490000,5960,5,"carrer de santa bàrbara, 37-33",41.67704962078834,2.792189439337077,2024-11-19," Emblemática bodega de Mont-Ferrant El Indiano Agustí Vilaret, nacido en Blanes y que hizo fortuna en las Antillas, fundó las cavas Mont-Ferrant en 1865, convirtiéndose así en el elaborador de Cava más antiguo entre todas las empresas que componen el sector actual. Durante la Guerra Civil las cavas se convirtieron en un refugio seguro para las personas, gracias a los más de 4.000 m2 de galerías subterráneas. Estas galerías están repartidas en cuatro niveles, acercándose a tan solo 500 metros del mar. Actualmente nos encontramos con la antigua masía con dos plantas de unos 160 m2 cada una, una gran sala diáfana de unos 400 m2 y varios almacenes y vestuarios que suman un total de 1.200 m2 cuadrados construidos en la finca. Blanes es una ciudad turística muy conocida por el concurso de fuegos artificiales durante el festival de Santa Anna en verano. Durante la semana hay más actividades organizadas por el ayuntamiento, ya que es una semana de festividades en Blanes.  Otros lugares de interés son las preciosas calas de Blanes y la Costa Brava, las fantásticas playas y los jardines botánicos, como el “Mar i Murtra”, que cubre casi 15 hectáreas e incluye más de 4000 especies diferentes de plantas.  La ciudad ofrece un sinfín de actividades y clubs deportivos, entre ellos el renombrado Club de Vela Blanes, uno de los más importantes clubs de vela de la Costa Brava.  El paseo marítimo es extenso y alberga varios restaurantes y bares. En todo el pueblo, de los 150 restaurantes especializados, donde encontrarán todo tipo de ofertas culinarias. La población de Blanes se encuentra a tan solo 1 hora del aeropuerto de Barcelona y a unos 40 min del aeropuerto de Girona. ",0,1,Engel & Völkers Costa Brava Sud,2,1865.0,0,0,1,0,1,0,0,0,11,1,149,0,0,0,0,0,1,0,0,0,0,1,0,250.0,2.5,1,Mont Ferrant - Sant Joan
107894422,https://www.idealista.com/inmueble/107894422/,"Piso en venta en avenida Joan Carles I, 64",146000,65,3,"avinguda joan carles i, 64",41.68004078656593,2.7922955763695376,2025-04-10," Luminoso piso esquinero con vistas despejadas. Descubre este encantador piso situado en una finca privada en blanes. Su ubicación es ideal, muy cerca de todos los servicios piso totalmente exterior y esquinero consta de salon comedor con salida a balcón amplio amplio con vistas despejadas cocina independiente tres dormitorios una doble y dos individuales el baño completo. Una excelente oportunidad para vivir o invertir en una de las zonas tranquilas de blanes. LA FINCA NO DISPONE DE ASCENSOR PERO SE PUEDE COLOCAR. ",0,1,SEPI SERVEIS IMMOBILIARIS,1,1970.0,0,1,0,0,0,0,0,0,4,3,7,0,0,0,0,0,1,0,0,0,0,0,1,2246.153846153846,3.0,1,Mont Ferrant - Sant Joan
37471730,https://www.idealista.com/inmueble/37471730/,Casa o chalet en venta en calle de la Surera,599000,400,7,carrer de la surera,41.690927089710506,2.7931287373638796,2025-03-13," Fantastica villa en venta en zona residencial de Blanes (Costa Brava) con vistas a mar y montaña, dispone de licencia de alquiler vacacional, consta de terreno con preciosa piscina. La villa consta de planta baja con salon comedor con chimenea, cocina equipada, tres dormitorios y baño con ducha. Planta alta con 4 dormitorios y dos baños (uno de ellos tipo suitte). Superf. 400 m², 800 m² solar, 7 habitaciones ( 1 suite, 5 dobles, 1 individual), 3 baños, alumbrado, asfaltado, urbanizado, cocina, lavadero, comedor, terraza, suelos, jardín, garaje, armarios, calefacción, vidrios dobles, agua, luz, gas, chimenea, carpintería exterior, carpintería interior lacado blanco, orientación 4 vientos, soleado, piscina Estado certificación: En trámite, LICENCIA VACACIONAL. Nuestro mayor valor es la confianza que depositan nuestros clientes en nosotros y nuestra mayor misión: su satisfacción. En cumplimiento de la ley 32917 del 13 de febrero de 2018 del CODIGO CIVIL DE CATALUNYA, por el que se aprueba el Reglamento de Información al Consumidor en la compraventa y arrendamiento de viviendas en CATALUÑA, se informa al cliente que los gastos notariales, registrales e impuestos que le sean de aplicación ( ITP ó IVA AJD ) y otros gastos inherentes a la compraventa no están incluidos en el precio. ",0,1,Blanes House,3,1985.5,1,0,1,0,0,0,1,0,3,3,35,0,0,0,0,0,0,0,1,1,0,0,0,1497.5,2.3333333333333335,3,Urbanitzacions
107765625,https://www.idealista.com/inmueble/107765625/,Piso en venta en Els Pavos,268000,250,5,"carrer provença,4",41.67561905639978,2.781819036155578,2025-03-31," ¡100% HIPOTECA DE LA VIVIENDA!  HABITAT GRUP REF. : HGG-250387-P ¡Amplio piso en venta en Blanes – 5 habitaciones, terraza de 90 m² y trastero! Se vende magnífico piso en Blanes, situado en un primer piso sin ascensor. Con una superficie construida de 250 m² y 150 m² útiles, este espacioso hogar ofrece comodidad y amplitud en cada rincón. Dispone de 5 habitaciones, 4 de ellas dobles, ideales para familias grandes o para quienes necesiten espacio extra para despacho o vestidor. Cuenta con dos baños completos, uno equipado con plato de ducha y otro con bañera. El piso ha sido recientemente actualizado con instalación eléctrica y de fontanería nuevas, además de contar con preinstalación para placas solares, lo que lo convierte en una opción eficiente y preparada para el futuro. Los espacios exteriores son un gran atractivo de esta vivienda: dispone de dos patios interiores, un balcón y una gran terraza de 90 m², perfecta para disfrutar del aire libre, organizar reuniones o crear una zona chill-out. Para mayor comodidad, cuenta con un trastero y sistema de calefacción mediante estufa de pellets, proporcionando un ambiente cálido y acogedor en los meses fríos. Ubicado en una zona tranquila de Blanes, cerca de todos los servicios esenciales. ¡No dejes pasar esta oportunidad y ven a visitarlo! [IW]. ",0,1,Habitat Grup Real Estate,2,1985.5,1,0,0,0,0,0,0,0,3,0,17,0,0,1,0,0,0,0,0,0,0,0,1,1072.0,2.5,1,Els Pavos
105815891,https://www.idealista.com/inmueble/105815891/,"Piso en venta en avenida Vila de Madrid, 23",210000,87,2,"avinguda vila de madrid, 23",41.65688477128467,2.7789646683159557,2025-03-18," Ubicado en uno de los destinos más codiciados de la Costa Brava, este luminoso y espacioso departamento ofrece un entorno de vida ideal para disfrutar del encanto mediterráneo. Con sus 67m² bien distribuidos, este departamento cuenta con una cocina equipada, un acogedor salón, dos amplias habitaciones, un moderno baño con ducha y una soleada terraza que ofrece una vista despejada de las montañas con un hermoso atardecer. Quedarás encantado con las comodidades de alta gama, incluida la piscina comunitaria ideal para refrescarse durante los calurosos días de verano. Ubicado en el séptimo planta de un edificio con ascensor, este departamento cuenta con una impresionante vista de los alrededores verdes. Podrás llegar a la playa de s'Abanel en solo 2 minutos a pie, para disfrutar de días de relax y baño bajo el sol mediterráneo. Además, la proximidad a Barcelona, a solo 50 minutos en coche, y a Gerona, a 30 minutos, ofrece una multitud de oportunidades para explorar los tesoros culturales e históricos de la región. No te pierdas esta oportunidad única de adquirir una verdadera joya en la Costa Brava. ¡Contáctanos hoy mismo para organizar una visita! ",0,1,LUCIE ALE IMMO,1,1987.0,0,1,1,1,0,0,1,1,3,1,30,0,0,0,1,0,0,0,0,0,0,0,1,2413.793103448276,2.0,5,Els Pins
101601592,https://www.idealista.com/inmueble/101601592/,"Piso en venta en calle de la Carbonilla, 23 -11",85500,66,1,"carrer de la carbonilla, 23 -11",41.674751046817285,2.7819263734109243,2025-04-10," ¡Descubre esta vivienda dúplex de 64 m² en planta baja, ubicada en el barrio Els Pins de Blanes! Esta propiedad ofrece un entorno tranquilo y cómodo, ideal para disfrutar de la vida en la Costa Brava. A solo 1,2 km de la playa y a 1 km de la Plaza del Ayuntamiento, tendrás todo lo que necesitas a tu alcance. Situada en una zona residencial con servicios, comercios, zona escolar y equipamientos en los alrededores, es ideal tanto para primera como segunda residencia. ¡No dude en contactar para ampliar información disponible! ",0,1,Altamira,1,1985.5,0,0,0,0,0,0,0,0,4,3,7,0,0,1,0,0,0,0,0,0,0,0,1,1295.4545454545455,1.0,0,Els Pavos
101601593,https://www.idealista.com/inmueble/101601593/,"Piso en venta en calle de la Carbonilla, 23 -11",90000,64,1,"carrer de la carbonilla, 23 -11",41.674751046817285,2.7819263734109243,2025-04-10," ¡Descubre esta vivienda dúplex de 64 m² en planta baja, ubicada en el barrio Els Pins de Blanes! Esta propiedad ofrece un entorno tranquilo y cómodo, ideal para disfrutar de la vida en la Costa Brava. A solo 1,2 km de la playa y a 1 km de la Plaza del Ayuntamiento, tendrás todo lo que necesitas a tu alcance. Situada en una zona residencial con servicios, comercios, zona escolar y equipamientos en los alrededores, es ideal tanto para primera como segunda residencia. ¡No dude en contactar para ampliar información disponible! ",0,1,Altamira,1,1985.5,0,0,0,0,0,0,0,0,4,3,7,0,0,1,0,0,0,0,0,0,0,0,1,1406.25,1.0,0,Els Pavos
107314296,https://www.idealista.com/inmueble/107314296/,Piso en venta en calle Segre,79000,51,2,carrer segre,41.692919889678585,2.797144194597745,2025-02-27," Pisos de segunda mano situados en la localidad de Blanes, en la provincia de Girona. Cuenta con una superficie de 52 m² y 72 m², según vivienda, distribuidos en salón-comedor, cocina, 2 dormitorios y 1 baño. Se encuentra próximo de todo tipo de servicios como hospitales, iglesias, jardines y a 11 minutos del camping Las Mimosas. Dispone cerca de establecimientos tales como restaurantes, alojamientos, bares, supermercados, etc Zona con buena comunicación tanto con el transporte público con paradas de autobús de líneas interurbanas, como por carretera mediante GI-682. Con nuestros servicios podrá encontrar la vivienda que necesita y asegurar su inversión con el mejor de los asesoramientos especializados. Empiece ahora mismo pidiendo más información. Un responsable cercano a usted le atenderá personalmente. ",0,1,Solvia HR,1,1985.5,0,0,0,0,0,0,0,0,2,3,49,0,0,0,0,0,0,0,1,0,0,0,1,1549.0196078431372,2.0,0,Urbanitzacions
106668685,https://www.idealista.com/inmueble/106668685/,Casa o chalet independiente en venta en carretera Tordera,330000,250,3,carretera tordera,41.68467202811999,2.7687823565796603,2025-02-06," Te presentamos esta encantadora casa de campo en la zona de Cal Aguido, Blanes. La propiedad cuenta con: -Salón-comedor con chimenea, ideal para disfrutar en familia. -Cocina independiente con salida directa al jardín. -Tres dormitorios dobles, perfectos para garantizar el confort. -Cuarto de baño amplio y funcional. -Práctica despensa para almacenamiento adicional. -Increíble terraza en la parte superior de la casa -El terreno que rodea la casa es muy grande e incluye una zona de huerto y árboles frutales, ideal para los amantes de la naturaleza y el cultivo propio. La casa está muy bien conservada en su interior, aunque requiere algunas reformas exteriores para potenciar todo su encanto. Una oportunidad única para quienes buscan un entorno natural sin renunciar a la comodidad. ",0,1,ALFA CASA,1,1975.0,0,1,1,0,0,0,0,0,2,3,70,0,0,0,0,0,0,1,0,1,0,0,0,1320.0,3.0,2,Semicentre
105635653,https://www.idealista.com/inmueble/105635653/,Casa o chalet independiente en venta en calle Marià Fortuny,750000,399,5,carrer marià fortuny,41.67767202475727,2.7972514310393866,2025-02-18," Gran Chalet con vistas preciosas al portal de la Costa Brava. BLANES! Con una magnifica orientación, esta casa soleada todo el día te permite disfrutar de vistas de ensueño, desde todos los rincones de la vivienda.  Una escalera central distribuye las estancias a medida que se sube de planta a planta. En la planta baja, con salida al jardín, tiene la cocina, muy amplia y cómoda.  Gran comedor en la misma planta, con chimenea, muy acogedor. En la primera planta tres habitaciones y dos baños, y 2 balcones grandes.  Ya en la última planta, dos habitaciones dobles adicionales, también con balcones y las vistas más altas de la población costera.  El garaje, para 3 coches y más cosas esta situado en la parte inferior del chalet, donde se encuentra la entrada principal de la casa.  Situada en la parte mas cercana a la villa, a solamente 5 minutos del centro. LLAMENOS PARA MAS INFO Y VISITAS!  Solicite más información en MMV LLOGUERS I VENDES. Alquiler, compra y venta con transparencia y seriedad. Cumpliendo con la ley 3/2017 del Código Civil de Catalunya y el Reglamento de Información al Consumidor en la compraventa y arrendamiento de viviendas en Cataluña. Los gastos notariales, registrales e impuestos no están incluidos en el precio. ¡No dejes pasar esta oportunidad única! ",0,1,IMMOBILIARIA MMV Lloguers i Vendes.,3,1983.0,1,0,1,0,0,1,0,1,2,1,58,0,0,0,0,0,1,0,0,1,0,0,0,1879.6992481203008,1.6666666666666667,4,Mont Ferrant - Sant Joan
104719266,https://www.idealista.com/inmueble/104719266/,Piso en venta en Els Pins,298000,100,3,carrer vila de paris,41.66407367300141,2.783408558724116,2025-04-15,"  Encantador piso en primera línea de mar en Els Pins, Blanes  Ubicado en la deseada zona de Els Pins, en primera línea de mar, FINQUES TARRADELLAS le ofrece este maravilloso piso que combina amplitud, luz natural y unas vistas privilegiadas al Mediterráneo.  Características del piso •  Superficie total: 100 m² •  3 habitaciones (2 dobles + 1 individual con balconcitos) •  2 baños completos (ducha + bañera) •  Cocina independiente amplia •  Luminoso salón-comedor con salida a gran terraza •  Terraza con vistas espectaculares al mar Mediterráneo •  Orientación sureste – Sol y claridad garantizados! •  Suelos de terrazo •  Carpintería exterior de aluminio y vidrios dobles •  Ascensor y portero automático •  Posibilidad de adquirir una plaza de aparcamiento en finca cercana. •  Entorno privilegiado. Además, la comunidad dispone de zona ajardinada y piscina, ideales para relajarse sin salir de casa.  A tan solo unos pasos de la playa de S'Abanell y rodeado de una gran oferta de comercios locales, servicios turísticos y opciones de ocio y deporte, como el cercano Club de Tenis de Blanes. No deje escapar esta oportunidad única de vivir o invertir en una de las zonas más cotizadas de Blanes. Contacte con FINQUES TARRADELLAS para más información. Estaremos encantados de atenderle. En cumplimiento de la ley 3/2017 del 13 de febrero del Código Civil de Cataluña, se informa que los gastos notariales, registrales, impuestos (ITP o IVA + AJD) y otros gastos asociados a la compraventa no están incluidos en el precio. ",0,1,FINQUES TARRADELLAS,2,1978.0,1,0,0,1,0,0,1,0,4,1,2,0,0,0,1,0,0,0,0,0,0,0,1,2980.0,1.5,3,Els Pins
106748858,https://www.idealista.com/inmueble/106748858/,Piso en venta en avenida Extremadura s/n,160000,102,3,avinguda extremadura s/n,41.66840593875128,2.7768757983649746,2025-03-10," ¡Descubre tu nuevo hogar en la costa! Este amplio y soleado piso de 102 m² te ofrece todo lo que necesitas para vivir cómodamente. Situado en la primera planta de un edificio sin ascensor, disfrutarás de una comunidad muy tranquila y con pocos gastos. El gran salón comedor, con salida a dos balcones, es perfecto para relajarte o recibir a tus invitados. La cocina office y el lavadero añaden practicidad a tu día a día. Cuenta con tres habitaciones dobles, ideales para familias o para quienes buscan espacio adicional. El baño completo ha sido recientemente reformado con un moderno plato de ducha, y también dispone de un aseo adicional. La ubicación es inmejorable: a solo 15 minutos caminando de la playa y a 5 minutos de supermercados como Consum y Mercadona, así como del CAP Blanes 2 y la estación de autobuses. Este piso, construido en 1975, se encuentra en buen estado y cuenta con calefacción eléctrica de gas natural. Con orientación sur y este, disfrutarás de luz natural durante todo el día. No pierdas la oportunidad de visitarlo y convertirlo en tu nuevo hogar. ¡Te esperamos! ",0,1,Inmolab,2,1975.0,0,1,0,0,0,0,0,0,3,0,38,0,0,0,0,1,0,0,0,0,0,0,1,1568.6274509803923,1.5,1,La Plantera
107159391,https://www.idealista.com/inmueble/107159391/,Ático en venta en Mont Ferrant - Sant Joan,310000,120,3,"carrer de santa bàrbara, 37-33",41.67704962078834,2.792189439337077,2025-04-02," Fabuloso ático duplex super soleado 120m2 construidos, a estrenar con plaza de aparcamiento incluida debajo de la vivienda, con acceso directo! . Zona residencial, parada de Bus a 50 metros, muy tranquila, finca seminueva con ascensor, planta de entrada, recibidor, zona trastero, 1 baño completo a estrenar, salón-comedor soleado salida a balcón, gran cocina independiente a estrenar, 1 habitación doble exterior. Planta superior, 2 habitaciones, una de ellas exterior y salida a terraza privativa Vistas san Juan Plaza de aparcamiento debajo de la finca, con acceso desde la vivienda. Acabados de 1a calidad a estrenar. ",0,1,Finques Blanda,2,1985.5,1,0,1,1,0,0,0,0,4,2,15,0,0,0,0,0,1,0,0,0,0,0,1,2583.3333333333335,1.5,3,Mont Ferrant - Sant Joan
107236465,https://www.idealista.com/inmueble/107236465/,Piso en venta en calle de Joan Maragall,145000,65,3,carrer de joan maragall,41.678360008072374,2.7865203680371113,2025-03-13," Encontramos este gran piso muy bien ubicado, el cual consta de tres habitaciones, gran comedor con salida a balcón, cocina y baño completo reformado, carpintería de aluminio, calefacción a gas natural, aire acondicionado, distribución perfecta, la finca dispone de ascensor y esta listo para entrar a vivir Oportunidad única para invertir o convertir en tu primera vivienda, amortizando desde el principio. Paga menos que un alquiler y se propietario. Infórmate de nuestro servicio de financiación gratuito. ",0,1,RIVAS GRAN HABITAT S.L,1,1985.5,0,1,0,1,0,0,0,1,3,3,35,0,0,0,0,0,0,1,0,0,0,0,1,2230.769230769231,3.0,3,Semicentre
107857219,https://www.idealista.com/inmueble/107857219/,Piso en venta en calle Vilar Petit,127000,50,1,carrer vilar petit,41.67860347835571,2.7815218115257156,2025-04-08," ¡A 10 min de la playa! ¡Piso ideal en Blanes listo para entrar a vivir! Este luminoso y amplio apartamento es ideal para quienes buscan comodidad y buena ubicación en Blanes. Cuenta con 1 dormitorio doble, un baño completo con bañera, y un salón comedor con cocina abierta, perfecto para aprovechar cada metro cuadrado con estilo y funcionalidad. Desde su balcón espacioso y soleado, podrás disfrutar de un ambiente tranquilo y relajante. Ubicación inmejorable: - A solo 10 minutos a pie de la playa. - Rodeado de tiendas, restaurantes y servicios esenciales. - Transporte público cercano, ideal para moverse sin coche. - A 20 metros del Instituto Sa Palomera. - A 200 metros de la comisaría de Mossos d'Esquadra. Una oportunidad perfecta tanto para vivir como para invertir. ¡No dejes pasar esta oportunidad y ven a visitarlo! El precio de venta no incluye impuestos ni gastos asociados a la compraventa (ITP o IVA, gastos notariales o registrales), ni los honorarios de la agencia por intermediación inmobiliaria o gestión hipotecaria. ",0,1,Strecto Real Estate,1,1993.0,0,1,0,1,0,0,0,1,4,1,9,0,0,0,0,0,0,1,0,0,0,0,1,2540.0,1.0,3,Semicentre
106938224,https://www.idealista.com/inmueble/106938224/,Piso en venta en calle d'Enric Morera s/n,315000,100,3,carrer d'enric morera s/n,41.661857440587944,2.782163797181824,2025-01-03," Piso en venta en Blanes, con una ubicación privilegiada en un entorno tranquilo y vistas al mar. La vivienda consta de 100 m² construidos, 92 m² útiles, y ofrece un diseño funcional y confortable. Dispone de 3 habitaciones cómodas, 2 baños completos, un luminoso salón comedor con acceso a un balcón con vistas al mar y una cocina independiente bien equipada. Situado en la 8ª planta de un edificio con ascensor, el inmueble forma parte de una comunidad que incluye piscina para disfrutar en los días soleados. Una oportunidad única para quienes buscan tranquilidad y comodidad cerca del mar. Contacta para más información y visita. ",0,1,Alpha Immo,2,1978.0,0,0,0,1,0,0,1,0,1,4,104,0,0,0,1,0,0,0,0,0,0,0,1,3150.0,1.5,2,Els Pins
107180289,https://www.idealista.com/inmueble/107180289/,Chalet adosado en venta en calle de Francesc Dorda,425000,103,4,carrer de francesc dorda,41.67884122337855,2.793330000164607,2025-03-03," En venta, casa tipica de la zona de los Pinos, adosada y con dos plantas, con 4 habitaciones en total. muy cerca del paseo de mar, es una segunda linea, desde la terraza superior se ve un poco el mar, en la planta baja encontramos el salon, la ampia cocina con comedor y chimenea, salida al jardin-terraza de 25m2,  habitacion con armario empotrado, baño con plato de ducha, en la planta superior estan las habitaciones, son 3 dobles, terraza con el lavadero, baño completo con ducha. en buen estado de conservacion, ventanas de aluminio del antiguo, varias despensas, que se pueden juntar.  En cumplimiento de la ley 3/2917 del 13 de febrero de 2018 del CODIGO CIVIL DE CATALUNYA, por el que se aprueba el Reglamento de Información al Consumidor en la compraventa y arrendamiento de viviendas en CATALUÑA, se informa al cliente que los gastos notariales, registrales e impuestos que le sean de aplicación ( ITP ó IVA + AJD ) y otros gastos inherentes a la compraventa no están incluidos en el precio [IW]. ",0,1,FINGEST BLANES,2,1961.0,1,0,0,0,0,1,0,0,3,0,45,0,0,0,0,0,1,0,0,1,0,0,0,4126.21359223301,2.0,2,Mont Ferrant - Sant Joan
107593552,https://www.idealista.com/inmueble/107593552/,Piso en venta en Els Pavos,189000,50,2,"carrer provença,4",41.67561905639978,2.781819036155578,2025-04-16," Encantador piso reformado en La Carbonilla  FINQUES TARRADELLAS le ofrece esta auténtica bombonera en la zona de La Carbonilla. Un hogar pequeñito, acogedor y muy coqueto, donde cada detalle ha sido cuidado para ofrecerle el máximo confort.  Características principales:  Reformado y listo para entrar a vivir, sin necesidad de mejoras  Espacio diáfano y luminoso, con salón-comedor y cocina integrada  Dormitorios exteriores orientados al sur, con muchísima luz natural  1 habitación doble con balcón + 1 habitación individual  Baño completo con bañera, única estancia interior  Acabados y extras:  Paredes revestidas de madera alistonada con iluminación LED en recibidor y pasillo, detalle de diseño en plena tendencia decorativa.  Suelos de parquet, que aportan calidez y estilo  Cerramientos de aluminio con vidrios dobles, garantizando aislamiento térmico y acústico  Puertas interiores lacadas en blanco, para un acabado moderno y elegante  Calefacción y aire acondicionado por conductos, para su máximo confort  Vídeo-portero automático y puerta blindada, para mayor seguridad  Mobiliario cocina lacado en blanco con tirador tipo uñero, para un estilo minimalista y actual  Horno integrado en blanco, que se mimetiza con el mobiliario y aporta armonía al espacio  Sobre el edificio:  Construcción muy nueva, del año 2008. Accesible para personas con movilidad reducida, sin barreras arquitectónicas  Ascensor y terrado comunitario, ideales para su comodidad  Ubicación y entorno:  Zona residencial y tranquila pero con todos los servicios cerca  Comercios, colegios, guarderías y transporte público a su alcance  ¿Le gusta cómo está amueblado? ¡Está de suerte! Se vende prácticamente como lo ve, salvo algunos muebles. Pregunte sin compromiso!  Contacte con FINQUES TARRADELLAS y le acompañaremos a visitarlo. No deje escapar esta oportunidad.  En cumplimiento de la ley 3/2917 del 13 de febrero de 2018 del Código civil de Cataluña, por el que se aprueba el Reglamento de Información al Consumidor en la compraventa y arrendamiento de viviendas en Cataluña, se informa al cliente que los gastos notariales, registrales e impuestos que le sean de aplicación (ITP o IVA AJD) y otros gastos inherentes a la compraventa, no están incluidos en el precio. ",0,1,FINQUES TARRADELLAS,1,2008.0,1,0,0,1,0,0,0,1,4,2,1,0,0,1,0,0,0,0,0,0,0,0,1,3780.0,2.0,3,Els Pavos
106915334,https://www.idealista.com/inmueble/106915334/,Piso en venta en avenida Catalunya,108000,74,4,avinguda catalunya,41.68368089969945,2.7928017639573333,2025-04-08," Vivienda situada en un edificio de cuatro alturas sobre rasante, ubicado en la calle Avenida Catalunya, en la localidad de Blanes, en la provincia de Girona. El edificio dispone de una cierta antigüedad, por lo que carece de ascensor. La vivienda tiene una superficie construida de 93.31m2 y una superficie útil de 74.65m2 y está distribuida en un amplio hall de entrada, que da acceso a una cocina equipada independiente muy luminosa exterior y amueblada, y un pasillo que distribuye a un gran salón comedor con salida a una terraza exterior, tres dormitorios siendo dos de ellas habitación doble, y un cuarto de baño completo con bañera. La vivienda dispone de carpintería exterior de aluminio con acristalamiento sencillo, carpintería interior de madera principalmente de sapeli, su puerta de acceso es normal blindada, disponiendo de calefacción de gas natural pero no de aire acondicionado. Los suelos de las estancias son de gres cerámico, y la pintura es monocapa, plástica lisa, en todas las estancias. En la vivienda es necesario realizar una reforma para adecuarlo a unas condiciones de habitabilidad óptimas. Se localiza en una zona consolidada con carácter urbano y residencial, situado a pocos minutos del centro de la población, rodeado por fincas de similares características. Dispone de equipamientos suficientes en el entorno como: médico-sanitario, docente, religioso, comercial, restaurantes. Cuenta con buenas comunicaciones con el resto de la localidad. Buen acceso a través de carreteras principales que rodea al municipio y lo comunican con el resto de la provincia. - El inmueble se encuentra ocupado ilegalmente por terceros y sin los suministros debidamente contratados. El Inmueble se transmitirá: (i) como cuerpo cierto y a tanto alzado (ii) como un todo, inseparable (iii) en el estado registral y catastral en el que se encuentre (iv) en el estado físico, calidades, jurídico, urbanístico, administrativo, de licencias, de protección, de conservación y limpieza en el que se encuentre (v) al corriente de gastos e impuestos que por Ley corresponda al Vendedor y (vi) sin dotación de servicios y suministros. El Adquirente asumirá (i) la situación física y estado de conservación (ii) la situación urbanística (iii) las discrepancias entre la realidad física y la realidad registral y catastral o en la cabida del Inmueble (iv) la adecuación registral y catastral del Inmueble y (v) los tramites que conlleven la obtención de la Posesión Judicial del Inmueble. La Propiedad no responderá de/l (i) estado de conservación (ii) los vicios vistos y aparentes (iii) la regularización registral o catastral (iv) las discrepancias de cabida, que pudieran existir (v) la responsabilidad en la obtención de la cédula de habitabilidad del Inmueble, salvo que en la Comunidad Autónoma donde se ubique el Inmueble sea obligatoria su entrega y (vi) cualesquiera costes, gastos, honorarios, aranceles o tributos que se deriven de lo anterior. Si a fecha de venta, la Propiedad hubiese demandado judicialmente la ocupación, podría el adquirente subrogarse en dicha demanda, no pudiendo reclamar importe alguno a la Propiedad como consecuencia de ello, salvo por los honorarios de abogados y procuradores que hasta la fecha de la transmisión se hubiesen devengado que, en cualquier caso, serán por cuenta de éste. Si en la fecha de venta, la Propiedad hubiese interpuesto una denuncia penal, que se encontrase en curso, se comunicará al Juzgado la venta, apartándose la Propiedad del procedimiento como acusación particular. El estado de ocupación y/o los impedimentos para que el inmueble pueda ser visitado libremente por los técnicos impedirían: i) su tasación oficial conforme exige la Orden ECO/805/2003, de 27 de marzo, por lo que el inmueble, mientras perdure la situación ocupacional, no podría ser hipotecado, en consecuencia, no podría constituirse financiación hipotecaria sobre este tipo de fincas, cuya adquisición r ",1,1,Solvia SE,2,1985.5,0,0,0,0,0,0,0,0,4,1,9,0,0,0,0,1,0,0,0,0,0,0,1,1459.4594594594594,2.0,0,La Plantera
91614604,https://www.idealista.com/inmueble/91614604/,Casa o chalet independiente en venta en calle de la Cala,1875000,375,8,carrer de la cala,41.68057478687336,2.8062159481904767,2025-01-10," Villa Las Brisas se encuentra en uno de los lugares más bellos de la Costa Brava, la bahía residencial de clase alta de Cala Sant Francesc en Blanes. La villa está muy bien equipada con aire acondicionado y decorada con un diseño moderno. Varias zonas de estar y cocina americana Bulthaup totalmente equipada con nevera americana, placas de cocción de cerámica, tepan yaki, horno, microondas. Trastero. La cocina tiene acceso directo a la amplia terraza con zona de comedor exterior y barbacoa. Salón y un cuarto de baño en esta planta. Un piso más arriba hay 2 dormitorios dobles y un baño. Otro piso más arriba hay un dormitorio doble y el dormitorio principal con baño en-suite. Otras 2 habitaciones dobles con cuarto de baño. En la planta superior hay un dormitorio doble y terraza azotea. En el nivel de la piscina se encuentra la piscina privada, zona de jardín y una de oficina con archivo y cuarto de baño con ducha. Esta villa cuenta con una piscina semi-salada, lo que significa que el agua es blanda, sin cloro y no provoca ojos rojos. Garaje para 2 coches. También tiene acceso al club privado en la bahía con una gran piscina (25x8m), piscina para niños, pista de tenis, bar y parque infantil. El precio de alquiler incluye también un mando a distancia para el aparcamiento privado cerca de la playa. La hermosa playa de Cala Sant Francesc está a 3 min a pie. La playa de arena tiene actividades acuáticas, un buen restaurante, duchas y socorrista. ",0,1,Coastal villas,5,1988.0,1,0,1,0,0,1,1,1,1,4,97,1,0,0,0,0,0,0,0,1,0,0,0,5000.0,1.6,5,Cala Sant Francesc - Santa Cristina
107140441,https://www.idealista.com/inmueble/107140441/,Casa o chalet independiente en venta en Cala Sant Francesc - Santa Cristina,499000,177,3,carrer de la cala,41.68057478687336,2.8062159481904767,2025-02-03," ¡Oportunidad única para inversores! Vivienda en Venta en la localidad de Blanes (Gerona). El inmueble se encuentra ocupado y sin posesión, por lo que no es posible visitarlo ni hipotecarlo en su estado actual. Se vende CASA UNIFAMILIAR de 178 m2 compuesta de una planta semisótano destinada a garaje, con una superficie de cuarenta y cuatro metros setenta decímetros cuadrados, y una planta baja distribuida en comedor-estar, cocina, baño, aseo, tres habitaciones y un amplio patio. La vivienda cuenta además con piscina propia. Se encuentra dentro la Urbanización Residencial de la Corona de Santa Cristina, en el término municipal de Blanes, a 3 kms del centro de la localidad y de sus famosas playas y a 45 kms de distancia de la ciudad de Gerona. Cuenta con todos los servicios necesarios a su alrededor, lo que hace que su ubicación sea inmejorable para aquellos interesados en invertir.  Más información en Nolon con la referencia interna 221939. ",1,1,Nolon,2,1979.0,0,0,0,0,0,0,0,0,2,0,73,1,0,0,0,0,0,0,0,1,0,0,0,2819.2090395480227,1.5,0,Cala Sant Francesc - Santa Cristina
106421320,https://www.idealista.com/inmueble/106421320/,Piso en venta en calle Segre,75000,51,2,carrer segre,41.692919889678585,2.797144194597745,2025-02-28," Pisos de segunda mano situados en la localidad de Blanes, en la provincia de Girona. Cuenta con una superficie de 52 m² y 72 m², según vivienda, distribuidos en salón-comedor, cocina, 2 dormitorios y 1 baño. Se encuentra próximo de todo tipo de servicios como hospitales, iglesias, jardines y a 11 minutos del camping Las Mimosas. Dispone cerca de establecimientos tales como restaurantes, alojamientos, bares, supermercados, etc Zona con buena comunicación tanto con el transporte público con paradas de autobús de líneas interurbanas, como por carretera mediante GI-682.Con nuestros servicios podrá encontrar la vivienda que necesita y asegurar su inversión con el mejor de los asesoramientos especializados. Empiece ahora mismo pidiendo más información. Un responsable cercano a usted le atenderá personalmente. - El inmueble se encuentra ocupado ilegalmente por terceros y sin los suministros debidamente contratados. El Inmueble se transmitirá: (i) como cuerpo cierto y a tanto alzado (ii) como un todo, inseparable (iii) en el estado registral y catastral en el que se encuentre (iv) en el estado físico, calidades, jurídico, urbanístico, administrativo, de licencias, de protección, de conservación y limpieza en el que se encuentre (v) al corriente de gastos e impuestos que por Ley corresponda al Vendedor y (vi) sin dotación de servicios y suministros.El Adquirente asumirá (i) la situación física y estado de conservación (ii) la situación urbanística (iii) las discrepancias entre la realidad física y la realidad registral y catastral o en la cabida del Inmueble (iv) la adecuación registral y catastral del Inmueble y (v) los tramites que conlleven la obtención de la Posesión Judicial del Inmueble.La Propiedad no responderá de/l (i) estado de conservación (ii) los vicios vistos y aparentes (iii) la regularización registral o catastral (iv) las discrepancias de cabida, que pudieran existir (v) la responsabilidad en la obtención de la cédula de habitabilidad del Inmueble, salvo que en la Comunidad Autónoma donde se ubique el Inmueble sea obligatoria su entrega y (vi) cualesquiera costes, gastos, honorarios, aranceles o tributos que se deriven de lo anterior.Si a fecha de venta, la Propiedad hubiese demandado judicialmente la ocupación, podría el adquirente subrogarse en dicha demanda, no pudiendo reclamar importe alguno a la Propiedad como consecuencia de ello, salvo por los honorarios de abogados y procuradores que hasta la fecha de la transmisión se hubiesen devengado que, en cualquier caso, serán por cuenta de éste. Si en la fecha de venta, la Propiedad hubiese interpuesto una denuncia penal, que se encontrase en curso, se comunicará al Juzgado la venta, apartándose la Propiedad del procedimiento como acusación particular. El estado de ocupación y/o los impedimentos para que el inmueble pueda ser visitado libremente por los técnicos impedirían: i) su tasación oficial conforme exige la Orden ECO/805/2003, de 27 de marzo, por lo que el inmueble, mientras perdure la situación ocupacional, no podría ser hipotecado, en consecuencia, no podría constituirse financiación hipotecaria sobre este tipo de fincas, cuya adquisición requerirá el otorgamiento de otro tipo de garantías en caso de solicitarse financiación y ii) la obtención por parte de la propiedad del certificado de eficiencia energética.El precio de venta de este Inmueble se ha determinado en base a las anteriores circunstancias, que han supuesto un menor valor del mismo, y que deberán ser expresamente aceptadas por el adquirente en la formalización de la transmisión del Inmueble. Se recomienda que el comprador obtenga asesoramiento profesional y legal antes de adoptar la decisión de compra. ",1,1,Solvia HR,1,1985.5,0,0,0,0,0,0,0,0,2,4,48,0,0,0,0,0,0,0,1,0,0,0,1,1470.5882352941176,2.0,0,Urbanitzacions
106938224,https://www.idealista.com/inmueble/106938224/,Piso en venta en calle d'Enric Morera s/n,315000,100,3,carrer d'enric morera s/n,41.661857440587944,2.782163797181824,2025-01-03," Piso en venta en Blanes, con una ubicación privilegiada en un entorno tranquilo y vistas al mar. La vivienda consta de 100 m² construidos, 92 m² útiles, y ofrece un diseño funcional y confortable. Dispone de 3 habitaciones cómodas, 2 baños completos, un luminoso salón comedor con acceso a un balcón con vistas al mar y una cocina independiente bien equipada. Situado en la 8ª planta de un edificio con ascensor, el inmueble forma parte de una comunidad que incluye piscina para disfrutar en los días soleados. Una oportunidad única para quienes buscan tranquilidad y comodidad cerca del mar. Contacta para más información y visita. ",0,1,Alpha Immo,2,1978.0,0,0,0,1,0,0,1,0,1,4,104,0,0,0,1,0,0,0,0,0,0,0,1,3150.0,1.5,2,Els Pins
104450813,https://www.idealista.com/inmueble/104450813/,Piso en venta en La Plantera,136000,105,3,carrer béjar,41.66839367930616,2.775473038042611,2025-04-04," Descubre este espacioso piso de obra nueva en el encantador municipio de Blanes, Girona. Con 105 m² construidos, esta vivienda ofrece un diseño moderno y funcional, ideal para familias que buscan un hogar cómodo y bien ubicado. El piso cuenta con tres luminosas habitaciones y dos baños completos, perfectos para satisfacer todas tus necesidades diarias. La distribución de la propiedad incluye un amplio salón-comedor, ideal para momentos de relax y reuniones familiares, y una cocina bien equipada, que hará las delicias de los aficionados a la gastronomía. Su ubicación en el corazón de Blanes te permitirá disfrutar de todos los servicios y comodidades a tu alcance. A pocos pasos encontrarás la Escola Pública Napoleó Soliva, supermercados, bibliotecas, farmacias, centros deportivos y varias paradas de autobús, así como la estación de tren Blanes. Además, cuenta con fácil acceso a la carretera GI-682, facilitando tus desplazamientos. Blanes es una localidad costera que destaca por su vibrante vida cultural, sus preciosas playas y su rica oferta gastronómica. Vivir aquí te permitirá disfrutar de un entorno natural privilegiado y de una comunidad acogedora. Girona, la provincia donde se encuentra Blanes, es conocida por su belleza histórica y paisajística, ofreciendo una alta calidad de vida y múltiples opciones de ocio y entretenimiento. No pierdas la oportunidad de conocer más sobre esta magnífica propiedad. Disponemos de un tour virtual y un tour en video para que puedas explorar cada rincón del piso desde la comodidad de tu hogar. La vivienda cuenta con una certificación energética de categoría E, garantizando un consumo energético eficiente. ¡Ven a descubrir tu nuevo hogar en Blanes! ",0,1,Aliseda Inmobiliaria,2,1985.5,0,0,0,0,0,0,0,0,4,4,13,0,0,0,0,1,0,0,0,0,0,0,1,1295.2380952380952,1.5,0,La Plantera
107379213,https://www.idealista.com/inmueble/107379213/,Finca rústica en venta en Urbanitzacions,157500,49,2,carrer urbanitzacions,41.690927089710506,2.7931287373638796,2025-04-16," Casa de campo situada cerca de todos los servicios. Consta de un salón-comedor con chimenea, dos dormitorios, una cocina y un cuarto de baño. La propiedad dispone del terreno rústico a su alrededor y cuenta con el suministro de luz, agua de pozo y fosa séptica. Hay que tener en cuenta que el inmueble se vende como porción del terreno por lo tanto no dispone de la cédula de habitabilidad y no hay posibilidad de empadronarse aquí. Infórmense sin compromiso contactando con nosotros. ***La descripción expuesta es meramente informativa, puede contener errores involuntarios y no tiene valor contractual. ***. ",0,1,QS Estate Agency,1,1999.0,0,0,0,0,1,1,0,0,4,2,1,0,0,0,0,0,0,0,1,0,0,1,0,3214.285714285714,2.0,1,Urbanitzacions
102291131,https://www.idealista.com/inmueble/102291131/,Piso en venta en Semicentre,179000,98,3,"carrer anselm clavé,62",41.677296,2.7873864,2025-04-02," Piso en Blanes, Gerona, idóneo para familias. La vivienda cuenta con una superficie de 98 m² construidos distribuidos en tres habitaciones, salón-comedor, cocina y dos aseos. Está ubicado en el corazón de Blanes, en sus alrededores encontramos la Escola Pública Mossèn Joan Batlle, supermercados, bancos, farmacias y centros deportivos. Cuenta con fácil acceso a GI-682.  Oportunidad de inversión: inmueble ocupado. Consulte con nuestro Agente Comercial la información adicional sobre el inmueble y las condiciones especiales de compraventa. El precio del inmueble ha sido fijado en atención a que el inmueble se adquiera por el comprador en estado de ocupado por lo que no aplicaría dicho precio si en el momento de formalización de la escritura pública el inmueble se encontrara libre de ocupantes. Imposibilidad de visita interior. Las fotografías pueden no corresponderse con el estado actual del inmueble. ",1,1,Aliseda Inmobiliaria,2,1985.5,0,0,0,0,0,0,0,0,4,2,15,0,0,0,0,0,0,1,0,0,0,0,1,1826.530612244898,1.5,0,Semicentre
97496727,https://www.idealista.com/inmueble/97496727/,Casa o chalet independiente en venta en calle francesc,1250000,417,4,carrer francesc,41.66565659399783,2.784161288171001,2024-12-17," LUJOSA CASA EN LA MEJOR CALA DE BLANES! CON APARTAMENTO DE INVITADOS! Maravillosa casa de lujo en la urbanización privada cerca de la playa. Año de construcción 2010. Consta de 4 dormitorios, 4 baños, cocina, salón-comedor. 417 m2 construidos, 308 m2 utiles, grande parcela de 1019 m2. La propiedad también dispone de un apartamento para invitados, amplio parking para 2 coches, espectacular terraza de 100 m2 con panorámicas vistas. Ascensor, bonita piscina, Aire acondicionado. Calefacción. Suelo gres. Chimenea. Llámenos para hacer una visita! ",0,1,Finques Prestige,4,1985.5,1,0,1,0,0,1,1,1,12,1,121,1,0,0,0,0,0,0,0,1,0,0,0,2997.6019184652278,1.0,5,Cala Sant Francesc - Santa Cristina
101775670,https://www.idealista.com/inmueble/101775670/,Casa o chalet independiente en venta en Sant Damian,1500000,218,4,carrer sant damian,41.68073694570642,2.8053933238100295,2024-09-01," Disponemos de una preciosa casa situada en la urbanización Santa Cristina de Blanes. La casa es la más alta de toda la urbanización con lo que es la que dispone las mejores vistas al mar. Desde la casa se pueden ver todas las Calas que hay entre Blanes, Lloret y Tossa de Mar.  La casa dispone de parking para dos coches y desde el parking se puede acceder al ascensor exterior el cual te lleva a la planta intermedia y que te facilita un acceso cómodo a la casa.  La parcela dispone de 886m la cual dispone de una preciosa piscina con unas vistas únicas, jardín y una vivienda de 218m. La vivienda se encuentra para actualizar. Dispone de 4 habitaciones con dos baños completos, todas las habitaciones disponen de una salida a terraza con unas vistas al mar únicas. Es una casa perfecta para compartir con la familia. ",0,1,Bronte,2,1978.0,1,0,1,0,1,1,1,0,9,6,228,1,0,0,0,0,0,0,0,1,0,0,0,6880.733944954129,2.0,4,Cala Sant Francesc - Santa Cristina
107906196,https://www.idealista.com/inmueble/107906196/,Casa o chalet independiente en venta en Mont Ferrant - Sant Joan,295000,208,6,"carrer de santa bàrbara, 37-33",41.67704962078834,2.792189439337077,2025-04-11," ESPACIO PARA TI Y PARA TU PROPIO NEGOCIO, Hay viviendas como esta que presentamos que te permiten un montón de opciones, son tres plantas independientes con mucho espacio y muchas maneras de distribuirlo. La vivienda hace esquina y dispone de un local comercial a pie de calle, garaje privado y acceso a la planta baja (que necesita reforma), pero que una vez terminada te quedara un precioso bajo con dos habitaciones, salón comedor y cuarto de baño completo. En la planta superior hay un amplio piso distribuido en un gran salón-comedor con chimenea y con salida a dos balcones, 2 dormitorios dobles, una sala de estar que se puede habilitar como otra habitación doble, 1 habitación individual, 1 baño completo y 1 aseo. La amplia cocina con despensa y chimenea nos dará acceso a una preciosa terraza con barbacoa y desde donde accederemos a la planta superior en donde encontramos otra gran terraza a varios niveles y con lavadero. Y esto no es todo, si eres promotor el edificio permite levantar otro piso en la parte superior y si además quisieras ampliar el espacio, existe la posibilidad de unir otro edificio colindante para aumentar la edificabilidad. *impuestos y gastos no incluidos en el precio*. ",0,1,Assessors Du Pre i Fernández,3,1960.0,1,0,1,0,0,0,0,0,4,4,6,0,0,0,0,0,1,0,0,1,0,0,0,1418.2692307692307,2.0,2,Mont Ferrant - Sant Joan
102633199,https://www.idealista.com/inmueble/102633199/,Casa o chalet independiente en venta en camino de Santa Cristina,695000,227,3,carrer camino de santa cristina,41.68073694570642,2.8053933238100295,2024-09-22," Esta hermosa villa está situada en la urbanización residencial de Cala Santa Cristina, en Blanes. Cuenta con fabulosas vistas al mar Mediterráneo y el bosque de pinos. Desde todas las habitaciones de la casa podrá disfrutar de esta vista increíble! Las hermosas playas de arena de Cala Treumal y Cala Santa Cristina están tan a sólo 10 minutos a pie.  La casa tiene 3 pisos, que están conectados por una escalera y un ascensor. Ideal para las personas de mayor edad.  En la planta baja está la entrada principal y un garaje privado para un coche. Area de lavado con lavadora y secadora.  En la primera planta está la luminosa sala de estar con chimenea, que conecta con la zona de comedor. Tiene acceso directo a la terraza para disfrutar de su cena durante las noches de verano. Y de nuevo vistas al mar!  Cocina totalmente equipada con lavavajillas, también con acceso directo a la terraza.  Dormitorio doble y baño propio.  En el segundo piso hay 2 habitaciones dobles. El dormitorio principal con baño en-suite y vestidor, con vistas al mar y al bosque desde la ventana grande. El segundo dormitorio doble y una tercer baño separado.  Todos los 3 dormitorios tienen acceso a la terraza.  Desde el segundo piso se accede a la piscina y jardín privado, el cual se encuentra un piso más arriba. Aquí hay una segunda terraza con mobiliario y barbacoa. Tumbonas alrededor de la piscina y por supuesto vistas al mar!  Aire acondicionado en toda la casa. ",0,1,Coastal villas,3,2001.0,1,0,1,0,0,1,1,1,9,6,207,1,0,0,0,0,0,0,0,1,0,0,0,3061.6740088105726,1.0,5,Cala Sant Francesc - Santa Cristina
101127726,https://www.idealista.com/inmueble/101127726/,Piso en venta en La Plantera,120000,62,3,carrer béjar,41.66839367930616,2.775473038042611,2025-04-02," Piso en Blanes, Gerona, ideal para parejas. La vivienda consta de 61 m² construidos distribuidos en dos habitaciones, salón-comedor, cocina y un aseo. El inmueble tiene mucha luz natural y suelos de parquet que proporcionan al piso de mayor calidez y confort. Situado en la 4a planta del edificio, sin ascensor. Localizado en el corazón de Blanes, en sus alrededores encontramos la Escola Pública Napoleó Soliva, supermercados, bancos, farmacias, centros deportivos, varias paradas de autobús y la estación de tren Blanes. Cuenta con fácil acceso a BV-6001. ",0,1,Aliseda Inmobiliaria,1,1985.5,0,0,0,0,0,0,0,0,4,2,15,0,0,0,0,1,0,0,0,0,0,0,1,1935.483870967742,3.0,0,La Plantera
105613805,https://www.idealista.com/inmueble/105613805/,Piso en venta en avenida Catalunya,125000,56,1,avinguda catalunya,41.68368089969945,2.7928017639573333,2025-03-22," IDEAL PARA GENTE MAYOR! Planta baja de 56m2 construidos situada en zona La Plantera de Blanes Amueblada, con aire acondicionado, 2 ventanas a calle, con rejas, alarma, puerta de seguridad,  1 habitación triple, salón comedor, cocina semiabierta, recibidor con armario empotrado, 1 baño completo con bañera, LISTO PARA ENTRAR A VIVIR NO DEJE PASAR LA OPORTUNIDAD, También dispone de GARAJE CERRADO CON ALARMA EN LA MISMA FINCA, apto para 4 coches y trastero, Consúltenos para más información. ",0,1,FINQUES I REFORMES CITY GRUP S.L.,1,1990.0,0,0,1,0,0,0,0,1,3,5,26,0,0,0,0,1,0,0,0,0,0,0,1,2232.1428571428573,1.0,2,La Plantera
104810242,https://www.idealista.com/inmueble/104810242/,Piso en venta en Centre,211600,93,1,carrer ample,41.67454693196272,2.791958077322335,2025-04-16," Piso en venta ubicado en CALLE S'AUGUER, BLANES, Girona. Dispone de una superficie de 93 m2  Oportunidad de inversión: inmueble ocupado. Consulte con nuestro Agente Comercial la información adicional sobre el inmueble y las condiciones especiales de compraventa. El precio del inmueble ha sido fijado en atención a que el inmueble se adquiera por el comprador en estado de ocupado por lo que no aplicaría dicho precio si en el momento de formalización de la escritura pública el inmueble se encontrara libre de ocupantes. Imposibilidad de visita interior. Las fotografías pueden no corresponderse con el estado actual del inmueble. ",1,1,Aliseda inmobiliaria,2,1985.5,0,0,0,0,0,0,0,0,4,2,1,0,1,0,0,0,0,0,0,0,0,0,1,2275.2688172043013,0.5,0,Centre
107875632,https://www.idealista.com/inmueble/107875632/,Casa o chalet independiente en venta en Urbanitzacions,525000,388,5,carrer urbanitzacions,41.690927089710506,2.7931287373638796,2025-04-09," Preciosa casa con piscina y panorámicas vistas al mar, situada en la urbanización tranquila de Blanes, cerca de todos los servicios. La propiedad está distribuida en tres plantas de la siguiente manera: en la planta principal a la que se accede por las escaleras desde la pie de la calle se encuentran dos habitaciones amplias, ambas con salida a la piscina exterior, un pequeño trastero, la sala de maquinaria y un cuarto de baño. En la planta primera hay una cocina-office con salida al jardín, un salón-comedor con salida al balcón con impresionantes vistas al mar, un cuarto de baño, un dormitorio individual, otro doble y tercer dormitorio tipo suite con su propio cuarto de baño y también con la salida al balcón. Y en la planta superior tenemos la zona de buhardilla con un trastero y con acceso a un solarium con magníficas vistas panorámicas a toda la ciudad. A pie de la calle la casa dispone de un garaje cerrado con la zona de almacenamiento. Organice la visita, ésta casa le dejará sin palabras! ***La descripción expuesta es meramente informativa, puede contener errores involuntarios y no tiene valor contractual. ***. ",0,1,QS Estate Agency,3,2012.0,1,0,1,0,0,1,1,0,4,2,8,0,0,0,0,0,0,0,1,1,0,0,0,1353.0927835051546,1.6666666666666667,4,Urbanitzacions
102968605,https://www.idealista.com/inmueble/102968605/,Piso en venta en La Plantera,93000,55,1,carrer béjar,41.66839367930616,2.775473038042611,2025-04-02," Piso en Blanes, Gerona. Dispone de 54 m² distribuidos en salón-comedor con balcón, la habitación, la cocina abierta y el baño. El piso se encuentra cerca de la Plza. Badajoz, en los alrededores tiene un supermercado, servicios y comercios. Fácil acceso a la GI-6831.  Oportunidad de inversión: inmueble ocupado. Consulte con nuestro Agente Comercial la información adicional sobre el inmueble y las condiciones especiales de compraventa. El precio del inmueble ha sido fijado en atención a que el inmueble se adquiera por el comprador en estado de ocupado por lo que no aplicaría dicho precio si en el momento de formalización de la escritura pública el inmueble se encontrara libre de ocupantes. Imposibilidad de visita interior. Las fotografías pueden no corresponderse con el estado actual del inmueble. ",1,1,Aliseda Inmobiliaria,1,1985.5,0,0,0,0,0,0,0,0,4,2,15,0,0,0,0,1,0,0,0,0,0,0,1,1690.909090909091,1.0,0,La Plantera
84717034,https://www.idealista.com/inmueble/84717034/,Casa o chalet independiente en venta en Semicentre,850000,450,5,"carrer anselm clavé,62",41.677296,2.7873864,2025-03-28," ¡Descubre tu oasis de tranquilidad en Blanes! Esta hermosa casa en venta te ofrece todo lo que necesitas para disfrutar de un estilo de vida relajado cerca del mar. Ubicada en un amplio terreno plano de 10.000 m2, esta propiedad cuenta con vistas lejanas al mar y a la montaña, una vivienda de 450 m2 que se distribuye en tres plantas y un total de 5 dormitorios y 5 baños. Planta principal: Cocina con salida a amplia terraza y habitación despensa, amplio salón comedor con chimenea, una habitación doble en suite con baño completo, habitación individual con baño completo, sala despacho, dos habitaciones dobles y un amplio baño. Planta alta: amplia sala polivalente con bigas de madera, salida a terraza con vistas al jardín y aseo. Planta baja (a la altura del jardín): Amplio garaje, salón de verano con chimenea con salida a jardín, amplia sala trastero y gran sala polivalente y baño completo. Terreno vallado de 10.000 m2 con piscina exterior, barbacoa y parking exterior. La vivienda dispone de calefacción y suelo radiante, placas solares, y un pozo de agua con un deposito de agua de 80.000 litros. A solo 5 kilómetros de la playa y de todos los servicios como supermercados, restaurantes, cine, pádel, etc. Y a sólo 68 kilómetros de Barcelona.  ref: 0835. ",0,1,Mandarina Houses,5,1985.5,1,0,1,0,0,1,1,0,3,4,20,0,0,0,0,0,0,1,0,1,0,0,0,1888.888888888889,1.0,4,Semicentre
92493175,https://www.idealista.com/inmueble/92493175/,Casa o chalet independiente en venta en paseo de Carles Faust,3300000,295,5,passeig de carles faust,41.675882574372025,2.801212791287493,2025-04-08," Villa única en entorno exclusivo y privilegiado en Blanes. Espectaculares vistas al mar con acceso privado directo a la espectacular cala Forcanera y al acantilado que la rodea, un excepcional paraje de la Costa Brava. Se trata de una casa de estructura de diseño Mediterráneo, muy luminosa, dispone de 5 dormitorios, dos de ellos dobles, 4 baños, salón-comedor, cocina office, galería. Toda ella en una sola planta baja. Con balcones y terraza de 50m2 con vistas panorámicas al amplio mar. Preciosa finca de 5400m2 de parcela. Con garaje para más de 4/5 coches. Jardín con espacios de bosque natural. Vivienda única en la zona, envuelta de historia, cultura y construcciones emblemáticas. La finca está incluida dentro del Catálogo de Protección del Patrimonio Histórico-Artístico de Blanes. Fácil acceso al puerto de Blanes y muy cerca del centro. ",0,1,METRES UNICS IMMOBILIARIES,4,1983.0,1,0,1,0,0,1,0,0,4,1,9,1,0,0,0,0,0,0,0,1,0,0,0,11186.440677966102,1.25,3,Cala Sant Francesc - Santa Cristina
103241842,https://www.idealista.com/inmueble/103241842/,Piso en venta en Els Pins,298000,100,3,carrer vila de paris,41.66407367300141,2.783408558724116,2025-04-01," piso en primera linea de mar, zona los Pinos, piso en edificio con amplia piscina, zona ajardinada, ascensor y conserje, el piso consta de un amplio salon-comedor, con salida a terraza con vistas al mar, cocina independiente equipada, 3 habitaciones, dos de ellas dobles, y todas con salida a balcon con vistas al mar, 2 baños completos, uno con ducha y otro con bañera, ventanas de aluminio, el piso esta impecable, muy bien cuidado y para entrar a vivir. Hay posibilidad de plaza de parquing, situada en un edificio muy cercano. gran oportunidad, de tener un fantastico piso en primera linea de mar. En cumplimiento de la ley 3/2917 del 13 de febrero de 2018 del CODIGO CIVIL DE CATALUNYA, por el que se aprueba el Reglamento de Información al Consumidor en la compraventa y arrendamiento de viviendas en CATALUÑA, se informa al cliente que los gastos notariales, registrales e impuestos que le sean de aplicación ( ITP ó IVA + AJD ) y otros gastos inherentes a la compraventa no están incluidos en el precio [IW]. ",0,1,FINGEST BLANES,2,1978.0,1,0,0,1,0,0,1,0,4,1,16,0,0,0,1,0,0,0,0,0,0,0,1,2980.0,1.5,3,Els Pins
106495767,https://www.idealista.com/inmueble/106495767/,Casa o chalet independiente en venta en camino de Sant Pere del Bosc,549000,146,5,carrer camino de sant pere del bosc,41.690927089710506,2.7931287373638796,2024-12-02," En plena naturaleza: tranquilidad y privacidad a solo 4 km de Blanes Descubre la paz y la serenidad en esta encantadora casa de estilo artístico, situada en un entorno natural sin vecinos cercanos, donde podrás disfrutar de una vida tranquila y en contacto con la naturaleza. A solo 4 km de Blanes y con vistas al Montseny, es ideal si buscas un retiro privado en la montaña. La casa se encuentra en una parcela de 10.000 m² rodeada de jardines autóctonos y bosque, brindando un ambiente aislado y seguro, donde el único sonido es el de la naturaleza. Construida en 1971 y orientada al sur, la vivienda ha sido cuidadosamente conservada y ofrece una atmósfera cálida y acogedora en cada rincón. En la planta principal, el amplio salón-comedor de 54 m² con fuego a tierra, invita a pasar momentos relajantes y conectados con el entorno, con acceso directo a dos terrazas ideal para contemplar el paisaje. La cocina abierta, equipada con electrodomésticos modernos, facilita el día a día, los tres dormitorios, cada uno con baño privado, ofrecen privacidad. También cuenta con una terraza solarium de 20 m² en la azotea, perfecta para disfrutar del sol y el aire puro de la montaña. La planta inferior, con entrada independiente, dispone de un precioso porche con arcos y una habitación con baño privado, ideal para recibir invitados y una gran sala. La propiedad incluye trastero, plaza de garaje, deposito de agua de 35.000 litros, sistemas de conectividad e internet. Un cuento de hadas. ",0,1,FINQUES DEKL,3,1971.0,1,0,1,0,0,1,0,0,12,0,136,0,0,0,0,0,0,0,1,1,0,0,0,3760.27397260274,1.6666666666666667,3,Urbanitzacions
106798173,https://www.idealista.com/inmueble/106798173/,Piso en venta en avenida de l'Estació,188500,95,4,avinguda de l'estació,41.67775745,2.7836115,2025-03-29," Inmueble sin posesión y sin acceso al interior. Las fotografías del interior y las características del activo, pueden no ajustarse al estado actual.  NO COBRAMOS COMISIÓN DE INTERMEDIACIÓN AL COMPRADOR ¡Tenemos en exclusiva un piso para ti! Disponemos de un piso en edificio residencial que puedes adquirir en propiedad, con una superficie de 95m² muy bien distribuido y con distintas dependencias, ofreciendo todo lo que necesitas para una vida cómoda y moderna. Desde el momento en que cruces la puerta de entrada, te sentirás acogido por su ambiente cálido, ubicado en la localidad de Blanes, provincia de Girona.  Este piso es ideal para quienes buscan un hogar confortable en un entorno natural y acogedor. Este espacioso piso cuenta con un luminoso salón-comedor, perfecto para disfrutar de momentos en familia y reuniones con amigos. Decorado con gusto y con materiales de alta calidad, este piso ofrece una experiencia de vida inmejorable. Situado en una zona residencial tranquila, este piso disfruta de una ubicación estratégica. A poca distancia, encontrarás supermercados, colegios, centros de salud y una variada oferta de tiendas y restaurantes. Además, la excelente conexión con las principales vías de acceso te permitirá llegar rápidamente a otras áreas de interés en Girona y sus alrededores.  Hipoges es una plataforma inmobiliaria donde podrás acceder a miles de activos inmobiliarios de diferentes tipos como viviendas, locales comerciales, terrenos, nueva obra, tanto a nivel particular como para inversores. Hipoges cuenta con una amplia cartera de activos inmuebles tanto en España como en Portugal y Grecia.  Esta propiedad está ocupada por terceros. No se puede visitar. No apta para compradores que requieran financiación hipotecaria. El comprador será responsable de los trámites y gastos relacionados con la desocupación del inmueble. La información proporcionada referente a la distribución y estructura puede no ajustarse a la realidad, ya que su verificación no ha sido posible. La distribución indicada se ha tomado en referencia a la distribución de activos de la zona. ¿Necesitas financiación? Te ofrecemos la posibilidad de financiaciones de hasta el 100% para la compra de este inmueble. Entra en Finanwin. com, haz tu simulación y obtén la mejor oferta para tu Hipoteca de la manera más ágil y sencilla. ",1,1,Hipoges,3,2000.0,0,0,0,1,0,0,0,0,3,5,19,0,0,0,0,0,0,1,0,0,0,0,1,1984.2105263157894,1.3333333333333333,1,Semicentre
107798315,https://www.idealista.com/inmueble/107798315/,Piso en venta en Semicentre,127000,45,1,"carrer anselm clavé,62",41.677296,2.7873864,2025-04-02," Piso con luz, confort en el corazón de BLANES.  Piso soleado en el corazón de Blanes, con ascensor, carpintería de aluminio, dobles cristal, bomba de calor/frío ¡Confort y ubicación ideal¡  SAFTI presenta este luminoso y acogedor piso en el centro de Blanes, perfecto tanto para vivir como para invertir. Con 1 habitación, 1 baño, cocina independiente y un amplio salón-comedor, este hogar destaca por su orientación sur, que garantiza luz natural durante todo el día. Ubicado en una finca con ascensor, el piso cuenta con carpintería de aluminio, doble cristal y bomba de frío y calor, asegurando confort en cualquier época del año. Su excelente ubicación en pleno centro permite acceso inmediato a todos los servicios, comercios, transporte público, restaurantes y zonas de ocio, brindando comodidad y calidad de vida. Una oportunidad única para quienes buscan un hogar con todas las comodidades, en una zona privilegiada y lista para entrar a vivir. ¡Tu hogar ideal! Llámanos y concretaremos una vista. ",0,1,Fran VIANA QUERO,1,1992.0,0,1,0,1,0,0,0,1,4,2,15,0,0,0,0,0,0,1,0,0,0,0,1,2822.222222222222,1.0,3,Semicentre
107793564,https://www.idealista.com/inmueble/107793564/,Piso en venta en Semicentre,169000,78,2,"carrer anselm clavé,62",41.677296,2.7873864,2025-04-02," Piso completamente reformado. Antes era de 3 habitaciones, actualmente 2 hab. de matrimonio. Exterior con salida a balcón. Cocina abierta a comedor. Lavadero interior independiente. Baño reformado con plato de ducha. Trastero.  Posibilidad de plaza de parking cerrada, NO INCLUIDA EN EL PRECIO, a pocos metros del piso. **No deje pasar la oportunidad, y venga a visitarlo** Para concertar visita, llámenos 6 6 3 9 6 5 5 4 7. *En cumplimiento de la ley 3/2917 del 13 de febrero de 2018 del CODIGO CIVIL DE CATALUNYA, por el que se aprueba el Reglamento de Información al Consumidor en la compraventa y arrendamiento de viviendas en CATALUNYA, se informa al cliente que los gastos notariales, registrales e impuestos que le sean de aplicación (ITP o IVA + AJD) y otros gastos inherentes a la compraventa no están incluidos en el precio. ",0,1,Gestions immobiliaries Peregrina,1,1985.5,0,1,0,0,0,0,0,0,4,2,15,0,0,0,0,0,0,1,0,0,0,0,1,2166.6666666666665,2.0,1,Semicentre
106723900,https://www.idealista.com/inmueble/106723900/,Chalet adosado en venta en calle dels Olivers,399500,201,4,carrer dels olivers,41.66658074499602,2.7819321619823683,2025-03-05," Gran casa en el barrio de Los Pinos (Blanes) con posibilidad de compra conjunta de un local (bar) en la planta baja. La casa se encuentra en la primera planta, donde encontramos una bonita zona de dia con gran cocina con un complemento de un patio de luces de buenas dimensiones, lavabo de tres piezas y amplio salón comedor con balcón. En la segunda planta encontramos un lavabo completo, tres habitaciones dobles, una de ellas en suite, dos de las habitaciones con salida a balcón. En la tercera planta se ubica una gran habitación con un patio y bonitas vistas al Montseny. Una casa con muchas posibilidades ideal para una familia, donde vivir con amplitud, privacidad y comodidad. No lo dudes y pide más información ahora en Finques DEKL. En cumplimiento de la ley 3/2917 del 13 de febrero de 2018 del Código civil de Cataluña, por el que se aprueba el Reglamento de Información al Consumidor en la compraventa y arrendamiento de viviendas en Cataluña, se informa al cliente que los gastos notariales, registrales e impuestos que le sean de aplicación (ITP o IVA AJD) y otros gastos inherentes a la compraventa, no están incluidos en el precio. ",0,1,FINQUES DEKL,3,1993.0,0,0,0,0,0,0,0,0,3,2,43,0,0,0,1,0,0,0,0,1,0,0,0,1987.5621890547263,1.3333333333333333,0,Els Pins
99591593,https://www.idealista.com/inmueble/99591593/,Casa o chalet independiente en venta en Cala Sant Francesc - Santa Cristina,1850000,450,4,carrer de la cala,41.68057478687336,2.8062159481904767,2025-04-15," HABITAT GRUP REF: HGSM-221114-CH Espectacular casa de 540m2, una una magnífica urbanización como Cala San Francesc. La casa esta situada en una parcela de 1540m2. Con vistas al mar y la montaña. A tan solo 20 minutos andando del centro de blanes. Consta de:  - 4 habitacioens tipo suitte ( 1 de ellas con vestidor )  - Salón-comedor con vistas al mar y a la montaña  - Cocina tipo office  - Zona exterior con porche, barbacoa y con iluminación  - Piscina muy grande  - Una zona de 120m2 con jacuzzi para 6 personas, gimnasio, baño turco.. . La casa tiene un anexo aún por terminar con dos habitaciones, baño, cocina y salón. ¡No deje escapar esta oportunidad y contacte con nosotros, sin compromiso, para mas información! Habitat Grup dispone de un equipo altamente cualificado especializado en la búsqueda y captación de oportunidades inmobiliarias para ofrecer a nuestros clientes una buena inversión o la compra de su vivienda a unos precios muy competitivos. ",0,1,Habitat Grup Real Estate,7,1985.5,1,0,0,0,0,1,1,1,4,1,2,1,0,0,0,0,0,0,0,1,0,0,0,4111.111111111111,0.5714285714285714,4,Cala Sant Francesc - Santa Cristina
107910832,https://www.idealista.com/inmueble/107910832/,Chalet adosado en venta en Els Pavos,336000,200,5,"carrer provença,4",41.67561905639978,2.781819036155578,2025-04-14," Casa de dos plantas mas TERRAZA DE 75 M² a reformar en Blanes, con posibilidad de edificar mas plantas, haciendo planta baja con garaje, primer piso, segundo piso y ático con terraza. Casa de planta baja y un piso mas terraza superior. 95 m² por planta + terraza superior de 75 m² La planta baja tiene 95 m² y constituye una vivienda familiar compuesta por comedor-estar, cocina, baño, recibidor, patio y tres dormitorios. La planta primera  tiene otra vivienda familiar con cocina, comedor-estar, dos dormitorios, baño, cuarto lavadero, terraza cubierta. Planta superior, terraza descubierta de unos 75 m² con vistas despejadas. La planta superior está mejor conservada, la planta inferior está a reformar por completo. Ambas plantas están conectadas, aunque tienen entradas independientes. Se puede hacer una casa de dos plantas, o bien dos pisos independientes. Ideal para emprendedores, inversores o personas que quieran hacer una buena reforma a su gusto. Es una casa con mucho potencial! **No deje pasar la oportunidad, y venga a visitarlo** Si necesita financiación, le podemos ayudar. Para concertar visita, llámenos 6 6 3 9 6 5 5 4 7. *En cumplimiento de la ley 3/2917 del 13 de febrero de 2018 del CODIGO CIVIL DE CATALUNYA, por el que se aprueba el Reglamento de Información al Consumidor en la compraventa y arrendamiento de viviendas en CATALUNYA, se informa al cliente que los gastos notariales, registrales e impuestos que le sean de aplicación (ITP o IVA + AJD) y otros gastos inherentes a la compraventa no están incluidos en el precio. ",0,1,Gestions immobiliaries Peregrina,2,1980.0,1,0,0,0,1,0,0,0,4,0,3,0,0,1,0,0,0,0,0,1,0,0,0,1680.0,2.5,1,Els Pavos
104853672,https://www.idealista.com/inmueble/104853672/,Piso en venta en La Plantera,121000,56,1,carrer béjar,41.66839367930616,2.775473038042611,2024-09-03," Piso en Venta en La Plantera, Blanes: Encantador piso de 56m2 en busca de nuevos dueños. Este acogedor hogar, iluminado por el sol de la tarde, cuenta con un recibidor que te da la bienvenida a un salón comedor acogedor. La vivienda dispone de 1 habitación doble, una cocina americana totalmente equipada que se integra armoniosamente con el salón y un baño completo con bañera. El piso se ofrece amueblado y listo para entrar a vivir, brindando comodidad desde el primer momento. Además, cuenta con un almacén/trastero de gran capacidad incluido en el precio, el cual también puede ser utilizado como parking, añadiendo versatilidad. Para más detalles, información adicional o coordinar una visita para conocer este encantador piso, no dude en ponerse en contacto con nosotros.  . ",0,1,Versalles Inmobiliaria,1,1990.0,0,0,1,0,0,0,0,1,9,1,226,0,0,0,0,1,0,0,0,0,0,0,1,2160.714285714286,1.0,2,La Plantera
96938499,https://www.idealista.com/inmueble/96938499/,Piso en venta en Semicentre,170000,155,4,"carrer anselm clavé,62",41.677296,2.7873864,2025-04-02," Espacioso piso en Blanes, Gerona, ideal para familias. El inmueble cuenta con una superficie de 154 m² construidos distribuidos en cuatro habitaciones, salón-comedor, cocina y dos aseos. Está ubicado en el corazón de Blanes cerca de Castell de Sant Joan | Blanes, en sus alrededores encontramos el Hospital Comarcal de la Selva, la Escola Carles Faust, supermercados y farmacias. Cuenta con fácil acceso a GI-682.  Oportunidad de inversión: inmueble ocupado. Consulte con nuestro Agente Comercial la información adicional sobre el inmueble y las condiciones especiales de compraventa. El precio del inmueble ha sido fijado en atención a que el inmueble se adquiera por el comprador en estado de ocupado por lo que no aplicaría dicho precio si en el momento de formalización de la escritura pública el inmueble se encontrara libre de ocupantes. Imposibilidad de visita interior. Las fotografías pueden no corresponderse con el estado actual del inmueble. ",1,1,Aliseda Inmobiliaria,2,1985.5,1,0,0,1,0,0,0,0,4,2,15,0,0,0,0,0,0,1,0,0,0,0,1,1096.774193548387,2.0,2,Semicentre
107154325,https://www.idealista.com/inmueble/107154325/,Piso en venta en calle Santiago Rusiñol,207900,112,3,carrer santiago rusiñol,41.68192104920673,2.780898463365972,2025-02-25,"  EXCLUSIVO PISO EN BLANES – COSTA BRAVA   Ubicación: Santiago Rusiñol 17, Piso 2  Superficie: 112 m²  3 habitaciones  2 baños  Precio por m²: 1.856 €/m²  Características principales:  Diseño moderno y funcional, con espacios amplios y bien iluminados.   Salón-comedor abierto, integrado con una cocina moderna con barra americana.   Grandes ventanales, que proporcionan luz natural y una sensación de amplitud inigualable.  Distribución: * Suite principal con baño privado. * Dos habitaciones dobles, luminosas y bien distribuidas. * Segundo baño completo, con bañera. * Habitación independiente para lavadora, optimizando el espacio y la organización.  Exteriores: * Balcón delantero, accesible desde la cocina y el comedor, ideal para disfrutar del aire libre. * Balcón trasero, con acceso desde las tres habitaciones. * Terraza comunitaria, compartida con solo otro vecino. * Trastero, ofreciendo espacio extra de almacenamiento.  Extras: * Edificio exclusivo, con solo tres vecinos. * Uso de zonas comunes con un coeficiente del 21,42%.  Ubicación inmejorable:  A 10 minutos de la playa.   Próximo a supermercados, colegios y transporte público.  ¡No dejes pasar esta oportunidad! Contacta con nosotros para más información o para concertar una visita.  Tu nuevo hogar en la Costa Brava te espera. . ",0,1,Huelrod Company,2,1997.0,1,0,0,1,0,0,0,1,2,1,51,0,0,0,0,0,0,1,0,0,0,0,1,1856.25,1.5,3,Semicentre
106218771,https://www.idealista.com/inmueble/106218771/,Casa o chalet independiente en venta en Cala Sant Francesc - Santa Cristina,955000,425,4,carrer de la cala,41.68057478687336,2.8062159481904767,2025-03-20," ¡Descubre el hogar de tus sueños en esta impresionante casa independiente de 425 m²! Situada en una parcela de 1.000 m², esta joya arquitectónica construida en 2002 combina elegancia y funcionalidad. Con 4 amplios dormitorios con acabados de calidad, uno de ellos con un espectacular vestidor, y 4 baños, ofrece espacio y comodidad para toda la familia. La cocina con zona de office y el comedor son perfectos para disfrutar de momentos inolvidables, mientras que la terraza con porche y comedor de verano te invita a relajarte al aire libre. La propiedad cuenta con un garaje con capacidad para 6 coches, ideal para los amantes del motor. Además, podrás disfrutar de una piscina climatizada durante todo el año. Los armarios empotrados y el trastero proporcionan un almacenamiento adicional, manteniendo el orden en el hogar. Con calefacción centralizada, esta casa es una oportunidad única para vivir en un entorno privilegiado. ¡No dejes pasar esta oportunidad! ",0,1,Finques Gironés,4,2002.0,1,0,1,0,0,1,1,1,3,3,28,1,0,0,0,0,0,0,0,1,0,0,0,2247.0588235294117,1.0,5,Cala Sant Francesc - Santa Cristina
106218771,https://www.idealista.com/inmueble/106218771/,Casa o chalet independiente en venta en Cala Sant Francesc - Santa Cristina,955000,425,4,carrer de la cala,41.68057478687336,2.8062159481904767,2025-03-20," ¡Descubre el hogar de tus sueños en esta impresionante casa independiente de 425 m²! Situada en una parcela de 1.000 m², esta joya arquitectónica construida en 2002 combina elegancia y funcionalidad. Con 4 amplios dormitorios con acabados de calidad, uno de ellos con un espectacular vestidor, y 4 baños, ofrece espacio y comodidad para toda la familia. La cocina con zona de office y el comedor son perfectos para disfrutar de momentos inolvidables, mientras que la terraza con porche y comedor de verano te invita a relajarte al aire libre. La propiedad cuenta con un garaje con capacidad para 6 coches, ideal para los amantes del motor. Además, podrás disfrutar de una piscina climatizada durante todo el año. Los armarios empotrados y el trastero proporcionan un almacenamiento adicional, manteniendo el orden en el hogar. Con calefacción centralizada, esta casa es una oportunidad única para vivir en un entorno privilegiado. ¡No dejes pasar esta oportunidad! ",0,1,Finques Gironés,4,2002.0,1,0,1,0,0,1,1,1,3,3,28,1,0,0,0,0,0,0,0,1,0,0,0,2247.0588235294117,1.0,5,Cala Sant Francesc - Santa Cristina
93390529,https://www.idealista.com/inmueble/93390529/,Casa o chalet independiente en venta en Cala Sant Francesc - Santa Cristina,1378000,297,5,carrer de la cala,41.68057478687336,2.8062159481904767,2025-01-27," Fantástica casa con vistas panorámicas al mar con Licencia Turística en Cala Sant Francesc! La casa tiene parcela de 997m2, 5  habitaciónes con vistas al mar, 5 baños completos, salón- comedor amplio con salida a terraza soleada de 190 m2 con la iluminación exterior. En la zona exterior se encuentra una piscina infinity, apartamento con entrada independiente con 2 habitaciónes dobles, baño con ducha. La exclusiva urbanización tiene vigilancia todo el año, zona comunitaria con pistas de tenis, restaurante, bar, piscina y un parking para los vecinos de la urbanización cerca de la playa! Grande parking cerrado para 2 coches con la puerta automática, trastero. También hay espacio para aparcar 2 o 3 coches. En la primera planta se encuentra habitación doble en suite, salón- comedor amplio con chimenea y vistas al mar, habitación principal con salida a terraza y baño completo con ducha y bañera. En la segunda planta se encuentra el salón-comedor con salida a terraza, cocina independiente totalmente equipada con un lavadero, habitación doble con salida a la terraza, baño completo. Para entrar a vivir! Al lado de los famosos jardines Botánicos! Muy buena inversión con alta rentabilidad! LICENCIA TURÍSTICA en vigor! Muy buena inversión. Melionor 2007 S. L tiene más de 17 años de experiencia en la administración de la compra, la venta y el alquiler de su vivienda. Realizamos la tasación GRATIS SIN COMPROMISO. Gestión de la Cédula de habitabilidad, del Certificado energético, reformas, alquileres turísticos. Melionor 2007 le asesorará en todo proceso de compra-venta cómo hipotecas, reformas, gestión de alquileres turísticos. En cumplimiento de la ley 3/2017 del 15 de febrero de 2017 de 15 de febrero, del libro sexto del Código Civil de Cataluña, relativo a las obligaciones y los contratos, se informa a  clientes que los gastos notariales, registrales e impuestos que le sean de aplicación y otros gastos inherentes a la compraventa no están incluidos en el precio. ",0,1,Inmo Melionor,5,2001.0,1,0,1,0,0,1,1,1,1,0,80,1,0,0,0,0,0,0,0,1,0,0,0,4639.73063973064,1.0,5,Cala Sant Francesc - Santa Cristina
107910061,https://www.idealista.com/inmueble/107910061/,Piso en venta en Semicentre,189000,81,3,"carrer anselm clavé,62",41.677296,2.7873864,2025-04-16," ABSTENERSE AGENCIAS.   Tu nuevo hogar en la puerta de la Costa Brava te espera  Te presentamos este luminoso piso en buen estado, situado en una finca con ascensor construida en 1997, cuidada y con todas las comodidades para entrar a vivir.  Consta de 3 habitaciones, 2 baños completos, una cocina totalmente equipada y un balcón amplio donde podrás colocar una mesita con dos sillas y disfrutar del aire libre, ya sea con un café por la mañana o una copa al atardecer.  Las estancias son espaciosas y bien distribuidas, ideales para familias, parejas o quienes buscan un hogar cómodo y funcional.  Además, está muy bien comunicado, y se encuentra cerca de zonas verdes, colegios y todos los servicios necesarios para tu día a día.  Ubicado en una zona estratégica conocida como la puerta de la Costa Brava, desde aquí tendrás fácil acceso tanto a la ciudad como a las mejores playas y paisajes de la región.  Una oportunidad ideal para quienes buscan calidad de vida, buena ubicación y un piso listo para disfrutar desde el primer día.  ¡Contáctame y ven a visitarlo! Tu próximo hogar te está esperando. El precio indicado no incluye gastos hipotecarios ni notariales.  ABSTENERSE AGENCIAS. ",0,1,particular_Isabel,2,1997.0,1,0,0,1,0,0,0,1,4,2,1,0,0,0,0,0,0,1,0,0,0,0,1,2333.3333333333335,1.5,3,Semicentre
100802248,https://www.idealista.com/inmueble/100802248/,Ático en venta en Centre,339000,80,3,carrer ample,41.67454693196272,2.791958077322335,2025-04-10," Quieres un ático reformado con terraza de 50m2 soleada en el centro de Blanes en primera linea de mar?   este es el tuyo! Ubicado en una zona inmejorable en segunda linea de mar. Un piso coqueto y acogedor con 80 m2 distribuidos en 3 habitaciones, 2 con vistas al mar y 1 baño completo. Gran terraza de 50m2 soleada con una piscinita tipo jacuzzi y una caseta para la lavadora y trastero.   Completamente amueblado  y equipado con todos los electrodomésticos. Cuenta con calefacción por bomba de calor. cuenta con acceso directo desde el ascensor y puerta blindada antibalas de acceso entre medio. La comodidad de vivir en el centro a un paso de todo y junto el mar. Entrada ascensor directo comedor. Listo para entrar a vivir. Dispone de alarma y puerta blindada. Corre que vuela! ",0,1,LA LLAVE,1,1985.5,1,0,0,1,0,0,0,1,4,3,7,0,1,0,0,0,0,0,0,0,0,0,1,4237.5,3.0,3,Centre
106164451,https://www.idealista.com/inmueble/106164451/,Piso en venta en Els Pavos,339000,134,4,"carrer provença,4",41.67561905639978,2.781819036155578,2024-11-07," 100% HIPOTECA DE LA VIVIENDA  Habitat grup ref: HGG-241012-P Este fantástico piso en la zona de Can Borell, Blanes, ofrece todo lo que necesitas para vivir con total comodidad y espacio. Ubicado en un recinto que cuenta con una piscina comunitaria, es el lugar ideal para relajarse y disfrutar de agradables momentos en familia o con amigos. La vivienda cuenta con un luminoso salón-comedor con acceso directo a un balcón que ofrece vistas despejadas, perfectas para desconectar después de un largo día. Su cocina-office es amplia y práctica, con una zona independiente de lavadero que facilita las tareas diarias. El piso dispone de tres habitaciones dobles muy confortables y una habitación individual, todas con un diseño que asegura el máximo confort. Además, incluye dos baños completos que cubren las necesidades de toda la familia. En el precio se incluye una plaza de parking y un trastero, lo que añade un extra de comodidad para el almacenamiento y el aparcamiento seguro de tu vehículo. Situado en una excelente zona, cerca de todos los servicios esenciales como supermercados, colegios y zonas de ocio, este piso representa una oportunidad única para aquellos que buscan un nuevo hogar en Blanes. ¡Ven a visitarlo y descubre todo lo que esta propiedad puede ofrecerte! [IW]. ",0,1,Habitat Grup Real Estate,2,1997.0,1,0,1,1,0,0,1,0,11,3,161,0,0,1,0,0,0,0,0,0,0,0,1,2529.8507462686566,2.0,4,Els Pavos
